street,formula,pot_type,board_family,mv_cat,dv_cat,bet_size,n,n_huge,mean_loss,huge_loss,acc%,modal_fold%,modal_call%,modal_raise%
flop,v8a,Cash100,low_dry,no_made_hand,twocards_bdfd,—,108,33,0.975,1.992,7.4,88.9,7.4,3.7
flop,v8a,Cash100,dry_high,no_made_hand,twocards_bdfd,—,452,79,0.35,1.369,20.1,77.9,20.1,2.0
flop,v8a,Cash100,low_dry,king_high,twocards_bdfd,—,64,22,0.657,1.312,32.8,65.6,32.8,1.6
flop,v8a,Cash100,dry_high,no_made_hand,onecard_bdfd,—,102,12,0.165,1.296,50.0,31.4,50.0,18.6
flop,v8a,Cash100,dry_high,king_high,twocards_bdfd,—,136,28,0.25,1.047,41.9,55.1,41.9,2.9
flop,v8a,Cash100,dynamic,low_pair,no_draw,—,72,6,0.267,1.029,0.0,100.0,0.0,0.0
flop,v9b,Cash100,dynamic,low_pair,no_draw,—,72,6,0.267,1.029,0.0,100.0,0.0,0.0
flop,v8a,Cash100,dry_high,king_high,onecard_bdfd,—,78,10,0.136,0.943,70.5,24.4,70.5,5.1
flop,v8a,Cash100,low_dry,ace_high,onecard_bdfd,—,60,9,0.176,0.911,58.3,35.0,58.3,6.7
flop,v8a,Cash100,low_dry,no_made_hand,gutshot,—,73,6,0.131,0.863,45.2,38.4,45.2,16.4
flop,v8a,Cash100,dry_high,ace_high,onecard_bdfd,—,150,18,0.159,0.763,48.0,34.7,48.0,17.3
flop,v8a,Cash100,dry_high,ace_high,twocards_bdfd,—,124,9,0.115,0.739,54.0,37.9,54.0,8.1
flop,v9b,Cash100,dry_high,no_made_hand,gutshot,—,284,17,0.896,0.62,7.7,7.7,61.6,30.6
flop,v8a,Cash100,dry_high,set,no_draw,—,60,22,0.26,0.611,36.7,0.0,36.7,63.3
flop,v9b,Cash100,dry_high,set,no_draw,—,60,22,0.26,0.611,36.7,0.0,36.7,63.3
flop,v8a,Cash100,dry_high,third_pair,no_draw,—,273,60,0.593,0.546,11.7,11.7,83.2,5.1
flop,v9b,Cash100,dry_high,third_pair,no_draw,—,273,60,0.593,0.546,11.7,11.7,83.2,5.1
river,v14,Cash100,dry_high,fullhouse,no_draw,overbet,86,83,7.825,8.094,3.5,0.0,3.5,96.5
river,v14,Cash100,monotone,top_pair,no_draw,allin,108,87,6.106,7.541,5.6,94.4,5.6,0.0
river,v14,Cash100,dynamic,fullhouse,no_draw,overbet,56,56,4.587,4.587,50.0,0.0,50.0,50.0
river,v15,Cash100,dynamic,fullhouse,no_draw,overbet,56,56,2.603,2.603,50.0,0.0,50.0,50.0
river,v14,Cash100,dynamic,top_pair,no_draw,allin,270,214,1.811,2.278,50.4,63.0,37.0,0.0
river,v14,Cash100,dynamic,straight,no_draw,overbet,1030,779,1.097,1.401,64.3,21.3,64.3,14.5
river,v15,Cash100,dynamic,straight,no_draw,overbet,1030,779,1.01,1.325,77.2,21.3,64.3,14.5
river,v14,Cash100,dynamic,two_pair,no_draw,med_100p,190,15,0.139,0.968,67.9,67.9,29.5,2.6
river,v15,Cash100,dynamic,two_pair,no_draw,med_100p,190,15,0.139,0.968,67.9,67.9,29.5,2.6
river,v15,Cash100,monotone,flush,no_draw,allin,64,63,0.864,0.878,81.2,1.6,98.4,0.0
river,v14,Cash100,dry_high,second_pair,no_draw,overbet,311,123,0.524,0.871,39.2,39.2,43.4,17.4
river,v15,Cash100,dry_high,second_pair,no_draw,overbet,311,123,0.524,0.871,39.2,39.2,43.4,17.4
river,v14,Cash100,dynamic,two_pair,no_draw,small_30p,81,6,0.232,0.869,0.0,0.0,100.0,0.0
river,v15,Cash100,dynamic,two_pair,no_draw,small_30p,81,6,0.232,0.869,0.0,0.0,100.0,0.0
river,v15,Cash100,dynamic,top_pair,no_draw,allin,270,214,0.655,0.789,63.0,63.0,37.0,0.0
river,v14,Cash100,dynamic,set,no_draw,allin,57,33,0.368,0.604,68.4,68.4,31.6,0.0
river,v15,Cash100,dynamic,set,no_draw,allin,57,33,0.368,0.604,68.4,68.4,31.6,0.0
river,v14,Cash100,dynamic,trips,no_draw,overbet,82,50,0.32,0.521,80.5,3.7,80.5,15.9
river,v15,Cash100,dynamic,trips,no_draw,overbet,82,50,0.249,0.358,75.6,3.7,80.5,15.9
river,v14,Cash100,dynamic,two_pair,no_draw,overbet,272,116,0.18,0.343,65.8,43.4,53.3,3.3
river,v15,Cash100,dynamic,two_pair,no_draw,overbet,272,116,0.18,0.343,65.8,43.4,53.3,3.3
turn,v10,Cash100,dynamic,second_pair,no_draw,small_33,72,22,0.483,1.567,38.9,58.3,38.9,2.8
turn,v10,Cash100,dynamic,top_pair,no_draw,small_33,60,60,0.725,0.725,40.0,60.0,40.0,0.0
turn,v10,Cash100,dry_high,ace_high,gutshot,overbet_185,126,75,0.214,0.359,79.4,79.4,20.6,0.0
turn,v10,Cash100,dynamic,second_pair,gutshot,small_33,59,18,0.104,0.336,86.4,13.6,86.4,0.0
flop,v8a,MTT100,dry_high,no_made_hand,onecard_bdfd,—,582,114,0.63,2.749,18.4,74.7,18.4,6.9
flop,v8a,MTT100,dry_high,no_made_hand,twocards_bdfd,—,704,190,0.759,2.622,21.2,61.2,21.2,17.6
flop,v8a,MTT100,low_dry,no_made_hand,twocards_bdfd,—,168,95,1.523,2.186,13.1,86.9,13.1,0.0
flop,v8a,MTT100,dynamic,low_pair,no_draw,—,72,72,1.842,1.842,0.0,100.0,0.0,0.0
flop,v9b,MTT100,dynamic,low_pair,no_draw,—,72,72,1.842,1.842,0.0,100.0,0.0,0.0
flop,v8a,MTT100,low_dry,no_made_hand,onecard_bdfd,—,150,117,1.308,1.617,4.0,96.0,4.0,0.0
flop,v8a,MTT100,low_dry,king_high,onecard_bdfd,—,96,58,1.008,1.595,25.0,74.0,25.0,1.0
flop,v8a,MTT100,dry_high,ace_high,onecard_bdfd,—,186,67,0.516,1.335,47.3,43.0,47.3,9.7
flop,v8a,MTT100,low_dry,king_high,twocards_bdfd,—,56,30,0.715,1.086,33.9,66.1,33.9,0.0
flop,v8a,MTT100,dynamic,no_made_hand,oesd,—,328,48,0.211,1.056,29.9,51.2,29.9,18.9
flop,v9b,MTT100,dynamic,no_made_hand,oesd,—,328,48,0.211,1.056,29.9,51.2,29.9,18.9
flop,v8a,MTT100,dry_high,set,no_draw,—,60,22,0.486,1.038,8.3,0.0,8.3,91.7
flop,v9b,MTT100,dry_high,set,no_draw,—,60,22,0.486,1.038,8.3,0.0,8.3,91.7
flop,v8a,MTT100,dry_high,ace_high,twocards_bdfd,—,112,35,0.338,1.031,54.5,38.4,54.5,7.1
flop,v8a,MTT100,dry_high,king_high,onecard_bdfd,—,204,58,0.338,1.014,53.4,42.6,53.4,3.9
flop,v9b,MTT100,low_dry,ace_high,gutshot,—,62,11,1.219,1.014,12.9,12.9,87.1,0.0
flop,v8a,MTT100,dry_high,third_pair,no_draw,—,681,121,1.004,0.948,22.5,22.5,73.0,4.6
flop,v9b,MTT100,dry_high,third_pair,no_draw,—,681,121,1.004,0.948,22.5,22.5,73.0,4.6
flop,v8a,MTT100,dynamic,ace_high,oesd,—,60,13,0.292,0.89,55.0,43.3,55.0,1.7
flop,v9b,MTT100,dynamic,ace_high,oesd,—,60,13,0.292,0.89,55.0,43.3,55.0,1.7
flop,v8a,MTT100,low_dry,ace_high,onecard_bdfd,—,72,42,0.579,0.861,41.7,58.3,41.7,0.0
flop,v8a,MTT100,dynamic_2tone,king_high,oesd,—,60,8,0.139,0.828,56.7,21.7,56.7,21.7
flop,v9b,MTT100,dynamic_2tone,king_high,oesd,—,60,8,0.139,0.828,56.7,21.7,56.7,21.7
flop,v8a,MTT100,dynamic,third_pair,no_draw,—,100,80,0.728,0.827,0.0,100.0,0.0,0.0
flop,v9b,MTT100,dynamic,third_pair,no_draw,—,100,80,0.728,0.827,0.0,100.0,0.0,0.0
flop,v8a,MTT100,low_dry,no_made_hand,gutshot,—,183,65,0.338,0.824,42.1,47.5,42.1,10.4
flop,v8a,MTT100,dynamic,third_pair,gutshot,—,63,20,0.325,0.799,52.4,47.6,52.4,0.0
flop,v9b,MTT100,dynamic,third_pair,gutshot,—,63,20,0.325,0.799,52.4,47.6,52.4,0.0
flop,v8a,MTT100,dry_high,two_pair,no_draw,—,196,22,0.162,0.765,30.1,0.0,30.1,69.9
flop,v9b,MTT100,dry_high,two_pair,no_draw,—,196,22,0.162,0.765,30.1,0.0,30.1,69.9
flop,v8a,MTT100,dry_high,no_made_hand,gutshot,—,603,64,0.122,0.759,44.9,29.5,44.9,25.5
flop,v8a,MTT100,dynamic_2tone,no_made_hand,oesd,—,297,32,0.168,0.746,31.0,46.8,31.0,22.2
flop,v9b,MTT100,dynamic_2tone,no_made_hand,oesd,—,297,32,0.168,0.746,31.0,46.8,31.0,22.2
flop,v8a,MTT100,dynamic,king_high,oesd,—,64,26,0.299,0.724,40.6,40.6,40.6,18.8
flop,v9b,MTT100,dynamic,king_high,oesd,—,64,26,0.299,0.724,40.6,40.6,40.6,18.8
flop,v8a,MTT100,dry_high,king_high,twocards_bdfd,—,124,40,0.24,0.705,71.0,21.0,71.0,8.1
flop,v8a,MTT100,dynamic_2tone,second_pair,no_draw,—,82,62,0.513,0.679,24.4,75.6,24.4,0.0
flop,v9b,MTT100,dynamic_2tone,second_pair,no_draw,—,82,62,0.513,0.679,24.4,75.6,24.4,0.0
flop,v8a,MTT100,dynamic,second_pair,gutshot,—,60,10,0.116,0.643,81.7,18.3,81.7,0.0
flop,v9b,MTT100,dynamic,second_pair,gutshot,—,60,10,0.116,0.643,81.7,18.3,81.7,0.0
flop,v8a,MTT100,dynamic_2tone,ace_high,oesd,—,57,9,0.114,0.617,75.4,19.3,75.4,5.3
flop,v9b,MTT100,dynamic_2tone,ace_high,oesd,—,57,9,0.114,0.617,75.4,19.3,75.4,5.3
flop,v8a,MTT100,dynamic_2tone,third_pair,gutshot,—,63,25,0.224,0.507,68.3,30.2,68.3,1.6
flop,v9b,MTT100,dynamic_2tone,third_pair,gutshot,—,63,25,0.224,0.507,68.3,30.2,68.3,1.6
flop,v9b,MTT100,dry_high,king_high,twocards_bdfd,—,124,40,0.334,0.39,21.0,21.0,71.0,8.1
flop,v9b,MTT100,dry_high,king_high,onecard_bdfd,—,204,58,0.269,0.354,42.6,42.6,53.4,3.9
flop,v8a,MTT25,dry_high,third_pair,no_draw,—,1251,8,1.778,2.091,0.0,0.0,93.4,6.6
flop,v8a,MTT25,dynamic_2tone,third_pair,no_draw,—,152,64,0.655,1.465,50.0,50.0,50.0,0.0
flop,v8a,MTT25,dry_high,low_pair,no_draw,—,90,33,0.99,1.284,10.0,10.0,90.0,0.0
flop,v9b,MTT25,dynamic_2tone,third_pair,no_draw,—,152,64,0.97,1.116,0.0,50.0,50.0,0.0
flop,v8a,MTT25,low_dry,no_made_hand,onecard_bdfd,—,252,80,0.481,1.085,17.5,64.3,17.5,18.3
flop,v9b,MTT25,low_dry,no_made_hand,onecard_bdfd,—,252,80,0.481,1.085,17.5,64.3,17.5,18.3
flop,v8a,MTT25,low_dry,no_made_hand,twocards_bdfd,—,168,34,0.306,0.929,27.4,47.0,27.4,25.6
flop,v9b,MTT25,low_dry,no_made_hand,twocards_bdfd,—,168,34,0.306,0.929,27.4,47.0,27.4,25.6
flop,v8a,MTT25,dry_high,no_made_hand,onecard_bdfd,—,1056,66,0.096,0.901,48.8,29.0,48.8,22.3
flop,v9b,MTT25,dry_high,no_made_hand,onecard_bdfd,—,1056,66,0.096,0.901,48.8,29.0,48.8,22.3
flop,v8a,MTT25,dynamic,low_pair,no_draw,—,72,30,0.342,0.822,58.3,41.7,58.3,0.0
flop,v9b,MTT25,dynamic,low_pair,no_draw,—,72,30,0.342,0.822,58.3,41.7,58.3,0.0
flop,v8a,MTT25,dry_high,no_made_hand,twocards_bdfd,—,704,23,0.054,0.74,54.0,13.1,54.0,33.0
flop,v9b,MTT25,dry_high,no_made_hand,twocards_bdfd,—,704,23,0.054,0.74,54.0,13.1,54.0,33.0
flop,v8a,MTT25,dynamic,top_pair,oesd,—,60,12,0.285,0.735,18.3,0.0,18.3,81.7
flop,v9b,MTT25,dynamic,top_pair,oesd,—,60,12,0.285,0.735,18.3,0.0,18.3,81.7
flop,v8a,MTT25,low_dry,king_high,onecard_bdfd,—,96,9,0.113,0.671,52.1,31.2,52.1,16.7
flop,v9b,MTT25,low_dry,king_high,onecard_bdfd,—,96,9,0.113,0.671,52.1,31.2,52.1,16.7
flop,v8a,MTT25,low_dry,top_pair,no_draw,—,360,36,0.145,0.639,23.9,0.0,23.9,76.1
flop,v9b,MTT25,low_dry,top_pair,no_draw,—,360,36,0.145,0.639,23.9,0.0,23.9,76.1
flop,v8a,MTT25,dynamic_2tone,top_pair,oesd,—,60,11,0.225,0.611,20.0,0.0,20.0,80.0
flop,v9b,MTT25,dynamic_2tone,top_pair,oesd,—,60,11,0.225,0.611,20.0,0.0,20.0,80.0
flop,v8a,MTT25,dynamic_2tone,top_pair,gutshot,—,72,11,0.164,0.59,9.7,0.0,9.7,90.3
flop,v9b,MTT25,dynamic_2tone,top_pair,gutshot,—,72,11,0.164,0.59,9.7,0.0,9.7,90.3
flop,v8a,MTT25,dynamic,top_pair,gutshot,—,72,12,0.173,0.587,5.6,0.0,5.6,94.4
flop,v9b,MTT25,dynamic,top_pair,gutshot,—,72,12,0.173,0.587,5.6,0.0,5.6,94.4
flop,v8a,MTT25,dynamic,top_pair,no_draw,—,190,13,0.069,0.575,77.4,0.0,77.4,22.6
flop,v9b,MTT25,dynamic,top_pair,no_draw,—,190,13,0.069,0.575,77.4,0.0,77.4,22.6
flop,v9b,MTT25,dry_high,low_pair,no_draw,—,90,33,0.48,0.566,0.0,10.0,90.0,0.0
flop,v8a,MTT25,dynamic_2tone,no_made_hand,oesd,—,465,8,0.033,0.554,71.4,14.2,71.4,14.4
flop,v8a,MTT25,dynamic_2tone,top_pair,no_draw,—,152,6,0.039,0.554,88.2,0.0,88.2,11.8
flop,v9b,MTT25,dynamic_2tone,no_made_hand,oesd,—,465,8,0.033,0.554,71.4,14.2,71.4,14.4
flop,v9b,MTT25,dynamic_2tone,top_pair,no_draw,—,152,6,0.039,0.554,88.2,0.0,88.2,11.8
flop,v9b,MTT25,dry_high,third_pair,no_draw,—,1251,8,0.112,0.517,6.6,0.0,93.4,6.6
flop,v8a,MTT50,dry_high,third_pair,no_draw,—,1251,68,1.774,2.063,0.2,0.2,91.8,8.0
flop,v8a,MTT50,low_dry,no_made_hand,onecard_bdfd,—,252,104,0.701,1.569,23.8,62.7,23.8,13.5
flop,v9b,MTT50,low_dry,no_made_hand,onecard_bdfd,—,252,104,0.701,1.569,23.8,62.7,23.8,13.5
flop,v8a,MTT50,low_dry,no_made_hand,twocards_bdfd,—,168,69,0.646,1.361,23.2,63.1,23.2,13.7
flop,v9b,MTT50,low_dry,no_made_hand,twocards_bdfd,—,168,69,0.646,1.361,23.2,63.1,23.2,13.7
flop,v8a,MTT50,dry_high,no_made_hand,twocards_bdfd,—,704,45,0.098,1.109,62.1,21.4,62.1,16.5
flop,v9b,MTT50,dry_high,no_made_hand,twocards_bdfd,—,704,45,0.098,1.109,62.1,21.4,62.1,16.5
flop,v8a,MTT50,dynamic,low_pair,no_draw,—,72,66,1.0,1.047,0.0,100.0,0.0,0.0
flop,v9b,MTT50,dynamic,low_pair,no_draw,—,72,66,1.0,1.047,0.0,100.0,0.0,0.0
flop,v8a,MTT50,low_dry,king_high,onecard_bdfd,—,96,16,0.226,1.013,57.3,34.4,57.3,8.3
flop,v9b,MTT50,low_dry,king_high,onecard_bdfd,—,96,16,0.226,1.013,57.3,34.4,57.3,8.3
flop,v8a,MTT50,dry_high,low_pair,no_draw,—,90,67,0.935,0.979,6.7,6.7,93.3,0.0
flop,v8a,MTT50,dynamic,no_made_hand,oesd,—,496,13,0.08,0.877,69.0,20.6,69.0,10.5
flop,v9b,MTT50,dynamic,no_made_hand,oesd,—,496,13,0.08,0.877,69.0,20.6,69.0,10.5
flop,v8a,MTT50,low_dry,ace_high,onecard_bdfd,—,96,9,0.118,0.87,75.0,21.9,75.0,3.1
flop,v9b,MTT50,low_dry,ace_high,onecard_bdfd,—,96,9,0.118,0.87,75.0,21.9,75.0,3.1
flop,v8a,MTT50,low_dry,top_pair,no_draw,—,360,10,0.054,0.806,71.4,0.0,71.4,28.6
flop,v9b,MTT50,low_dry,top_pair,no_draw,—,360,10,0.054,0.806,71.4,0.0,71.4,28.6
flop,v9b,MTT50,dry_high,low_pair,no_draw,—,90,67,0.663,0.78,0.0,6.7,93.3,0.0
flop,v9b,MTT50,dry_high,third_pair,no_draw,—,1251,68,0.111,0.754,8.0,0.2,91.8,8.0
flop,v8a,MTT50,dynamic,third_pair,no_draw,—,190,10,0.124,0.746,21.1,78.9,21.1,0.0
flop,v9b,MTT50,dynamic,third_pair,no_draw,—,190,10,0.124,0.746,21.1,78.9,21.1,0.0
flop,v8a,MTT50,low_dry,king_high,twocards_bdfd,—,64,9,0.134,0.676,68.8,31.2,68.8,0.0
flop,v9b,MTT50,low_dry,king_high,twocards_bdfd,—,64,9,0.134,0.676,68.8,31.2,68.8,0.0
flop,v8a,MTT50,dynamic,second_pair,no_draw,—,190,10,0.055,0.639,66.3,27.9,66.3,5.8
flop,v9b,MTT50,dynamic,second_pair,no_draw,—,190,10,0.055,0.639,66.3,27.9,66.3,5.8
flop,v8a,MTT50,dynamic_2tone,no_made_hand,oesd,—,465,30,0.065,0.635,69.5,15.9,69.5,14.6
flop,v9b,MTT50,dynamic_2tone,no_made_hand,oesd,—,465,30,0.065,0.635,69.5,15.9,69.5,14.6
flop,v8a,MTT50,dry_high,no_made_hand,onecard_bdfd,—,1056,53,0.113,0.542,39.1,51.7,39.1,9.2
flop,v9b,MTT50,dry_high,no_made_hand,onecard_bdfd,—,1056,53,0.113,0.542,39.1,51.7,39.1,9.2
river,v14,MTT50,dynamic,two_pair,no_draw,allin,124,88,14.311,20.109,33.9,33.9,66.1,0.0
river,v14,MTT50,dynamic,straight,no_draw,med_100p,393,181,0.745,1.55,59.3,0.0,59.3,40.7
river,v15,MTT50,dynamic,straight,no_draw,med_100p,393,181,0.745,1.55,59.3,0.0,59.3,40.7
river,v14,MTT50,dynamic,second_pair,no_draw,med_100p,263,126,0.504,0.886,34.2,34.2,65.8,0.0
river,v15,MTT50,dynamic,second_pair,no_draw,med_100p,263,126,0.504,0.886,34.2,34.2,65.8,0.0
river,v14,MTT50,dry_high,second_pair,no_draw,allin,542,337,0.474,0.719,52.0,52.0,48.0,0.0
river,v15,MTT50,dry_high,second_pair,no_draw,allin,542,337,0.474,0.719,52.0,52.0,48.0,0.0
river,v15,MTT50,dynamic,top_pair,no_draw,allin,156,106,0.46,0.649,61.5,61.5,38.5,0.0
river,v14,MTT50,dynamic,straight,no_draw,allin,345,328,0.502,0.525,73.9,14.8,85.2,0.0
river,v15,MTT50,dynamic,straight,no_draw,allin,345,328,0.502,0.525,73.9,14.8,85.2,0.0
river,v14,MTT50,dry_high,low_pair,no_draw,allin,537,289,0.334,0.507,51.8,51.8,48.2,0.0
river,v15,MTT50,dry_high,low_pair,no_draw,allin,537,289,0.334,0.507,51.8,51.8,48.2,0.0
river,v14,MTT50,dry_high,top_pair,no_draw,allin,228,175,0.386,0.468,59.2,59.2,40.8,0.0
river,v15,MTT50,dry_high,top_pair,no_draw,allin,228,175,0.386,0.468,59.2,59.2,40.8,0.0
river,v14,MTT50,dry_high,third_pair,no_draw,med_100p,111,50,0.252,0.432,57.7,57.7,10.8,31.5
river,v15,MTT50,dry_high,third_pair,no_draw,med_100p,111,50,0.252,0.432,57.7,57.7,10.8,31.5
river,v14,MTT50,dynamic,top_pair,no_draw,allin,156,106,0.318,0.421,53.8,61.5,38.5,0.0
river,v14,MTT50,dynamic,two_pair,no_draw,med_100p,69,12,0.181,0.412,60.9,60.9,39.1,0.0
river,v15,MTT50,dynamic,two_pair,no_draw,med_100p,69,12,0.181,0.412,60.9,60.9,39.1,0.0
turn,v10,MTT50,dynamic,low_pair,oesd,other,78,15,1.02,1.905,42.3,42.3,57.7,0.0
turn,v10,MTT50,dynamic,straight,no_draw,other,476,48,0.168,1.405,63.9,0.0,63.9,36.1
turn,v10,MTT50,dry_high,no_made_hand,oesd,other,271,78,0.64,1.321,11.4,46.5,11.4,42.1
turn,v10,MTT50,dry_high,set,no_draw,other,63,28,0.626,1.141,3.2,0.0,3.2,96.8
turn,v10,MTT50,dry_high,no_made_hand,flush_draw,other,280,47,0.606,1.026,15.7,53.2,15.7,31.1
turn,v10,MTT50,dynamic,third_pair,gutshot,other,107,72,1.215,0.803,33.6,33.6,66.4,0.0
turn,v10,MTT50,dry_high,no_made_hand,combo_draw,other,65,16,0.236,0.702,44.6,0.0,44.6,55.4
turn,v10,MTT50,dry_high,third_pair,no_draw,other,1476,286,0.181,0.679,61.7,61.7,36.9,1.4
turn,v10,MTT50,dynamic,two_pair,no_draw,other,159,23,0.078,0.467,81.8,0.0,81.8,18.2
flop,v8a,other,dry_high,no_made_hand,twocards_bdfd,—,167,53,0.948,2.724,10.2,86.2,10.2,3.6
flop,v8a,other,dry_high,king_high,twocards_bdfd,—,52,7,0.239,1.419,30.8,51.9,30.8,17.3
flop,v8a,other,dry_high,ace_high,twocards_bdfd,—,77,7,0.103,0.912,42.9,29.9,42.9,27.3
flop,v8a,other,dry_high,second_pair,no_draw,—,66,6,0.195,0.552,31.8,53.0,31.8,15.2
flop,v9b,other,dry_high,second_pair,no_draw,—,66,6,0.195,0.552,31.8,53.0,31.8,15.2
