id,topic,gametype,depth,stacks,preflop_actions,flop_actions,turn_actions,river_actions,board,ctx,board_family,opener,caller,note
D0001,design_flop_cbet_attack,MTT6mSimple,200.125,200.125-200.125-200.125-200.125-200.125-200.125,F-F-F-R2.5-F-C,,,,Ks7d2c,flop_cbet_attack,dry_high,BTN,BB,flop_cbet_attack dry_high BTNvBB
D0002,design_flop_cbet_attack,MTT6mSimple,200.125,200.125-200.125-200.125-200.125-200.125-200.125,F-F-F-R2.5-F-C,,,,Qh8d3s,flop_cbet_attack,dry_high,BTN,BB,flop_cbet_attack dry_high BTNvBB
D0003,design_flop_cbet_attack,MTT6mSimple,200.125,200.125-200.125-200.125-200.125-200.125-200.125,F-F-F-R2.5-F-C,,,,Js5c2h,flop_cbet_attack,dry_high,BTN,BB,flop_cbet_attack dry_high BTNvBB
D0004,design_flop_cbet_attack,MTT6mSimple,200.125,200.125-200.125-200.125-200.125-200.125-200.125,F-F-F-R2.5-F-C,,,,Ts9d7c,flop_cbet_attack,dynamic,BTN,BB,flop_cbet_attack dynamic BTNvBB
D0005,design_flop_cbet_attack,MTT6mSimple,200.125,200.125-200.125-200.125-200.125-200.125-200.125,F-F-F-R2.5-F-C,,,,9h8d6c,flop_cbet_attack,dynamic,BTN,BB,flop_cbet_attack dynamic BTNvBB
D0006,design_flop_cbet_attack,MTT6mSimple,200.125,200.125-200.125-200.125-200.125-200.125-200.125,F-F-F-R2.5-F-C,,,,8c7d5s,flop_cbet_attack,dynamic,BTN,BB,flop_cbet_attack dynamic BTNvBB
D0007,design_flop_cbet_attack,MTT6mSimple,200.125,200.125-200.125-200.125-200.125-200.125-200.125,F-F-F-R2.5-F-C,,,,Ts9s8d,flop_cbet_attack,dynamic_2tone,BTN,BB,flop_cbet_attack dynamic_2tone BTNvBB
D0008,design_flop_cbet_attack,MTT6mSimple,200.125,200.125-200.125-200.125-200.125-200.125-200.125,F-F-F-R2.5-F-C,,,,9s8s6d,flop_cbet_attack,dynamic_2tone,BTN,BB,flop_cbet_attack dynamic_2tone BTNvBB
D0009,design_flop_cbet_attack,MTT6mSimple,200.125,200.125-200.125-200.125-200.125-200.125-200.125,F-F-F-R2.5-F-C,,,,7s6s5d,flop_cbet_attack,dynamic_2tone,BTN,BB,flop_cbet_attack dynamic_2tone BTNvBB
D0010,design_flop_cbet_attack,MTT6mSimple,200.125,200.125-200.125-200.125-200.125-200.125-200.125,F-F-F-R2.5-F-C,,,,8s5h2c,flop_cbet_attack,low_dry,BTN,BB,flop_cbet_attack low_dry BTNvBB
D0011,design_flop_cbet_attack,MTT6mSimple,200.125,200.125-200.125-200.125-200.125-200.125-200.125,F-F-F-R2.5-F-C,,,,9c6d4s,flop_cbet_attack,low_dry,BTN,BB,flop_cbet_attack low_dry BTNvBB
D0012,design_flop_cbet_attack,MTT6mSimple,200.125,200.125-200.125-200.125-200.125-200.125-200.125,F-F-F-R2.5-F-C,,,,7h4d2c,flop_cbet_attack,low_dry,BTN,BB,flop_cbet_attack low_dry BTNvBB
D0013,design_flop_cbet_attack,MTT6mSimple,200.125,200.125-200.125-200.125-200.125-200.125-200.125,F-F-F-R2.5-F-C,,,,KsQsJs,flop_cbet_attack,monotone,BTN,BB,flop_cbet_attack monotone BTNvBB
D0014,design_flop_cbet_attack,MTT6mSimple,200.125,200.125-200.125-200.125-200.125-200.125-200.125,F-F-F-R2.5-F-C,,,,Ts8s5s,flop_cbet_attack,monotone,BTN,BB,flop_cbet_attack monotone BTNvBB
D0015,design_flop_cbet_attack,MTT6mSimple,200.125,200.125-200.125-200.125-200.125-200.125-200.125,F-F-F-R2.5-F-C,,,,9s7s4s,flop_cbet_attack,monotone,BTN,BB,flop_cbet_attack monotone BTNvBB
D0016,design_flop_cbet_attack,MTT6mSimple,200.125,200.125-200.125-200.125-200.125-200.125-200.125,F-F-F-R2.5-F-C,,,,Ks7d7c,flop_cbet_attack,paired,BTN,BB,flop_cbet_attack paired BTNvBB
D0017,design_flop_cbet_attack,MTT6mSimple,200.125,200.125-200.125-200.125-200.125-200.125-200.125,F-F-F-R2.5-F-C,,,,Th7s7d,flop_cbet_attack,paired,BTN,BB,flop_cbet_attack paired BTNvBB
D0018,design_flop_cbet_attack,MTT6mSimple,200.125,200.125-200.125-200.125-200.125-200.125-200.125,F-F-F-R2.5-F-C,,,,9s9d4c,flop_cbet_attack,paired,BTN,BB,flop_cbet_attack paired BTNvBB
D0019,design_flop_cbet_attack,MTT6mSimple,200.125,200.125-200.125-200.125-200.125-200.125-200.125,F-F-F-R2.5-F-C,,,,KsKd2c,flop_cbet_attack,paired,BTN,BB,flop_cbet_attack paired BTNvBB
D0020,design_flop_cbet_defense,MTT6mSimple,200.125,200.125-200.125-200.125-200.125-200.125-200.125,F-F-F-R2.5-F-C,X-R2.1,,,Ks7d2c,flop_cbet_defense,dry_high,BTN,BB,flop_cbet_defense dry_high BTNvBB
D0021,design_flop_cbet_defense,MTT6mSimple,200.125,200.125-200.125-200.125-200.125-200.125-200.125,F-F-F-R2.5-F-C,X-R2.1,,,Qh8d3s,flop_cbet_defense,dry_high,BTN,BB,flop_cbet_defense dry_high BTNvBB
D0022,design_flop_cbet_defense,MTT6mSimple,200.125,200.125-200.125-200.125-200.125-200.125-200.125,F-F-F-R2.5-F-C,X-R2.1,,,Js5c2h,flop_cbet_defense,dry_high,BTN,BB,flop_cbet_defense dry_high BTNvBB
D0023,design_flop_cbet_defense,MTT6mSimple,200.125,200.125-200.125-200.125-200.125-200.125-200.125,F-F-F-R2.5-F-C,X-R2.1,,,Ts9d7c,flop_cbet_defense,dynamic,BTN,BB,flop_cbet_defense dynamic BTNvBB
D0024,design_flop_cbet_defense,MTT6mSimple,200.125,200.125-200.125-200.125-200.125-200.125-200.125,F-F-F-R2.5-F-C,X-R2.1,,,9h8d6c,flop_cbet_defense,dynamic,BTN,BB,flop_cbet_defense dynamic BTNvBB
D0025,design_flop_cbet_defense,MTT6mSimple,200.125,200.125-200.125-200.125-200.125-200.125-200.125,F-F-F-R2.5-F-C,X-R2.1,,,8c7d5s,flop_cbet_defense,dynamic,BTN,BB,flop_cbet_defense dynamic BTNvBB
D0026,design_flop_cbet_defense,MTT6mSimple,200.125,200.125-200.125-200.125-200.125-200.125-200.125,F-F-F-R2.5-F-C,X-R2.1,,,Ts9s8d,flop_cbet_defense,dynamic_2tone,BTN,BB,flop_cbet_defense dynamic_2tone BTNvBB
D0027,design_flop_cbet_defense,MTT6mSimple,200.125,200.125-200.125-200.125-200.125-200.125-200.125,F-F-F-R2.5-F-C,X-R2.1,,,9s8s6d,flop_cbet_defense,dynamic_2tone,BTN,BB,flop_cbet_defense dynamic_2tone BTNvBB
D0028,design_flop_cbet_defense,MTT6mSimple,200.125,200.125-200.125-200.125-200.125-200.125-200.125,F-F-F-R2.5-F-C,X-R2.1,,,7s6s5d,flop_cbet_defense,dynamic_2tone,BTN,BB,flop_cbet_defense dynamic_2tone BTNvBB
D0029,design_flop_cbet_defense,MTT6mSimple,200.125,200.125-200.125-200.125-200.125-200.125-200.125,F-F-F-R2.5-F-C,X-R2.1,,,8s5h2c,flop_cbet_defense,low_dry,BTN,BB,flop_cbet_defense low_dry BTNvBB
D0030,design_flop_cbet_defense,MTT6mSimple,200.125,200.125-200.125-200.125-200.125-200.125-200.125,F-F-F-R2.5-F-C,X-R2.1,,,9c6d4s,flop_cbet_defense,low_dry,BTN,BB,flop_cbet_defense low_dry BTNvBB
D0031,design_flop_cbet_defense,MTT6mSimple,200.125,200.125-200.125-200.125-200.125-200.125-200.125,F-F-F-R2.5-F-C,X-R2.1,,,7h4d2c,flop_cbet_defense,low_dry,BTN,BB,flop_cbet_defense low_dry BTNvBB
D0032,design_flop_cbet_defense,MTT6mSimple,200.125,200.125-200.125-200.125-200.125-200.125-200.125,F-F-F-R2.5-F-C,X-R2.1,,,KsQsJs,flop_cbet_defense,monotone,BTN,BB,flop_cbet_defense monotone BTNvBB
D0033,design_flop_cbet_defense,MTT6mSimple,200.125,200.125-200.125-200.125-200.125-200.125-200.125,F-F-F-R2.5-F-C,X-R2.1,,,Ts8s5s,flop_cbet_defense,monotone,BTN,BB,flop_cbet_defense monotone BTNvBB
D0034,design_flop_cbet_defense,MTT6mSimple,200.125,200.125-200.125-200.125-200.125-200.125-200.125,F-F-F-R2.5-F-C,X-R2.1,,,9s7s4s,flop_cbet_defense,monotone,BTN,BB,flop_cbet_defense monotone BTNvBB
D0035,design_flop_cbet_defense,MTT6mSimple,200.125,200.125-200.125-200.125-200.125-200.125-200.125,F-F-F-R2.5-F-C,X-R2.1,,,Ks7d7c,flop_cbet_defense,paired,BTN,BB,flop_cbet_defense paired BTNvBB
D0036,design_flop_cbet_defense,MTT6mSimple,200.125,200.125-200.125-200.125-200.125-200.125-200.125,F-F-F-R2.5-F-C,X-R2.1,,,Th7s7d,flop_cbet_defense,paired,BTN,BB,flop_cbet_defense paired BTNvBB
D0037,design_flop_cbet_defense,MTT6mSimple,200.125,200.125-200.125-200.125-200.125-200.125-200.125,F-F-F-R2.5-F-C,X-R2.1,,,9s9d4c,flop_cbet_defense,paired,BTN,BB,flop_cbet_defense paired BTNvBB
D0038,design_flop_cbet_defense,MTT6mSimple,200.125,200.125-200.125-200.125-200.125-200.125-200.125,F-F-F-R2.5-F-C,X-R2.1,,,KsKd2c,flop_cbet_defense,paired,BTN,BB,flop_cbet_defense paired BTNvBB
D0039,design_turn_2nd_barrel,MTT6mSimple,200.125,200.125-200.125-200.125-200.125-200.125-200.125,F-F-F-R2.5-F-C,X-R2.1-C,,,Ks7d2cTh,turn_2nd_barrel,dry_high,BTN,BB,turn_2nd_barrel dry_high BTNvBB
D0040,design_turn_2nd_barrel,MTT6mSimple,200.125,200.125-200.125-200.125-200.125-200.125-200.125,F-F-F-R2.5-F-C,X-R2.1-C,,,Qh8d3sTh,turn_2nd_barrel,dry_high,BTN,BB,turn_2nd_barrel dry_high BTNvBB
D0041,design_turn_2nd_barrel,MTT6mSimple,200.125,200.125-200.125-200.125-200.125-200.125-200.125,F-F-F-R2.5-F-C,X-R2.1-C,,,Js5c2hTh,turn_2nd_barrel,dry_high,BTN,BB,turn_2nd_barrel dry_high BTNvBB
D0042,design_turn_2nd_barrel,MTT6mSimple,200.125,200.125-200.125-200.125-200.125-200.125-200.125,F-F-F-R2.5-F-C,X-R2.1-C,,,Ts9d7c2c,turn_2nd_barrel,dynamic,BTN,BB,turn_2nd_barrel dynamic BTNvBB
D0043,design_turn_2nd_barrel,MTT6mSimple,200.125,200.125-200.125-200.125-200.125-200.125-200.125,F-F-F-R2.5-F-C,X-R2.1-C,,,9h8d6c2c,turn_2nd_barrel,dynamic,BTN,BB,turn_2nd_barrel dynamic BTNvBB
D0044,design_turn_2nd_barrel,MTT6mSimple,200.125,200.125-200.125-200.125-200.125-200.125-200.125,F-F-F-R2.5-F-C,X-R2.1-C,,,8c7d5s2c,turn_2nd_barrel,dynamic,BTN,BB,turn_2nd_barrel dynamic BTNvBB
D0045,design_turn_2nd_barrel,MTT6mSimple,200.125,200.125-200.125-200.125-200.125-200.125-200.125,F-F-F-R2.5-F-C,X-R2.1-C,,,Ts9s8d2h,turn_2nd_barrel,dynamic_2tone,BTN,BB,turn_2nd_barrel dynamic_2tone BTNvBB
D0046,design_turn_2nd_barrel,MTT6mSimple,200.125,200.125-200.125-200.125-200.125-200.125-200.125,F-F-F-R2.5-F-C,X-R2.1-C,,,9s8s6d2h,turn_2nd_barrel,dynamic_2tone,BTN,BB,turn_2nd_barrel dynamic_2tone BTNvBB
D0047,design_turn_2nd_barrel,MTT6mSimple,200.125,200.125-200.125-200.125-200.125-200.125-200.125,F-F-F-R2.5-F-C,X-R2.1-C,,,7s6s5d2h,turn_2nd_barrel,dynamic_2tone,BTN,BB,turn_2nd_barrel dynamic_2tone BTNvBB
D0048,design_turn_2nd_barrel,MTT6mSimple,200.125,200.125-200.125-200.125-200.125-200.125-200.125,F-F-F-R2.5-F-C,X-R2.1-C,,,8s5h2cTd,turn_2nd_barrel,low_dry,BTN,BB,turn_2nd_barrel low_dry BTNvBB
D0049,design_turn_2nd_barrel,MTT6mSimple,200.125,200.125-200.125-200.125-200.125-200.125-200.125,F-F-F-R2.5-F-C,X-R2.1-C,,,9c6d4sTd,turn_2nd_barrel,low_dry,BTN,BB,turn_2nd_barrel low_dry BTNvBB
D0050,design_turn_2nd_barrel,MTT6mSimple,200.125,200.125-200.125-200.125-200.125-200.125-200.125,F-F-F-R2.5-F-C,X-R2.1-C,,,7h4d2cTd,turn_2nd_barrel,low_dry,BTN,BB,turn_2nd_barrel low_dry BTNvBB
D0051,design_turn_2nd_barrel,MTT6mSimple,200.125,200.125-200.125-200.125-200.125-200.125-200.125,F-F-F-R2.5-F-C,X-R2.1-C,,,KsQsJs2d,turn_2nd_barrel,monotone,BTN,BB,turn_2nd_barrel monotone BTNvBB
D0052,design_turn_2nd_barrel,MTT6mSimple,200.125,200.125-200.125-200.125-200.125-200.125-200.125,F-F-F-R2.5-F-C,X-R2.1-C,,,Ts8s5s2d,turn_2nd_barrel,monotone,BTN,BB,turn_2nd_barrel monotone BTNvBB
D0053,design_turn_2nd_barrel,MTT6mSimple,200.125,200.125-200.125-200.125-200.125-200.125-200.125,F-F-F-R2.5-F-C,X-R2.1-C,,,9s7s4s2d,turn_2nd_barrel,monotone,BTN,BB,turn_2nd_barrel monotone BTNvBB
D0054,design_turn_2nd_barrel,MTT6mSimple,200.125,200.125-200.125-200.125-200.125-200.125-200.125,F-F-F-R2.5-F-C,X-R2.1-C,,,Ks7d7cTh,turn_2nd_barrel,paired,BTN,BB,turn_2nd_barrel paired BTNvBB
D0055,design_turn_2nd_barrel,MTT6mSimple,200.125,200.125-200.125-200.125-200.125-200.125-200.125,F-F-F-R2.5-F-C,X-R2.1-C,,,Th7s7d9c,turn_2nd_barrel,paired,BTN,BB,turn_2nd_barrel paired BTNvBB
D0056,design_turn_2nd_barrel,MTT6mSimple,200.125,200.125-200.125-200.125-200.125-200.125-200.125,F-F-F-R2.5-F-C,X-R2.1-C,,,9s9d4cTh,turn_2nd_barrel,paired,BTN,BB,turn_2nd_barrel paired BTNvBB
D0057,design_turn_2nd_barrel,MTT6mSimple,200.125,200.125-200.125-200.125-200.125-200.125-200.125,F-F-F-R2.5-F-C,X-R2.1-C,,,KsKd2cTh,turn_2nd_barrel,paired,BTN,BB,turn_2nd_barrel paired BTNvBB
D0058,design_turn_2nd_defense,MTT6mSimple,200.125,200.125-200.125-200.125-200.125-200.125-200.125,F-F-F-R2.5-F-C,X-R2.1-C,X-R5.2,,Ks7d2cTh,turn_2nd_defense,dry_high,BTN,BB,turn_2nd_defense dry_high BTNvBB
D0059,design_turn_2nd_defense,MTT6mSimple,200.125,200.125-200.125-200.125-200.125-200.125-200.125,F-F-F-R2.5-F-C,X-R2.1-C,X-R5.2,,Qh8d3sTh,turn_2nd_defense,dry_high,BTN,BB,turn_2nd_defense dry_high BTNvBB
D0060,design_turn_2nd_defense,MTT6mSimple,200.125,200.125-200.125-200.125-200.125-200.125-200.125,F-F-F-R2.5-F-C,X-R2.1-C,X-R5.2,,Js5c2hTh,turn_2nd_defense,dry_high,BTN,BB,turn_2nd_defense dry_high BTNvBB
D0061,design_turn_2nd_defense,MTT6mSimple,200.125,200.125-200.125-200.125-200.125-200.125-200.125,F-F-F-R2.5-F-C,X-R2.1-C,X-R5.2,,Ts9d7c2c,turn_2nd_defense,dynamic,BTN,BB,turn_2nd_defense dynamic BTNvBB
D0062,design_turn_2nd_defense,MTT6mSimple,200.125,200.125-200.125-200.125-200.125-200.125-200.125,F-F-F-R2.5-F-C,X-R2.1-C,X-R5.2,,9h8d6c2c,turn_2nd_defense,dynamic,BTN,BB,turn_2nd_defense dynamic BTNvBB
D0063,design_turn_2nd_defense,MTT6mSimple,200.125,200.125-200.125-200.125-200.125-200.125-200.125,F-F-F-R2.5-F-C,X-R2.1-C,X-R5.2,,8c7d5s2c,turn_2nd_defense,dynamic,BTN,BB,turn_2nd_defense dynamic BTNvBB
D0064,design_turn_2nd_defense,MTT6mSimple,200.125,200.125-200.125-200.125-200.125-200.125-200.125,F-F-F-R2.5-F-C,X-R2.1-C,X-R5.2,,Ts9s8d2h,turn_2nd_defense,dynamic_2tone,BTN,BB,turn_2nd_defense dynamic_2tone BTNvBB
D0065,design_turn_2nd_defense,MTT6mSimple,200.125,200.125-200.125-200.125-200.125-200.125-200.125,F-F-F-R2.5-F-C,X-R2.1-C,X-R5.2,,9s8s6d2h,turn_2nd_defense,dynamic_2tone,BTN,BB,turn_2nd_defense dynamic_2tone BTNvBB
D0066,design_turn_2nd_defense,MTT6mSimple,200.125,200.125-200.125-200.125-200.125-200.125-200.125,F-F-F-R2.5-F-C,X-R2.1-C,X-R5.2,,7s6s5d2h,turn_2nd_defense,dynamic_2tone,BTN,BB,turn_2nd_defense dynamic_2tone BTNvBB
D0067,design_turn_2nd_defense,MTT6mSimple,200.125,200.125-200.125-200.125-200.125-200.125-200.125,F-F-F-R2.5-F-C,X-R2.1-C,X-R5.2,,8s5h2cTd,turn_2nd_defense,low_dry,BTN,BB,turn_2nd_defense low_dry BTNvBB
D0068,design_turn_2nd_defense,MTT6mSimple,200.125,200.125-200.125-200.125-200.125-200.125-200.125,F-F-F-R2.5-F-C,X-R2.1-C,X-R5.2,,9c6d4sTd,turn_2nd_defense,low_dry,BTN,BB,turn_2nd_defense low_dry BTNvBB
D0069,design_turn_2nd_defense,MTT6mSimple,200.125,200.125-200.125-200.125-200.125-200.125-200.125,F-F-F-R2.5-F-C,X-R2.1-C,X-R5.2,,7h4d2cTd,turn_2nd_defense,low_dry,BTN,BB,turn_2nd_defense low_dry BTNvBB
D0070,design_turn_2nd_defense,MTT6mSimple,200.125,200.125-200.125-200.125-200.125-200.125-200.125,F-F-F-R2.5-F-C,X-R2.1-C,X-R5.2,,KsQsJs2d,turn_2nd_defense,monotone,BTN,BB,turn_2nd_defense monotone BTNvBB
D0071,design_turn_2nd_defense,MTT6mSimple,200.125,200.125-200.125-200.125-200.125-200.125-200.125,F-F-F-R2.5-F-C,X-R2.1-C,X-R5.2,,Ts8s5s2d,turn_2nd_defense,monotone,BTN,BB,turn_2nd_defense monotone BTNvBB
D0072,design_turn_2nd_defense,MTT6mSimple,200.125,200.125-200.125-200.125-200.125-200.125-200.125,F-F-F-R2.5-F-C,X-R2.1-C,X-R5.2,,9s7s4s2d,turn_2nd_defense,monotone,BTN,BB,turn_2nd_defense monotone BTNvBB
D0073,design_turn_2nd_defense,MTT6mSimple,200.125,200.125-200.125-200.125-200.125-200.125-200.125,F-F-F-R2.5-F-C,X-R2.1-C,X-R5.2,,Ks7d7cTh,turn_2nd_defense,paired,BTN,BB,turn_2nd_defense paired BTNvBB
D0074,design_turn_2nd_defense,MTT6mSimple,200.125,200.125-200.125-200.125-200.125-200.125-200.125,F-F-F-R2.5-F-C,X-R2.1-C,X-R5.2,,Th7s7d9c,turn_2nd_defense,paired,BTN,BB,turn_2nd_defense paired BTNvBB
D0075,design_turn_2nd_defense,MTT6mSimple,200.125,200.125-200.125-200.125-200.125-200.125-200.125,F-F-F-R2.5-F-C,X-R2.1-C,X-R5.2,,9s9d4cTh,turn_2nd_defense,paired,BTN,BB,turn_2nd_defense paired BTNvBB
D0076,design_turn_2nd_defense,MTT6mSimple,200.125,200.125-200.125-200.125-200.125-200.125-200.125,F-F-F-R2.5-F-C,X-R2.1-C,X-R5.2,,KsKd2cTh,turn_2nd_defense,paired,BTN,BB,turn_2nd_defense paired BTNvBB
D0077,design_turn_probe,MTT6mSimple,200.125,200.125-200.125-200.125-200.125-200.125-200.125,F-F-F-R2.5-F-C,X-X,,,Ks7d2cTh,turn_probe,dry_high,BTN,BB,turn_probe dry_high BTNvBB
D0078,design_turn_probe,MTT6mSimple,200.125,200.125-200.125-200.125-200.125-200.125-200.125,F-F-F-R2.5-F-C,X-X,,,Qh8d3sTh,turn_probe,dry_high,BTN,BB,turn_probe dry_high BTNvBB
D0079,design_turn_probe,MTT6mSimple,200.125,200.125-200.125-200.125-200.125-200.125-200.125,F-F-F-R2.5-F-C,X-X,,,Js5c2hTh,turn_probe,dry_high,BTN,BB,turn_probe dry_high BTNvBB
D0080,design_turn_probe,MTT6mSimple,200.125,200.125-200.125-200.125-200.125-200.125-200.125,F-F-F-R2.5-F-C,X-X,,,Ts9d7c2c,turn_probe,dynamic,BTN,BB,turn_probe dynamic BTNvBB
D0081,design_turn_probe,MTT6mSimple,200.125,200.125-200.125-200.125-200.125-200.125-200.125,F-F-F-R2.5-F-C,X-X,,,9h8d6c2c,turn_probe,dynamic,BTN,BB,turn_probe dynamic BTNvBB
D0082,design_turn_probe,MTT6mSimple,200.125,200.125-200.125-200.125-200.125-200.125-200.125,F-F-F-R2.5-F-C,X-X,,,8c7d5s2c,turn_probe,dynamic,BTN,BB,turn_probe dynamic BTNvBB
D0083,design_turn_probe,MTT6mSimple,200.125,200.125-200.125-200.125-200.125-200.125-200.125,F-F-F-R2.5-F-C,X-X,,,Ts9s8d2h,turn_probe,dynamic_2tone,BTN,BB,turn_probe dynamic_2tone BTNvBB
D0084,design_turn_probe,MTT6mSimple,200.125,200.125-200.125-200.125-200.125-200.125-200.125,F-F-F-R2.5-F-C,X-X,,,9s8s6d2h,turn_probe,dynamic_2tone,BTN,BB,turn_probe dynamic_2tone BTNvBB
D0085,design_turn_probe,MTT6mSimple,200.125,200.125-200.125-200.125-200.125-200.125-200.125,F-F-F-R2.5-F-C,X-X,,,7s6s5d2h,turn_probe,dynamic_2tone,BTN,BB,turn_probe dynamic_2tone BTNvBB
D0086,design_turn_probe,MTT6mSimple,200.125,200.125-200.125-200.125-200.125-200.125-200.125,F-F-F-R2.5-F-C,X-X,,,8s5h2cTd,turn_probe,low_dry,BTN,BB,turn_probe low_dry BTNvBB
D0087,design_turn_probe,MTT6mSimple,200.125,200.125-200.125-200.125-200.125-200.125-200.125,F-F-F-R2.5-F-C,X-X,,,9c6d4sTd,turn_probe,low_dry,BTN,BB,turn_probe low_dry BTNvBB
D0088,design_turn_probe,MTT6mSimple,200.125,200.125-200.125-200.125-200.125-200.125-200.125,F-F-F-R2.5-F-C,X-X,,,7h4d2cTd,turn_probe,low_dry,BTN,BB,turn_probe low_dry BTNvBB
D0089,design_turn_probe,MTT6mSimple,200.125,200.125-200.125-200.125-200.125-200.125-200.125,F-F-F-R2.5-F-C,X-X,,,KsQsJs2d,turn_probe,monotone,BTN,BB,turn_probe monotone BTNvBB
D0090,design_turn_probe,MTT6mSimple,200.125,200.125-200.125-200.125-200.125-200.125-200.125,F-F-F-R2.5-F-C,X-X,,,Ts8s5s2d,turn_probe,monotone,BTN,BB,turn_probe monotone BTNvBB
D0091,design_turn_probe,MTT6mSimple,200.125,200.125-200.125-200.125-200.125-200.125-200.125,F-F-F-R2.5-F-C,X-X,,,9s7s4s2d,turn_probe,monotone,BTN,BB,turn_probe monotone BTNvBB
D0092,design_turn_probe,MTT6mSimple,200.125,200.125-200.125-200.125-200.125-200.125-200.125,F-F-F-R2.5-F-C,X-X,,,Ks7d7cTh,turn_probe,paired,BTN,BB,turn_probe paired BTNvBB
D0093,design_turn_probe,MTT6mSimple,200.125,200.125-200.125-200.125-200.125-200.125-200.125,F-F-F-R2.5-F-C,X-X,,,Th7s7d9c,turn_probe,paired,BTN,BB,turn_probe paired BTNvBB
D0094,design_turn_probe,MTT6mSimple,200.125,200.125-200.125-200.125-200.125-200.125-200.125,F-F-F-R2.5-F-C,X-X,,,9s9d4cTh,turn_probe,paired,BTN,BB,turn_probe paired BTNvBB
D0095,design_turn_probe,MTT6mSimple,200.125,200.125-200.125-200.125-200.125-200.125-200.125,F-F-F-R2.5-F-C,X-X,,,KsKd2cTh,turn_probe,paired,BTN,BB,turn_probe paired BTNvBB
D0096,design_turn_probe_defense,MTT6mSimple,200.125,200.125-200.125-200.125-200.125-200.125-200.125,F-F-F-R2.5-F-C,X-X,X-R5.2,,Ks7d2cTh,turn_probe_defense,dry_high,BTN,BB,turn_probe_defense dry_high BTNvBB
D0097,design_turn_probe_defense,MTT6mSimple,200.125,200.125-200.125-200.125-200.125-200.125-200.125,F-F-F-R2.5-F-C,X-X,X-R5.2,,Qh8d3sTh,turn_probe_defense,dry_high,BTN,BB,turn_probe_defense dry_high BTNvBB
D0098,design_turn_probe_defense,MTT6mSimple,200.125,200.125-200.125-200.125-200.125-200.125-200.125,F-F-F-R2.5-F-C,X-X,X-R5.2,,Js5c2hTh,turn_probe_defense,dry_high,BTN,BB,turn_probe_defense dry_high BTNvBB
D0099,design_turn_probe_defense,MTT6mSimple,200.125,200.125-200.125-200.125-200.125-200.125-200.125,F-F-F-R2.5-F-C,X-X,X-R5.2,,Ts9d7c2c,turn_probe_defense,dynamic,BTN,BB,turn_probe_defense dynamic BTNvBB
D0100,design_turn_probe_defense,MTT6mSimple,200.125,200.125-200.125-200.125-200.125-200.125-200.125,F-F-F-R2.5-F-C,X-X,X-R5.2,,9h8d6c2c,turn_probe_defense,dynamic,BTN,BB,turn_probe_defense dynamic BTNvBB
D0101,design_turn_probe_defense,MTT6mSimple,200.125,200.125-200.125-200.125-200.125-200.125-200.125,F-F-F-R2.5-F-C,X-X,X-R5.2,,8c7d5s2c,turn_probe_defense,dynamic,BTN,BB,turn_probe_defense dynamic BTNvBB
D0102,design_turn_probe_defense,MTT6mSimple,200.125,200.125-200.125-200.125-200.125-200.125-200.125,F-F-F-R2.5-F-C,X-X,X-R5.2,,Ts9s8d2h,turn_probe_defense,dynamic_2tone,BTN,BB,turn_probe_defense dynamic_2tone BTNvBB
D0103,design_turn_probe_defense,MTT6mSimple,200.125,200.125-200.125-200.125-200.125-200.125-200.125,F-F-F-R2.5-F-C,X-X,X-R5.2,,9s8s6d2h,turn_probe_defense,dynamic_2tone,BTN,BB,turn_probe_defense dynamic_2tone BTNvBB
D0104,design_turn_probe_defense,MTT6mSimple,200.125,200.125-200.125-200.125-200.125-200.125-200.125,F-F-F-R2.5-F-C,X-X,X-R5.2,,7s6s5d2h,turn_probe_defense,dynamic_2tone,BTN,BB,turn_probe_defense dynamic_2tone BTNvBB
D0105,design_turn_probe_defense,MTT6mSimple,200.125,200.125-200.125-200.125-200.125-200.125-200.125,F-F-F-R2.5-F-C,X-X,X-R5.2,,8s5h2cTd,turn_probe_defense,low_dry,BTN,BB,turn_probe_defense low_dry BTNvBB
D0106,design_turn_probe_defense,MTT6mSimple,200.125,200.125-200.125-200.125-200.125-200.125-200.125,F-F-F-R2.5-F-C,X-X,X-R5.2,,9c6d4sTd,turn_probe_defense,low_dry,BTN,BB,turn_probe_defense low_dry BTNvBB
D0107,design_turn_probe_defense,MTT6mSimple,200.125,200.125-200.125-200.125-200.125-200.125-200.125,F-F-F-R2.5-F-C,X-X,X-R5.2,,7h4d2cTd,turn_probe_defense,low_dry,BTN,BB,turn_probe_defense low_dry BTNvBB
D0108,design_turn_probe_defense,MTT6mSimple,200.125,200.125-200.125-200.125-200.125-200.125-200.125,F-F-F-R2.5-F-C,X-X,X-R5.2,,KsQsJs2d,turn_probe_defense,monotone,BTN,BB,turn_probe_defense monotone BTNvBB
D0109,design_turn_probe_defense,MTT6mSimple,200.125,200.125-200.125-200.125-200.125-200.125-200.125,F-F-F-R2.5-F-C,X-X,X-R5.2,,Ts8s5s2d,turn_probe_defense,monotone,BTN,BB,turn_probe_defense monotone BTNvBB
D0110,design_turn_probe_defense,MTT6mSimple,200.125,200.125-200.125-200.125-200.125-200.125-200.125,F-F-F-R2.5-F-C,X-X,X-R5.2,,9s7s4s2d,turn_probe_defense,monotone,BTN,BB,turn_probe_defense monotone BTNvBB
D0111,design_turn_probe_defense,MTT6mSimple,200.125,200.125-200.125-200.125-200.125-200.125-200.125,F-F-F-R2.5-F-C,X-X,X-R5.2,,Ks7d7cTh,turn_probe_defense,paired,BTN,BB,turn_probe_defense paired BTNvBB
D0112,design_turn_probe_defense,MTT6mSimple,200.125,200.125-200.125-200.125-200.125-200.125-200.125,F-F-F-R2.5-F-C,X-X,X-R5.2,,Th7s7d9c,turn_probe_defense,paired,BTN,BB,turn_probe_defense paired BTNvBB
D0113,design_turn_probe_defense,MTT6mSimple,200.125,200.125-200.125-200.125-200.125-200.125-200.125,F-F-F-R2.5-F-C,X-X,X-R5.2,,9s9d4cTh,turn_probe_defense,paired,BTN,BB,turn_probe_defense paired BTNvBB
D0114,design_turn_probe_defense,MTT6mSimple,200.125,200.125-200.125-200.125-200.125-200.125-200.125,F-F-F-R2.5-F-C,X-X,X-R5.2,,KsKd2cTh,turn_probe_defense,paired,BTN,BB,turn_probe_defense paired BTNvBB
D0115,design_flop_cbet_attack,MTT6mSimple,200.125,200.125-200.125-200.125-200.125-200.125-200.125,F-F-R2.3-F-F-C,,,,Ks7d2c,flop_cbet_attack,dry_high,CO,BB,flop_cbet_attack dry_high COvBB
D0116,design_flop_cbet_attack,MTT6mSimple,200.125,200.125-200.125-200.125-200.125-200.125-200.125,F-F-R2.3-F-F-C,,,,Qh8d3s,flop_cbet_attack,dry_high,CO,BB,flop_cbet_attack dry_high COvBB
D0117,design_flop_cbet_attack,MTT6mSimple,200.125,200.125-200.125-200.125-200.125-200.125-200.125,F-F-R2.3-F-F-C,,,,Js5c2h,flop_cbet_attack,dry_high,CO,BB,flop_cbet_attack dry_high COvBB
D0118,design_flop_cbet_attack,MTT6mSimple,200.125,200.125-200.125-200.125-200.125-200.125-200.125,F-F-R2.3-F-F-C,,,,Ts9d7c,flop_cbet_attack,dynamic,CO,BB,flop_cbet_attack dynamic COvBB
D0119,design_flop_cbet_attack,MTT6mSimple,200.125,200.125-200.125-200.125-200.125-200.125-200.125,F-F-R2.3-F-F-C,,,,9h8d6c,flop_cbet_attack,dynamic,CO,BB,flop_cbet_attack dynamic COvBB
D0120,design_flop_cbet_attack,MTT6mSimple,200.125,200.125-200.125-200.125-200.125-200.125-200.125,F-F-R2.3-F-F-C,,,,8c7d5s,flop_cbet_attack,dynamic,CO,BB,flop_cbet_attack dynamic COvBB
D0121,design_flop_cbet_attack,MTT6mSimple,200.125,200.125-200.125-200.125-200.125-200.125-200.125,F-F-R2.3-F-F-C,,,,Ts9s8d,flop_cbet_attack,dynamic_2tone,CO,BB,flop_cbet_attack dynamic_2tone COvBB
D0122,design_flop_cbet_attack,MTT6mSimple,200.125,200.125-200.125-200.125-200.125-200.125-200.125,F-F-R2.3-F-F-C,,,,9s8s6d,flop_cbet_attack,dynamic_2tone,CO,BB,flop_cbet_attack dynamic_2tone COvBB
D0123,design_flop_cbet_attack,MTT6mSimple,200.125,200.125-200.125-200.125-200.125-200.125-200.125,F-F-R2.3-F-F-C,,,,7s6s5d,flop_cbet_attack,dynamic_2tone,CO,BB,flop_cbet_attack dynamic_2tone COvBB
D0124,design_flop_cbet_attack,MTT6mSimple,200.125,200.125-200.125-200.125-200.125-200.125-200.125,F-F-R2.3-F-F-C,,,,8s5h2c,flop_cbet_attack,low_dry,CO,BB,flop_cbet_attack low_dry COvBB
D0125,design_flop_cbet_attack,MTT6mSimple,200.125,200.125-200.125-200.125-200.125-200.125-200.125,F-F-R2.3-F-F-C,,,,9c6d4s,flop_cbet_attack,low_dry,CO,BB,flop_cbet_attack low_dry COvBB
D0126,design_flop_cbet_attack,MTT6mSimple,200.125,200.125-200.125-200.125-200.125-200.125-200.125,F-F-R2.3-F-F-C,,,,7h4d2c,flop_cbet_attack,low_dry,CO,BB,flop_cbet_attack low_dry COvBB
D0127,design_flop_cbet_attack,MTT6mSimple,200.125,200.125-200.125-200.125-200.125-200.125-200.125,F-F-R2.3-F-F-C,,,,KsQsJs,flop_cbet_attack,monotone,CO,BB,flop_cbet_attack monotone COvBB
D0128,design_flop_cbet_attack,MTT6mSimple,200.125,200.125-200.125-200.125-200.125-200.125-200.125,F-F-R2.3-F-F-C,,,,Ts8s5s,flop_cbet_attack,monotone,CO,BB,flop_cbet_attack monotone COvBB
D0129,design_flop_cbet_attack,MTT6mSimple,200.125,200.125-200.125-200.125-200.125-200.125-200.125,F-F-R2.3-F-F-C,,,,9s7s4s,flop_cbet_attack,monotone,CO,BB,flop_cbet_attack monotone COvBB
D0130,design_flop_cbet_attack,MTT6mSimple,200.125,200.125-200.125-200.125-200.125-200.125-200.125,F-F-R2.3-F-F-C,,,,Ks7d7c,flop_cbet_attack,paired,CO,BB,flop_cbet_attack paired COvBB
D0131,design_flop_cbet_attack,MTT6mSimple,200.125,200.125-200.125-200.125-200.125-200.125-200.125,F-F-R2.3-F-F-C,,,,Th7s7d,flop_cbet_attack,paired,CO,BB,flop_cbet_attack paired COvBB
D0132,design_flop_cbet_attack,MTT6mSimple,200.125,200.125-200.125-200.125-200.125-200.125-200.125,F-F-R2.3-F-F-C,,,,9s9d4c,flop_cbet_attack,paired,CO,BB,flop_cbet_attack paired COvBB
D0133,design_flop_cbet_attack,MTT6mSimple,200.125,200.125-200.125-200.125-200.125-200.125-200.125,F-F-R2.3-F-F-C,,,,KsKd2c,flop_cbet_attack,paired,CO,BB,flop_cbet_attack paired COvBB
D0134,design_flop_cbet_defense,MTT6mSimple,200.125,200.125-200.125-200.125-200.125-200.125-200.125,F-F-R2.3-F-F-C,X-R2.1,,,Ks7d2c,flop_cbet_defense,dry_high,CO,BB,flop_cbet_defense dry_high COvBB
D0135,design_flop_cbet_defense,MTT6mSimple,200.125,200.125-200.125-200.125-200.125-200.125-200.125,F-F-R2.3-F-F-C,X-R2.1,,,Qh8d3s,flop_cbet_defense,dry_high,CO,BB,flop_cbet_defense dry_high COvBB
D0136,design_flop_cbet_defense,MTT6mSimple,200.125,200.125-200.125-200.125-200.125-200.125-200.125,F-F-R2.3-F-F-C,X-R2.1,,,Js5c2h,flop_cbet_defense,dry_high,CO,BB,flop_cbet_defense dry_high COvBB
D0137,design_flop_cbet_defense,MTT6mSimple,200.125,200.125-200.125-200.125-200.125-200.125-200.125,F-F-R2.3-F-F-C,X-R2.1,,,Ts9d7c,flop_cbet_defense,dynamic,CO,BB,flop_cbet_defense dynamic COvBB
D0138,design_flop_cbet_defense,MTT6mSimple,200.125,200.125-200.125-200.125-200.125-200.125-200.125,F-F-R2.3-F-F-C,X-R2.1,,,9h8d6c,flop_cbet_defense,dynamic,CO,BB,flop_cbet_defense dynamic COvBB
D0139,design_flop_cbet_defense,MTT6mSimple,200.125,200.125-200.125-200.125-200.125-200.125-200.125,F-F-R2.3-F-F-C,X-R2.1,,,8c7d5s,flop_cbet_defense,dynamic,CO,BB,flop_cbet_defense dynamic COvBB
D0140,design_flop_cbet_defense,MTT6mSimple,200.125,200.125-200.125-200.125-200.125-200.125-200.125,F-F-R2.3-F-F-C,X-R2.1,,,Ts9s8d,flop_cbet_defense,dynamic_2tone,CO,BB,flop_cbet_defense dynamic_2tone COvBB
D0141,design_flop_cbet_defense,MTT6mSimple,200.125,200.125-200.125-200.125-200.125-200.125-200.125,F-F-R2.3-F-F-C,X-R2.1,,,9s8s6d,flop_cbet_defense,dynamic_2tone,CO,BB,flop_cbet_defense dynamic_2tone COvBB
D0142,design_flop_cbet_defense,MTT6mSimple,200.125,200.125-200.125-200.125-200.125-200.125-200.125,F-F-R2.3-F-F-C,X-R2.1,,,7s6s5d,flop_cbet_defense,dynamic_2tone,CO,BB,flop_cbet_defense dynamic_2tone COvBB
D0143,design_flop_cbet_defense,MTT6mSimple,200.125,200.125-200.125-200.125-200.125-200.125-200.125,F-F-R2.3-F-F-C,X-R2.1,,,8s5h2c,flop_cbet_defense,low_dry,CO,BB,flop_cbet_defense low_dry COvBB
D0144,design_flop_cbet_defense,MTT6mSimple,200.125,200.125-200.125-200.125-200.125-200.125-200.125,F-F-R2.3-F-F-C,X-R2.1,,,9c6d4s,flop_cbet_defense,low_dry,CO,BB,flop_cbet_defense low_dry COvBB
D0145,design_flop_cbet_defense,MTT6mSimple,200.125,200.125-200.125-200.125-200.125-200.125-200.125,F-F-R2.3-F-F-C,X-R2.1,,,7h4d2c,flop_cbet_defense,low_dry,CO,BB,flop_cbet_defense low_dry COvBB
D0146,design_flop_cbet_defense,MTT6mSimple,200.125,200.125-200.125-200.125-200.125-200.125-200.125,F-F-R2.3-F-F-C,X-R2.1,,,KsQsJs,flop_cbet_defense,monotone,CO,BB,flop_cbet_defense monotone COvBB
D0147,design_flop_cbet_defense,MTT6mSimple,200.125,200.125-200.125-200.125-200.125-200.125-200.125,F-F-R2.3-F-F-C,X-R2.1,,,Ts8s5s,flop_cbet_defense,monotone,CO,BB,flop_cbet_defense monotone COvBB
D0148,design_flop_cbet_defense,MTT6mSimple,200.125,200.125-200.125-200.125-200.125-200.125-200.125,F-F-R2.3-F-F-C,X-R2.1,,,9s7s4s,flop_cbet_defense,monotone,CO,BB,flop_cbet_defense monotone COvBB
D0149,design_flop_cbet_defense,MTT6mSimple,200.125,200.125-200.125-200.125-200.125-200.125-200.125,F-F-R2.3-F-F-C,X-R2.1,,,Ks7d7c,flop_cbet_defense,paired,CO,BB,flop_cbet_defense paired COvBB
D0150,design_flop_cbet_defense,MTT6mSimple,200.125,200.125-200.125-200.125-200.125-200.125-200.125,F-F-R2.3-F-F-C,X-R2.1,,,Th7s7d,flop_cbet_defense,paired,CO,BB,flop_cbet_defense paired COvBB
D0151,design_flop_cbet_defense,MTT6mSimple,200.125,200.125-200.125-200.125-200.125-200.125-200.125,F-F-R2.3-F-F-C,X-R2.1,,,9s9d4c,flop_cbet_defense,paired,CO,BB,flop_cbet_defense paired COvBB
D0152,design_flop_cbet_defense,MTT6mSimple,200.125,200.125-200.125-200.125-200.125-200.125-200.125,F-F-R2.3-F-F-C,X-R2.1,,,KsKd2c,flop_cbet_defense,paired,CO,BB,flop_cbet_defense paired COvBB
D0153,design_turn_2nd_barrel,MTT6mSimple,200.125,200.125-200.125-200.125-200.125-200.125-200.125,F-F-R2.3-F-F-C,X-R2.1-C,,,Ks7d2cTh,turn_2nd_barrel,dry_high,CO,BB,turn_2nd_barrel dry_high COvBB
D0154,design_turn_2nd_barrel,MTT6mSimple,200.125,200.125-200.125-200.125-200.125-200.125-200.125,F-F-R2.3-F-F-C,X-R2.1-C,,,Qh8d3sTh,turn_2nd_barrel,dry_high,CO,BB,turn_2nd_barrel dry_high COvBB
D0155,design_turn_2nd_barrel,MTT6mSimple,200.125,200.125-200.125-200.125-200.125-200.125-200.125,F-F-R2.3-F-F-C,X-R2.1-C,,,Js5c2hTh,turn_2nd_barrel,dry_high,CO,BB,turn_2nd_barrel dry_high COvBB
D0156,design_turn_2nd_barrel,MTT6mSimple,200.125,200.125-200.125-200.125-200.125-200.125-200.125,F-F-R2.3-F-F-C,X-R2.1-C,,,Ts9d7c2c,turn_2nd_barrel,dynamic,CO,BB,turn_2nd_barrel dynamic COvBB
D0157,design_turn_2nd_barrel,MTT6mSimple,200.125,200.125-200.125-200.125-200.125-200.125-200.125,F-F-R2.3-F-F-C,X-R2.1-C,,,9h8d6c2c,turn_2nd_barrel,dynamic,CO,BB,turn_2nd_barrel dynamic COvBB
D0158,design_turn_2nd_barrel,MTT6mSimple,200.125,200.125-200.125-200.125-200.125-200.125-200.125,F-F-R2.3-F-F-C,X-R2.1-C,,,8c7d5s2c,turn_2nd_barrel,dynamic,CO,BB,turn_2nd_barrel dynamic COvBB
D0159,design_turn_2nd_barrel,MTT6mSimple,200.125,200.125-200.125-200.125-200.125-200.125-200.125,F-F-R2.3-F-F-C,X-R2.1-C,,,Ts9s8d2h,turn_2nd_barrel,dynamic_2tone,CO,BB,turn_2nd_barrel dynamic_2tone COvBB
D0160,design_turn_2nd_barrel,MTT6mSimple,200.125,200.125-200.125-200.125-200.125-200.125-200.125,F-F-R2.3-F-F-C,X-R2.1-C,,,9s8s6d2h,turn_2nd_barrel,dynamic_2tone,CO,BB,turn_2nd_barrel dynamic_2tone COvBB
D0161,design_turn_2nd_barrel,MTT6mSimple,200.125,200.125-200.125-200.125-200.125-200.125-200.125,F-F-R2.3-F-F-C,X-R2.1-C,,,7s6s5d2h,turn_2nd_barrel,dynamic_2tone,CO,BB,turn_2nd_barrel dynamic_2tone COvBB
D0162,design_turn_2nd_barrel,MTT6mSimple,200.125,200.125-200.125-200.125-200.125-200.125-200.125,F-F-R2.3-F-F-C,X-R2.1-C,,,8s5h2cTd,turn_2nd_barrel,low_dry,CO,BB,turn_2nd_barrel low_dry COvBB
D0163,design_turn_2nd_barrel,MTT6mSimple,200.125,200.125-200.125-200.125-200.125-200.125-200.125,F-F-R2.3-F-F-C,X-R2.1-C,,,9c6d4sTd,turn_2nd_barrel,low_dry,CO,BB,turn_2nd_barrel low_dry COvBB
D0164,design_turn_2nd_barrel,MTT6mSimple,200.125,200.125-200.125-200.125-200.125-200.125-200.125,F-F-R2.3-F-F-C,X-R2.1-C,,,7h4d2cTd,turn_2nd_barrel,low_dry,CO,BB,turn_2nd_barrel low_dry COvBB
D0165,design_turn_2nd_barrel,MTT6mSimple,200.125,200.125-200.125-200.125-200.125-200.125-200.125,F-F-R2.3-F-F-C,X-R2.1-C,,,KsQsJs2d,turn_2nd_barrel,monotone,CO,BB,turn_2nd_barrel monotone COvBB
D0166,design_turn_2nd_barrel,MTT6mSimple,200.125,200.125-200.125-200.125-200.125-200.125-200.125,F-F-R2.3-F-F-C,X-R2.1-C,,,Ts8s5s2d,turn_2nd_barrel,monotone,CO,BB,turn_2nd_barrel monotone COvBB
D0167,design_turn_2nd_barrel,MTT6mSimple,200.125,200.125-200.125-200.125-200.125-200.125-200.125,F-F-R2.3-F-F-C,X-R2.1-C,,,9s7s4s2d,turn_2nd_barrel,monotone,CO,BB,turn_2nd_barrel monotone COvBB
D0168,design_turn_2nd_barrel,MTT6mSimple,200.125,200.125-200.125-200.125-200.125-200.125-200.125,F-F-R2.3-F-F-C,X-R2.1-C,,,Ks7d7cTh,turn_2nd_barrel,paired,CO,BB,turn_2nd_barrel paired COvBB
D0169,design_turn_2nd_barrel,MTT6mSimple,200.125,200.125-200.125-200.125-200.125-200.125-200.125,F-F-R2.3-F-F-C,X-R2.1-C,,,Th7s7d9c,turn_2nd_barrel,paired,CO,BB,turn_2nd_barrel paired COvBB
D0170,design_turn_2nd_barrel,MTT6mSimple,200.125,200.125-200.125-200.125-200.125-200.125-200.125,F-F-R2.3-F-F-C,X-R2.1-C,,,9s9d4cTh,turn_2nd_barrel,paired,CO,BB,turn_2nd_barrel paired COvBB
D0171,design_turn_2nd_barrel,MTT6mSimple,200.125,200.125-200.125-200.125-200.125-200.125-200.125,F-F-R2.3-F-F-C,X-R2.1-C,,,KsKd2cTh,turn_2nd_barrel,paired,CO,BB,turn_2nd_barrel paired COvBB
D0172,design_turn_2nd_defense,MTT6mSimple,200.125,200.125-200.125-200.125-200.125-200.125-200.125,F-F-R2.3-F-F-C,X-R2.1-C,X-R5.2,,Ks7d2cTh,turn_2nd_defense,dry_high,CO,BB,turn_2nd_defense dry_high COvBB
D0173,design_turn_2nd_defense,MTT6mSimple,200.125,200.125-200.125-200.125-200.125-200.125-200.125,F-F-R2.3-F-F-C,X-R2.1-C,X-R5.2,,Qh8d3sTh,turn_2nd_defense,dry_high,CO,BB,turn_2nd_defense dry_high COvBB
D0174,design_turn_2nd_defense,MTT6mSimple,200.125,200.125-200.125-200.125-200.125-200.125-200.125,F-F-R2.3-F-F-C,X-R2.1-C,X-R5.2,,Js5c2hTh,turn_2nd_defense,dry_high,CO,BB,turn_2nd_defense dry_high COvBB
D0175,design_turn_2nd_defense,MTT6mSimple,200.125,200.125-200.125-200.125-200.125-200.125-200.125,F-F-R2.3-F-F-C,X-R2.1-C,X-R5.2,,Ts9d7c2c,turn_2nd_defense,dynamic,CO,BB,turn_2nd_defense dynamic COvBB
D0176,design_turn_2nd_defense,MTT6mSimple,200.125,200.125-200.125-200.125-200.125-200.125-200.125,F-F-R2.3-F-F-C,X-R2.1-C,X-R5.2,,9h8d6c2c,turn_2nd_defense,dynamic,CO,BB,turn_2nd_defense dynamic COvBB
D0177,design_turn_2nd_defense,MTT6mSimple,200.125,200.125-200.125-200.125-200.125-200.125-200.125,F-F-R2.3-F-F-C,X-R2.1-C,X-R5.2,,8c7d5s2c,turn_2nd_defense,dynamic,CO,BB,turn_2nd_defense dynamic COvBB
D0178,design_turn_2nd_defense,MTT6mSimple,200.125,200.125-200.125-200.125-200.125-200.125-200.125,F-F-R2.3-F-F-C,X-R2.1-C,X-R5.2,,Ts9s8d2h,turn_2nd_defense,dynamic_2tone,CO,BB,turn_2nd_defense dynamic_2tone COvBB
D0179,design_turn_2nd_defense,MTT6mSimple,200.125,200.125-200.125-200.125-200.125-200.125-200.125,F-F-R2.3-F-F-C,X-R2.1-C,X-R5.2,,9s8s6d2h,turn_2nd_defense,dynamic_2tone,CO,BB,turn_2nd_defense dynamic_2tone COvBB
D0180,design_turn_2nd_defense,MTT6mSimple,200.125,200.125-200.125-200.125-200.125-200.125-200.125,F-F-R2.3-F-F-C,X-R2.1-C,X-R5.2,,7s6s5d2h,turn_2nd_defense,dynamic_2tone,CO,BB,turn_2nd_defense dynamic_2tone COvBB
D0181,design_turn_2nd_defense,MTT6mSimple,200.125,200.125-200.125-200.125-200.125-200.125-200.125,F-F-R2.3-F-F-C,X-R2.1-C,X-R5.2,,8s5h2cTd,turn_2nd_defense,low_dry,CO,BB,turn_2nd_defense low_dry COvBB
D0182,design_turn_2nd_defense,MTT6mSimple,200.125,200.125-200.125-200.125-200.125-200.125-200.125,F-F-R2.3-F-F-C,X-R2.1-C,X-R5.2,,9c6d4sTd,turn_2nd_defense,low_dry,CO,BB,turn_2nd_defense low_dry COvBB
D0183,design_turn_2nd_defense,MTT6mSimple,200.125,200.125-200.125-200.125-200.125-200.125-200.125,F-F-R2.3-F-F-C,X-R2.1-C,X-R5.2,,7h4d2cTd,turn_2nd_defense,low_dry,CO,BB,turn_2nd_defense low_dry COvBB
D0184,design_turn_2nd_defense,MTT6mSimple,200.125,200.125-200.125-200.125-200.125-200.125-200.125,F-F-R2.3-F-F-C,X-R2.1-C,X-R5.2,,KsQsJs2d,turn_2nd_defense,monotone,CO,BB,turn_2nd_defense monotone COvBB
D0185,design_turn_2nd_defense,MTT6mSimple,200.125,200.125-200.125-200.125-200.125-200.125-200.125,F-F-R2.3-F-F-C,X-R2.1-C,X-R5.2,,Ts8s5s2d,turn_2nd_defense,monotone,CO,BB,turn_2nd_defense monotone COvBB
D0186,design_turn_2nd_defense,MTT6mSimple,200.125,200.125-200.125-200.125-200.125-200.125-200.125,F-F-R2.3-F-F-C,X-R2.1-C,X-R5.2,,9s7s4s2d,turn_2nd_defense,monotone,CO,BB,turn_2nd_defense monotone COvBB
D0187,design_turn_2nd_defense,MTT6mSimple,200.125,200.125-200.125-200.125-200.125-200.125-200.125,F-F-R2.3-F-F-C,X-R2.1-C,X-R5.2,,Ks7d7cTh,turn_2nd_defense,paired,CO,BB,turn_2nd_defense paired COvBB
D0188,design_turn_2nd_defense,MTT6mSimple,200.125,200.125-200.125-200.125-200.125-200.125-200.125,F-F-R2.3-F-F-C,X-R2.1-C,X-R5.2,,Th7s7d9c,turn_2nd_defense,paired,CO,BB,turn_2nd_defense paired COvBB
D0189,design_turn_2nd_defense,MTT6mSimple,200.125,200.125-200.125-200.125-200.125-200.125-200.125,F-F-R2.3-F-F-C,X-R2.1-C,X-R5.2,,9s9d4cTh,turn_2nd_defense,paired,CO,BB,turn_2nd_defense paired COvBB
D0190,design_turn_2nd_defense,MTT6mSimple,200.125,200.125-200.125-200.125-200.125-200.125-200.125,F-F-R2.3-F-F-C,X-R2.1-C,X-R5.2,,KsKd2cTh,turn_2nd_defense,paired,CO,BB,turn_2nd_defense paired COvBB
D0191,design_turn_probe,MTT6mSimple,200.125,200.125-200.125-200.125-200.125-200.125-200.125,F-F-R2.3-F-F-C,X-X,,,Ks7d2cTh,turn_probe,dry_high,CO,BB,turn_probe dry_high COvBB
D0192,design_turn_probe,MTT6mSimple,200.125,200.125-200.125-200.125-200.125-200.125-200.125,F-F-R2.3-F-F-C,X-X,,,Qh8d3sTh,turn_probe,dry_high,CO,BB,turn_probe dry_high COvBB
D0193,design_turn_probe,MTT6mSimple,200.125,200.125-200.125-200.125-200.125-200.125-200.125,F-F-R2.3-F-F-C,X-X,,,Js5c2hTh,turn_probe,dry_high,CO,BB,turn_probe dry_high COvBB
D0194,design_turn_probe,MTT6mSimple,200.125,200.125-200.125-200.125-200.125-200.125-200.125,F-F-R2.3-F-F-C,X-X,,,Ts9d7c2c,turn_probe,dynamic,CO,BB,turn_probe dynamic COvBB
D0195,design_turn_probe,MTT6mSimple,200.125,200.125-200.125-200.125-200.125-200.125-200.125,F-F-R2.3-F-F-C,X-X,,,9h8d6c2c,turn_probe,dynamic,CO,BB,turn_probe dynamic COvBB
D0196,design_turn_probe,MTT6mSimple,200.125,200.125-200.125-200.125-200.125-200.125-200.125,F-F-R2.3-F-F-C,X-X,,,8c7d5s2c,turn_probe,dynamic,CO,BB,turn_probe dynamic COvBB
D0197,design_turn_probe,MTT6mSimple,200.125,200.125-200.125-200.125-200.125-200.125-200.125,F-F-R2.3-F-F-C,X-X,,,Ts9s8d2h,turn_probe,dynamic_2tone,CO,BB,turn_probe dynamic_2tone COvBB
D0198,design_turn_probe,MTT6mSimple,200.125,200.125-200.125-200.125-200.125-200.125-200.125,F-F-R2.3-F-F-C,X-X,,,9s8s6d2h,turn_probe,dynamic_2tone,CO,BB,turn_probe dynamic_2tone COvBB
D0199,design_turn_probe,MTT6mSimple,200.125,200.125-200.125-200.125-200.125-200.125-200.125,F-F-R2.3-F-F-C,X-X,,,7s6s5d2h,turn_probe,dynamic_2tone,CO,BB,turn_probe dynamic_2tone COvBB
D0200,design_turn_probe,MTT6mSimple,200.125,200.125-200.125-200.125-200.125-200.125-200.125,F-F-R2.3-F-F-C,X-X,,,8s5h2cTd,turn_probe,low_dry,CO,BB,turn_probe low_dry COvBB
D0201,design_turn_probe,MTT6mSimple,200.125,200.125-200.125-200.125-200.125-200.125-200.125,F-F-R2.3-F-F-C,X-X,,,9c6d4sTd,turn_probe,low_dry,CO,BB,turn_probe low_dry COvBB
D0202,design_turn_probe,MTT6mSimple,200.125,200.125-200.125-200.125-200.125-200.125-200.125,F-F-R2.3-F-F-C,X-X,,,7h4d2cTd,turn_probe,low_dry,CO,BB,turn_probe low_dry COvBB
D0203,design_turn_probe,MTT6mSimple,200.125,200.125-200.125-200.125-200.125-200.125-200.125,F-F-R2.3-F-F-C,X-X,,,KsQsJs2d,turn_probe,monotone,CO,BB,turn_probe monotone COvBB
D0204,design_turn_probe,MTT6mSimple,200.125,200.125-200.125-200.125-200.125-200.125-200.125,F-F-R2.3-F-F-C,X-X,,,Ts8s5s2d,turn_probe,monotone,CO,BB,turn_probe monotone COvBB
D0205,design_turn_probe,MTT6mSimple,200.125,200.125-200.125-200.125-200.125-200.125-200.125,F-F-R2.3-F-F-C,X-X,,,9s7s4s2d,turn_probe,monotone,CO,BB,turn_probe monotone COvBB
D0206,design_turn_probe,MTT6mSimple,200.125,200.125-200.125-200.125-200.125-200.125-200.125,F-F-R2.3-F-F-C,X-X,,,Ks7d7cTh,turn_probe,paired,CO,BB,turn_probe paired COvBB
D0207,design_turn_probe,MTT6mSimple,200.125,200.125-200.125-200.125-200.125-200.125-200.125,F-F-R2.3-F-F-C,X-X,,,Th7s7d9c,turn_probe,paired,CO,BB,turn_probe paired COvBB
D0208,design_turn_probe,MTT6mSimple,200.125,200.125-200.125-200.125-200.125-200.125-200.125,F-F-R2.3-F-F-C,X-X,,,9s9d4cTh,turn_probe,paired,CO,BB,turn_probe paired COvBB
D0209,design_turn_probe,MTT6mSimple,200.125,200.125-200.125-200.125-200.125-200.125-200.125,F-F-R2.3-F-F-C,X-X,,,KsKd2cTh,turn_probe,paired,CO,BB,turn_probe paired COvBB
D0210,design_turn_probe_defense,MTT6mSimple,200.125,200.125-200.125-200.125-200.125-200.125-200.125,F-F-R2.3-F-F-C,X-X,X-R5.2,,Ks7d2cTh,turn_probe_defense,dry_high,CO,BB,turn_probe_defense dry_high COvBB
D0211,design_turn_probe_defense,MTT6mSimple,200.125,200.125-200.125-200.125-200.125-200.125-200.125,F-F-R2.3-F-F-C,X-X,X-R5.2,,Qh8d3sTh,turn_probe_defense,dry_high,CO,BB,turn_probe_defense dry_high COvBB
D0212,design_turn_probe_defense,MTT6mSimple,200.125,200.125-200.125-200.125-200.125-200.125-200.125,F-F-R2.3-F-F-C,X-X,X-R5.2,,Js5c2hTh,turn_probe_defense,dry_high,CO,BB,turn_probe_defense dry_high COvBB
D0213,design_turn_probe_defense,MTT6mSimple,200.125,200.125-200.125-200.125-200.125-200.125-200.125,F-F-R2.3-F-F-C,X-X,X-R5.2,,Ts9d7c2c,turn_probe_defense,dynamic,CO,BB,turn_probe_defense dynamic COvBB
D0214,design_turn_probe_defense,MTT6mSimple,200.125,200.125-200.125-200.125-200.125-200.125-200.125,F-F-R2.3-F-F-C,X-X,X-R5.2,,9h8d6c2c,turn_probe_defense,dynamic,CO,BB,turn_probe_defense dynamic COvBB
D0215,design_turn_probe_defense,MTT6mSimple,200.125,200.125-200.125-200.125-200.125-200.125-200.125,F-F-R2.3-F-F-C,X-X,X-R5.2,,8c7d5s2c,turn_probe_defense,dynamic,CO,BB,turn_probe_defense dynamic COvBB
D0216,design_turn_probe_defense,MTT6mSimple,200.125,200.125-200.125-200.125-200.125-200.125-200.125,F-F-R2.3-F-F-C,X-X,X-R5.2,,Ts9s8d2h,turn_probe_defense,dynamic_2tone,CO,BB,turn_probe_defense dynamic_2tone COvBB
D0217,design_turn_probe_defense,MTT6mSimple,200.125,200.125-200.125-200.125-200.125-200.125-200.125,F-F-R2.3-F-F-C,X-X,X-R5.2,,9s8s6d2h,turn_probe_defense,dynamic_2tone,CO,BB,turn_probe_defense dynamic_2tone COvBB
D0218,design_turn_probe_defense,MTT6mSimple,200.125,200.125-200.125-200.125-200.125-200.125-200.125,F-F-R2.3-F-F-C,X-X,X-R5.2,,7s6s5d2h,turn_probe_defense,dynamic_2tone,CO,BB,turn_probe_defense dynamic_2tone COvBB
D0219,design_turn_probe_defense,MTT6mSimple,200.125,200.125-200.125-200.125-200.125-200.125-200.125,F-F-R2.3-F-F-C,X-X,X-R5.2,,8s5h2cTd,turn_probe_defense,low_dry,CO,BB,turn_probe_defense low_dry COvBB
D0220,design_turn_probe_defense,MTT6mSimple,200.125,200.125-200.125-200.125-200.125-200.125-200.125,F-F-R2.3-F-F-C,X-X,X-R5.2,,9c6d4sTd,turn_probe_defense,low_dry,CO,BB,turn_probe_defense low_dry COvBB
D0221,design_turn_probe_defense,MTT6mSimple,200.125,200.125-200.125-200.125-200.125-200.125-200.125,F-F-R2.3-F-F-C,X-X,X-R5.2,,7h4d2cTd,turn_probe_defense,low_dry,CO,BB,turn_probe_defense low_dry COvBB
D0222,design_turn_probe_defense,MTT6mSimple,200.125,200.125-200.125-200.125-200.125-200.125-200.125,F-F-R2.3-F-F-C,X-X,X-R5.2,,KsQsJs2d,turn_probe_defense,monotone,CO,BB,turn_probe_defense monotone COvBB
D0223,design_turn_probe_defense,MTT6mSimple,200.125,200.125-200.125-200.125-200.125-200.125-200.125,F-F-R2.3-F-F-C,X-X,X-R5.2,,Ts8s5s2d,turn_probe_defense,monotone,CO,BB,turn_probe_defense monotone COvBB
D0224,design_turn_probe_defense,MTT6mSimple,200.125,200.125-200.125-200.125-200.125-200.125-200.125,F-F-R2.3-F-F-C,X-X,X-R5.2,,9s7s4s2d,turn_probe_defense,monotone,CO,BB,turn_probe_defense monotone COvBB
D0225,design_turn_probe_defense,MTT6mSimple,200.125,200.125-200.125-200.125-200.125-200.125-200.125,F-F-R2.3-F-F-C,X-X,X-R5.2,,Ks7d7cTh,turn_probe_defense,paired,CO,BB,turn_probe_defense paired COvBB
D0226,design_turn_probe_defense,MTT6mSimple,200.125,200.125-200.125-200.125-200.125-200.125-200.125,F-F-R2.3-F-F-C,X-X,X-R5.2,,Th7s7d9c,turn_probe_defense,paired,CO,BB,turn_probe_defense paired COvBB
D0227,design_turn_probe_defense,MTT6mSimple,200.125,200.125-200.125-200.125-200.125-200.125-200.125,F-F-R2.3-F-F-C,X-X,X-R5.2,,9s9d4cTh,turn_probe_defense,paired,CO,BB,turn_probe_defense paired COvBB
D0228,design_turn_probe_defense,MTT6mSimple,200.125,200.125-200.125-200.125-200.125-200.125-200.125,F-F-R2.3-F-F-C,X-X,X-R5.2,,KsKd2cTh,turn_probe_defense,paired,CO,BB,turn_probe_defense paired COvBB
D0229,design_flop_cbet_attack,MTT6mSimple,200.125,200.125-200.125-200.125-200.125-200.125-200.125,F-R2.2-F-F-F-C,,,,Ks7d2c,flop_cbet_attack,dry_high,HJ,BB,flop_cbet_attack dry_high HJvBB
D0230,design_flop_cbet_attack,MTT6mSimple,200.125,200.125-200.125-200.125-200.125-200.125-200.125,F-R2.2-F-F-F-C,,,,Qh8d3s,flop_cbet_attack,dry_high,HJ,BB,flop_cbet_attack dry_high HJvBB
D0231,design_flop_cbet_attack,MTT6mSimple,200.125,200.125-200.125-200.125-200.125-200.125-200.125,F-R2.2-F-F-F-C,,,,Js5c2h,flop_cbet_attack,dry_high,HJ,BB,flop_cbet_attack dry_high HJvBB
D0232,design_flop_cbet_attack,MTT6mSimple,200.125,200.125-200.125-200.125-200.125-200.125-200.125,F-R2.2-F-F-F-C,,,,Ts9d7c,flop_cbet_attack,dynamic,HJ,BB,flop_cbet_attack dynamic HJvBB
D0233,design_flop_cbet_attack,MTT6mSimple,200.125,200.125-200.125-200.125-200.125-200.125-200.125,F-R2.2-F-F-F-C,,,,9h8d6c,flop_cbet_attack,dynamic,HJ,BB,flop_cbet_attack dynamic HJvBB
D0234,design_flop_cbet_attack,MTT6mSimple,200.125,200.125-200.125-200.125-200.125-200.125-200.125,F-R2.2-F-F-F-C,,,,8c7d5s,flop_cbet_attack,dynamic,HJ,BB,flop_cbet_attack dynamic HJvBB
D0235,design_flop_cbet_attack,MTT6mSimple,200.125,200.125-200.125-200.125-200.125-200.125-200.125,F-R2.2-F-F-F-C,,,,Ts9s8d,flop_cbet_attack,dynamic_2tone,HJ,BB,flop_cbet_attack dynamic_2tone HJvBB
D0236,design_flop_cbet_attack,MTT6mSimple,200.125,200.125-200.125-200.125-200.125-200.125-200.125,F-R2.2-F-F-F-C,,,,9s8s6d,flop_cbet_attack,dynamic_2tone,HJ,BB,flop_cbet_attack dynamic_2tone HJvBB
D0237,design_flop_cbet_attack,MTT6mSimple,200.125,200.125-200.125-200.125-200.125-200.125-200.125,F-R2.2-F-F-F-C,,,,7s6s5d,flop_cbet_attack,dynamic_2tone,HJ,BB,flop_cbet_attack dynamic_2tone HJvBB
D0238,design_flop_cbet_attack,MTT6mSimple,200.125,200.125-200.125-200.125-200.125-200.125-200.125,F-R2.2-F-F-F-C,,,,8s5h2c,flop_cbet_attack,low_dry,HJ,BB,flop_cbet_attack low_dry HJvBB
D0239,design_flop_cbet_attack,MTT6mSimple,200.125,200.125-200.125-200.125-200.125-200.125-200.125,F-R2.2-F-F-F-C,,,,9c6d4s,flop_cbet_attack,low_dry,HJ,BB,flop_cbet_attack low_dry HJvBB
D0240,design_flop_cbet_attack,MTT6mSimple,200.125,200.125-200.125-200.125-200.125-200.125-200.125,F-R2.2-F-F-F-C,,,,7h4d2c,flop_cbet_attack,low_dry,HJ,BB,flop_cbet_attack low_dry HJvBB
D0241,design_flop_cbet_attack,MTT6mSimple,200.125,200.125-200.125-200.125-200.125-200.125-200.125,F-R2.2-F-F-F-C,,,,KsQsJs,flop_cbet_attack,monotone,HJ,BB,flop_cbet_attack monotone HJvBB
D0242,design_flop_cbet_attack,MTT6mSimple,200.125,200.125-200.125-200.125-200.125-200.125-200.125,F-R2.2-F-F-F-C,,,,Ts8s5s,flop_cbet_attack,monotone,HJ,BB,flop_cbet_attack monotone HJvBB
D0243,design_flop_cbet_attack,MTT6mSimple,200.125,200.125-200.125-200.125-200.125-200.125-200.125,F-R2.2-F-F-F-C,,,,9s7s4s,flop_cbet_attack,monotone,HJ,BB,flop_cbet_attack monotone HJvBB
D0244,design_flop_cbet_attack,MTT6mSimple,200.125,200.125-200.125-200.125-200.125-200.125-200.125,F-R2.2-F-F-F-C,,,,Ks7d7c,flop_cbet_attack,paired,HJ,BB,flop_cbet_attack paired HJvBB
D0245,design_flop_cbet_attack,MTT6mSimple,200.125,200.125-200.125-200.125-200.125-200.125-200.125,F-R2.2-F-F-F-C,,,,Th7s7d,flop_cbet_attack,paired,HJ,BB,flop_cbet_attack paired HJvBB
D0246,design_flop_cbet_attack,MTT6mSimple,200.125,200.125-200.125-200.125-200.125-200.125-200.125,F-R2.2-F-F-F-C,,,,9s9d4c,flop_cbet_attack,paired,HJ,BB,flop_cbet_attack paired HJvBB
D0247,design_flop_cbet_attack,MTT6mSimple,200.125,200.125-200.125-200.125-200.125-200.125-200.125,F-R2.2-F-F-F-C,,,,KsKd2c,flop_cbet_attack,paired,HJ,BB,flop_cbet_attack paired HJvBB
D0248,design_flop_cbet_defense,MTT6mSimple,200.125,200.125-200.125-200.125-200.125-200.125-200.125,F-R2.2-F-F-F-C,X-R2.1,,,Ks7d2c,flop_cbet_defense,dry_high,HJ,BB,flop_cbet_defense dry_high HJvBB
D0249,design_flop_cbet_defense,MTT6mSimple,200.125,200.125-200.125-200.125-200.125-200.125-200.125,F-R2.2-F-F-F-C,X-R2.1,,,Qh8d3s,flop_cbet_defense,dry_high,HJ,BB,flop_cbet_defense dry_high HJvBB
D0250,design_flop_cbet_defense,MTT6mSimple,200.125,200.125-200.125-200.125-200.125-200.125-200.125,F-R2.2-F-F-F-C,X-R2.1,,,Js5c2h,flop_cbet_defense,dry_high,HJ,BB,flop_cbet_defense dry_high HJvBB
D0251,design_flop_cbet_defense,MTT6mSimple,200.125,200.125-200.125-200.125-200.125-200.125-200.125,F-R2.2-F-F-F-C,X-R2.1,,,Ts9d7c,flop_cbet_defense,dynamic,HJ,BB,flop_cbet_defense dynamic HJvBB
D0252,design_flop_cbet_defense,MTT6mSimple,200.125,200.125-200.125-200.125-200.125-200.125-200.125,F-R2.2-F-F-F-C,X-R2.1,,,9h8d6c,flop_cbet_defense,dynamic,HJ,BB,flop_cbet_defense dynamic HJvBB
D0253,design_flop_cbet_defense,MTT6mSimple,200.125,200.125-200.125-200.125-200.125-200.125-200.125,F-R2.2-F-F-F-C,X-R2.1,,,8c7d5s,flop_cbet_defense,dynamic,HJ,BB,flop_cbet_defense dynamic HJvBB
D0254,design_flop_cbet_defense,MTT6mSimple,200.125,200.125-200.125-200.125-200.125-200.125-200.125,F-R2.2-F-F-F-C,X-R2.1,,,Ts9s8d,flop_cbet_defense,dynamic_2tone,HJ,BB,flop_cbet_defense dynamic_2tone HJvBB
D0255,design_flop_cbet_defense,MTT6mSimple,200.125,200.125-200.125-200.125-200.125-200.125-200.125,F-R2.2-F-F-F-C,X-R2.1,,,9s8s6d,flop_cbet_defense,dynamic_2tone,HJ,BB,flop_cbet_defense dynamic_2tone HJvBB
D0256,design_flop_cbet_defense,MTT6mSimple,200.125,200.125-200.125-200.125-200.125-200.125-200.125,F-R2.2-F-F-F-C,X-R2.1,,,7s6s5d,flop_cbet_defense,dynamic_2tone,HJ,BB,flop_cbet_defense dynamic_2tone HJvBB
D0257,design_flop_cbet_defense,MTT6mSimple,200.125,200.125-200.125-200.125-200.125-200.125-200.125,F-R2.2-F-F-F-C,X-R2.1,,,8s5h2c,flop_cbet_defense,low_dry,HJ,BB,flop_cbet_defense low_dry HJvBB
D0258,design_flop_cbet_defense,MTT6mSimple,200.125,200.125-200.125-200.125-200.125-200.125-200.125,F-R2.2-F-F-F-C,X-R2.1,,,9c6d4s,flop_cbet_defense,low_dry,HJ,BB,flop_cbet_defense low_dry HJvBB
D0259,design_flop_cbet_defense,MTT6mSimple,200.125,200.125-200.125-200.125-200.125-200.125-200.125,F-R2.2-F-F-F-C,X-R2.1,,,7h4d2c,flop_cbet_defense,low_dry,HJ,BB,flop_cbet_defense low_dry HJvBB
D0260,design_flop_cbet_defense,MTT6mSimple,200.125,200.125-200.125-200.125-200.125-200.125-200.125,F-R2.2-F-F-F-C,X-R2.1,,,KsQsJs,flop_cbet_defense,monotone,HJ,BB,flop_cbet_defense monotone HJvBB
D0261,design_flop_cbet_defense,MTT6mSimple,200.125,200.125-200.125-200.125-200.125-200.125-200.125,F-R2.2-F-F-F-C,X-R2.1,,,Ts8s5s,flop_cbet_defense,monotone,HJ,BB,flop_cbet_defense monotone HJvBB
D0262,design_flop_cbet_defense,MTT6mSimple,200.125,200.125-200.125-200.125-200.125-200.125-200.125,F-R2.2-F-F-F-C,X-R2.1,,,9s7s4s,flop_cbet_defense,monotone,HJ,BB,flop_cbet_defense monotone HJvBB
D0263,design_flop_cbet_defense,MTT6mSimple,200.125,200.125-200.125-200.125-200.125-200.125-200.125,F-R2.2-F-F-F-C,X-R2.1,,,Ks7d7c,flop_cbet_defense,paired,HJ,BB,flop_cbet_defense paired HJvBB
D0264,design_flop_cbet_defense,MTT6mSimple,200.125,200.125-200.125-200.125-200.125-200.125-200.125,F-R2.2-F-F-F-C,X-R2.1,,,Th7s7d,flop_cbet_defense,paired,HJ,BB,flop_cbet_defense paired HJvBB
D0265,design_flop_cbet_defense,MTT6mSimple,200.125,200.125-200.125-200.125-200.125-200.125-200.125,F-R2.2-F-F-F-C,X-R2.1,,,9s9d4c,flop_cbet_defense,paired,HJ,BB,flop_cbet_defense paired HJvBB
D0266,design_flop_cbet_defense,MTT6mSimple,200.125,200.125-200.125-200.125-200.125-200.125-200.125,F-R2.2-F-F-F-C,X-R2.1,,,KsKd2c,flop_cbet_defense,paired,HJ,BB,flop_cbet_defense paired HJvBB
D0267,design_turn_2nd_barrel,MTT6mSimple,200.125,200.125-200.125-200.125-200.125-200.125-200.125,F-R2.2-F-F-F-C,X-R2.1-C,,,Ks7d2cTh,turn_2nd_barrel,dry_high,HJ,BB,turn_2nd_barrel dry_high HJvBB
D0268,design_turn_2nd_barrel,MTT6mSimple,200.125,200.125-200.125-200.125-200.125-200.125-200.125,F-R2.2-F-F-F-C,X-R2.1-C,,,Qh8d3sTh,turn_2nd_barrel,dry_high,HJ,BB,turn_2nd_barrel dry_high HJvBB
D0269,design_turn_2nd_barrel,MTT6mSimple,200.125,200.125-200.125-200.125-200.125-200.125-200.125,F-R2.2-F-F-F-C,X-R2.1-C,,,Js5c2hTh,turn_2nd_barrel,dry_high,HJ,BB,turn_2nd_barrel dry_high HJvBB
D0270,design_turn_2nd_barrel,MTT6mSimple,200.125,200.125-200.125-200.125-200.125-200.125-200.125,F-R2.2-F-F-F-C,X-R2.1-C,,,Ts9d7c2c,turn_2nd_barrel,dynamic,HJ,BB,turn_2nd_barrel dynamic HJvBB
D0271,design_turn_2nd_barrel,MTT6mSimple,200.125,200.125-200.125-200.125-200.125-200.125-200.125,F-R2.2-F-F-F-C,X-R2.1-C,,,9h8d6c2c,turn_2nd_barrel,dynamic,HJ,BB,turn_2nd_barrel dynamic HJvBB
D0272,design_turn_2nd_barrel,MTT6mSimple,200.125,200.125-200.125-200.125-200.125-200.125-200.125,F-R2.2-F-F-F-C,X-R2.1-C,,,8c7d5s2c,turn_2nd_barrel,dynamic,HJ,BB,turn_2nd_barrel dynamic HJvBB
D0273,design_turn_2nd_barrel,MTT6mSimple,200.125,200.125-200.125-200.125-200.125-200.125-200.125,F-R2.2-F-F-F-C,X-R2.1-C,,,Ts9s8d2h,turn_2nd_barrel,dynamic_2tone,HJ,BB,turn_2nd_barrel dynamic_2tone HJvBB
D0274,design_turn_2nd_barrel,MTT6mSimple,200.125,200.125-200.125-200.125-200.125-200.125-200.125,F-R2.2-F-F-F-C,X-R2.1-C,,,9s8s6d2h,turn_2nd_barrel,dynamic_2tone,HJ,BB,turn_2nd_barrel dynamic_2tone HJvBB
D0275,design_turn_2nd_barrel,MTT6mSimple,200.125,200.125-200.125-200.125-200.125-200.125-200.125,F-R2.2-F-F-F-C,X-R2.1-C,,,7s6s5d2h,turn_2nd_barrel,dynamic_2tone,HJ,BB,turn_2nd_barrel dynamic_2tone HJvBB
D0276,design_turn_2nd_barrel,MTT6mSimple,200.125,200.125-200.125-200.125-200.125-200.125-200.125,F-R2.2-F-F-F-C,X-R2.1-C,,,8s5h2cTd,turn_2nd_barrel,low_dry,HJ,BB,turn_2nd_barrel low_dry HJvBB
D0277,design_turn_2nd_barrel,MTT6mSimple,200.125,200.125-200.125-200.125-200.125-200.125-200.125,F-R2.2-F-F-F-C,X-R2.1-C,,,9c6d4sTd,turn_2nd_barrel,low_dry,HJ,BB,turn_2nd_barrel low_dry HJvBB
D0278,design_turn_2nd_barrel,MTT6mSimple,200.125,200.125-200.125-200.125-200.125-200.125-200.125,F-R2.2-F-F-F-C,X-R2.1-C,,,7h4d2cTd,turn_2nd_barrel,low_dry,HJ,BB,turn_2nd_barrel low_dry HJvBB
D0279,design_turn_2nd_barrel,MTT6mSimple,200.125,200.125-200.125-200.125-200.125-200.125-200.125,F-R2.2-F-F-F-C,X-R2.1-C,,,KsQsJs2d,turn_2nd_barrel,monotone,HJ,BB,turn_2nd_barrel monotone HJvBB
D0280,design_turn_2nd_barrel,MTT6mSimple,200.125,200.125-200.125-200.125-200.125-200.125-200.125,F-R2.2-F-F-F-C,X-R2.1-C,,,Ts8s5s2d,turn_2nd_barrel,monotone,HJ,BB,turn_2nd_barrel monotone HJvBB
D0281,design_turn_2nd_barrel,MTT6mSimple,200.125,200.125-200.125-200.125-200.125-200.125-200.125,F-R2.2-F-F-F-C,X-R2.1-C,,,9s7s4s2d,turn_2nd_barrel,monotone,HJ,BB,turn_2nd_barrel monotone HJvBB
D0282,design_turn_2nd_barrel,MTT6mSimple,200.125,200.125-200.125-200.125-200.125-200.125-200.125,F-R2.2-F-F-F-C,X-R2.1-C,,,Ks7d7cTh,turn_2nd_barrel,paired,HJ,BB,turn_2nd_barrel paired HJvBB
D0283,design_turn_2nd_barrel,MTT6mSimple,200.125,200.125-200.125-200.125-200.125-200.125-200.125,F-R2.2-F-F-F-C,X-R2.1-C,,,Th7s7d9c,turn_2nd_barrel,paired,HJ,BB,turn_2nd_barrel paired HJvBB
D0284,design_turn_2nd_barrel,MTT6mSimple,200.125,200.125-200.125-200.125-200.125-200.125-200.125,F-R2.2-F-F-F-C,X-R2.1-C,,,9s9d4cTh,turn_2nd_barrel,paired,HJ,BB,turn_2nd_barrel paired HJvBB
D0285,design_turn_2nd_barrel,MTT6mSimple,200.125,200.125-200.125-200.125-200.125-200.125-200.125,F-R2.2-F-F-F-C,X-R2.1-C,,,KsKd2cTh,turn_2nd_barrel,paired,HJ,BB,turn_2nd_barrel paired HJvBB
D0286,design_turn_2nd_defense,MTT6mSimple,200.125,200.125-200.125-200.125-200.125-200.125-200.125,F-R2.2-F-F-F-C,X-R2.1-C,X-R5.2,,Ks7d2cTh,turn_2nd_defense,dry_high,HJ,BB,turn_2nd_defense dry_high HJvBB
D0287,design_turn_2nd_defense,MTT6mSimple,200.125,200.125-200.125-200.125-200.125-200.125-200.125,F-R2.2-F-F-F-C,X-R2.1-C,X-R5.2,,Qh8d3sTh,turn_2nd_defense,dry_high,HJ,BB,turn_2nd_defense dry_high HJvBB
D0288,design_turn_2nd_defense,MTT6mSimple,200.125,200.125-200.125-200.125-200.125-200.125-200.125,F-R2.2-F-F-F-C,X-R2.1-C,X-R5.2,,Js5c2hTh,turn_2nd_defense,dry_high,HJ,BB,turn_2nd_defense dry_high HJvBB
D0289,design_turn_2nd_defense,MTT6mSimple,200.125,200.125-200.125-200.125-200.125-200.125-200.125,F-R2.2-F-F-F-C,X-R2.1-C,X-R5.2,,Ts9d7c2c,turn_2nd_defense,dynamic,HJ,BB,turn_2nd_defense dynamic HJvBB
D0290,design_turn_2nd_defense,MTT6mSimple,200.125,200.125-200.125-200.125-200.125-200.125-200.125,F-R2.2-F-F-F-C,X-R2.1-C,X-R5.2,,9h8d6c2c,turn_2nd_defense,dynamic,HJ,BB,turn_2nd_defense dynamic HJvBB
D0291,design_turn_2nd_defense,MTT6mSimple,200.125,200.125-200.125-200.125-200.125-200.125-200.125,F-R2.2-F-F-F-C,X-R2.1-C,X-R5.2,,8c7d5s2c,turn_2nd_defense,dynamic,HJ,BB,turn_2nd_defense dynamic HJvBB
D0292,design_turn_2nd_defense,MTT6mSimple,200.125,200.125-200.125-200.125-200.125-200.125-200.125,F-R2.2-F-F-F-C,X-R2.1-C,X-R5.2,,Ts9s8d2h,turn_2nd_defense,dynamic_2tone,HJ,BB,turn_2nd_defense dynamic_2tone HJvBB
D0293,design_turn_2nd_defense,MTT6mSimple,200.125,200.125-200.125-200.125-200.125-200.125-200.125,F-R2.2-F-F-F-C,X-R2.1-C,X-R5.2,,9s8s6d2h,turn_2nd_defense,dynamic_2tone,HJ,BB,turn_2nd_defense dynamic_2tone HJvBB
D0294,design_turn_2nd_defense,MTT6mSimple,200.125,200.125-200.125-200.125-200.125-200.125-200.125,F-R2.2-F-F-F-C,X-R2.1-C,X-R5.2,,7s6s5d2h,turn_2nd_defense,dynamic_2tone,HJ,BB,turn_2nd_defense dynamic_2tone HJvBB
D0295,design_turn_2nd_defense,MTT6mSimple,200.125,200.125-200.125-200.125-200.125-200.125-200.125,F-R2.2-F-F-F-C,X-R2.1-C,X-R5.2,,8s5h2cTd,turn_2nd_defense,low_dry,HJ,BB,turn_2nd_defense low_dry HJvBB
D0296,design_turn_2nd_defense,MTT6mSimple,200.125,200.125-200.125-200.125-200.125-200.125-200.125,F-R2.2-F-F-F-C,X-R2.1-C,X-R5.2,,9c6d4sTd,turn_2nd_defense,low_dry,HJ,BB,turn_2nd_defense low_dry HJvBB
D0297,design_turn_2nd_defense,MTT6mSimple,200.125,200.125-200.125-200.125-200.125-200.125-200.125,F-R2.2-F-F-F-C,X-R2.1-C,X-R5.2,,7h4d2cTd,turn_2nd_defense,low_dry,HJ,BB,turn_2nd_defense low_dry HJvBB
D0298,design_turn_2nd_defense,MTT6mSimple,200.125,200.125-200.125-200.125-200.125-200.125-200.125,F-R2.2-F-F-F-C,X-R2.1-C,X-R5.2,,KsQsJs2d,turn_2nd_defense,monotone,HJ,BB,turn_2nd_defense monotone HJvBB
D0299,design_turn_2nd_defense,MTT6mSimple,200.125,200.125-200.125-200.125-200.125-200.125-200.125,F-R2.2-F-F-F-C,X-R2.1-C,X-R5.2,,Ts8s5s2d,turn_2nd_defense,monotone,HJ,BB,turn_2nd_defense monotone HJvBB
D0300,design_turn_2nd_defense,MTT6mSimple,200.125,200.125-200.125-200.125-200.125-200.125-200.125,F-R2.2-F-F-F-C,X-R2.1-C,X-R5.2,,9s7s4s2d,turn_2nd_defense,monotone,HJ,BB,turn_2nd_defense monotone HJvBB
D0301,design_turn_2nd_defense,MTT6mSimple,200.125,200.125-200.125-200.125-200.125-200.125-200.125,F-R2.2-F-F-F-C,X-R2.1-C,X-R5.2,,Ks7d7cTh,turn_2nd_defense,paired,HJ,BB,turn_2nd_defense paired HJvBB
D0302,design_turn_2nd_defense,MTT6mSimple,200.125,200.125-200.125-200.125-200.125-200.125-200.125,F-R2.2-F-F-F-C,X-R2.1-C,X-R5.2,,Th7s7d9c,turn_2nd_defense,paired,HJ,BB,turn_2nd_defense paired HJvBB
D0303,design_turn_2nd_defense,MTT6mSimple,200.125,200.125-200.125-200.125-200.125-200.125-200.125,F-R2.2-F-F-F-C,X-R2.1-C,X-R5.2,,9s9d4cTh,turn_2nd_defense,paired,HJ,BB,turn_2nd_defense paired HJvBB
D0304,design_turn_2nd_defense,MTT6mSimple,200.125,200.125-200.125-200.125-200.125-200.125-200.125,F-R2.2-F-F-F-C,X-R2.1-C,X-R5.2,,KsKd2cTh,turn_2nd_defense,paired,HJ,BB,turn_2nd_defense paired HJvBB
D0305,design_turn_probe,MTT6mSimple,200.125,200.125-200.125-200.125-200.125-200.125-200.125,F-R2.2-F-F-F-C,X-X,,,Ks7d2cTh,turn_probe,dry_high,HJ,BB,turn_probe dry_high HJvBB
D0306,design_turn_probe,MTT6mSimple,200.125,200.125-200.125-200.125-200.125-200.125-200.125,F-R2.2-F-F-F-C,X-X,,,Qh8d3sTh,turn_probe,dry_high,HJ,BB,turn_probe dry_high HJvBB
D0307,design_turn_probe,MTT6mSimple,200.125,200.125-200.125-200.125-200.125-200.125-200.125,F-R2.2-F-F-F-C,X-X,,,Js5c2hTh,turn_probe,dry_high,HJ,BB,turn_probe dry_high HJvBB
D0308,design_turn_probe,MTT6mSimple,200.125,200.125-200.125-200.125-200.125-200.125-200.125,F-R2.2-F-F-F-C,X-X,,,Ts9d7c2c,turn_probe,dynamic,HJ,BB,turn_probe dynamic HJvBB
D0309,design_turn_probe,MTT6mSimple,200.125,200.125-200.125-200.125-200.125-200.125-200.125,F-R2.2-F-F-F-C,X-X,,,9h8d6c2c,turn_probe,dynamic,HJ,BB,turn_probe dynamic HJvBB
D0310,design_turn_probe,MTT6mSimple,200.125,200.125-200.125-200.125-200.125-200.125-200.125,F-R2.2-F-F-F-C,X-X,,,8c7d5s2c,turn_probe,dynamic,HJ,BB,turn_probe dynamic HJvBB
D0311,design_turn_probe,MTT6mSimple,200.125,200.125-200.125-200.125-200.125-200.125-200.125,F-R2.2-F-F-F-C,X-X,,,Ts9s8d2h,turn_probe,dynamic_2tone,HJ,BB,turn_probe dynamic_2tone HJvBB
D0312,design_turn_probe,MTT6mSimple,200.125,200.125-200.125-200.125-200.125-200.125-200.125,F-R2.2-F-F-F-C,X-X,,,9s8s6d2h,turn_probe,dynamic_2tone,HJ,BB,turn_probe dynamic_2tone HJvBB
D0313,design_turn_probe,MTT6mSimple,200.125,200.125-200.125-200.125-200.125-200.125-200.125,F-R2.2-F-F-F-C,X-X,,,7s6s5d2h,turn_probe,dynamic_2tone,HJ,BB,turn_probe dynamic_2tone HJvBB
D0314,design_turn_probe,MTT6mSimple,200.125,200.125-200.125-200.125-200.125-200.125-200.125,F-R2.2-F-F-F-C,X-X,,,8s5h2cTd,turn_probe,low_dry,HJ,BB,turn_probe low_dry HJvBB
D0315,design_turn_probe,MTT6mSimple,200.125,200.125-200.125-200.125-200.125-200.125-200.125,F-R2.2-F-F-F-C,X-X,,,9c6d4sTd,turn_probe,low_dry,HJ,BB,turn_probe low_dry HJvBB
D0316,design_turn_probe,MTT6mSimple,200.125,200.125-200.125-200.125-200.125-200.125-200.125,F-R2.2-F-F-F-C,X-X,,,7h4d2cTd,turn_probe,low_dry,HJ,BB,turn_probe low_dry HJvBB
D0317,design_turn_probe,MTT6mSimple,200.125,200.125-200.125-200.125-200.125-200.125-200.125,F-R2.2-F-F-F-C,X-X,,,KsQsJs2d,turn_probe,monotone,HJ,BB,turn_probe monotone HJvBB
D0318,design_turn_probe,MTT6mSimple,200.125,200.125-200.125-200.125-200.125-200.125-200.125,F-R2.2-F-F-F-C,X-X,,,Ts8s5s2d,turn_probe,monotone,HJ,BB,turn_probe monotone HJvBB
D0319,design_turn_probe,MTT6mSimple,200.125,200.125-200.125-200.125-200.125-200.125-200.125,F-R2.2-F-F-F-C,X-X,,,9s7s4s2d,turn_probe,monotone,HJ,BB,turn_probe monotone HJvBB
D0320,design_turn_probe,MTT6mSimple,200.125,200.125-200.125-200.125-200.125-200.125-200.125,F-R2.2-F-F-F-C,X-X,,,Ks7d7cTh,turn_probe,paired,HJ,BB,turn_probe paired HJvBB
D0321,design_turn_probe,MTT6mSimple,200.125,200.125-200.125-200.125-200.125-200.125-200.125,F-R2.2-F-F-F-C,X-X,,,Th7s7d9c,turn_probe,paired,HJ,BB,turn_probe paired HJvBB
D0322,design_turn_probe,MTT6mSimple,200.125,200.125-200.125-200.125-200.125-200.125-200.125,F-R2.2-F-F-F-C,X-X,,,9s9d4cTh,turn_probe,paired,HJ,BB,turn_probe paired HJvBB
D0323,design_turn_probe,MTT6mSimple,200.125,200.125-200.125-200.125-200.125-200.125-200.125,F-R2.2-F-F-F-C,X-X,,,KsKd2cTh,turn_probe,paired,HJ,BB,turn_probe paired HJvBB
D0324,design_turn_probe_defense,MTT6mSimple,200.125,200.125-200.125-200.125-200.125-200.125-200.125,F-R2.2-F-F-F-C,X-X,X-R5.2,,Ks7d2cTh,turn_probe_defense,dry_high,HJ,BB,turn_probe_defense dry_high HJvBB
D0325,design_turn_probe_defense,MTT6mSimple,200.125,200.125-200.125-200.125-200.125-200.125-200.125,F-R2.2-F-F-F-C,X-X,X-R5.2,,Qh8d3sTh,turn_probe_defense,dry_high,HJ,BB,turn_probe_defense dry_high HJvBB
D0326,design_turn_probe_defense,MTT6mSimple,200.125,200.125-200.125-200.125-200.125-200.125-200.125,F-R2.2-F-F-F-C,X-X,X-R5.2,,Js5c2hTh,turn_probe_defense,dry_high,HJ,BB,turn_probe_defense dry_high HJvBB
D0327,design_turn_probe_defense,MTT6mSimple,200.125,200.125-200.125-200.125-200.125-200.125-200.125,F-R2.2-F-F-F-C,X-X,X-R5.2,,Ts9d7c2c,turn_probe_defense,dynamic,HJ,BB,turn_probe_defense dynamic HJvBB
D0328,design_turn_probe_defense,MTT6mSimple,200.125,200.125-200.125-200.125-200.125-200.125-200.125,F-R2.2-F-F-F-C,X-X,X-R5.2,,9h8d6c2c,turn_probe_defense,dynamic,HJ,BB,turn_probe_defense dynamic HJvBB
D0329,design_turn_probe_defense,MTT6mSimple,200.125,200.125-200.125-200.125-200.125-200.125-200.125,F-R2.2-F-F-F-C,X-X,X-R5.2,,8c7d5s2c,turn_probe_defense,dynamic,HJ,BB,turn_probe_defense dynamic HJvBB
D0330,design_turn_probe_defense,MTT6mSimple,200.125,200.125-200.125-200.125-200.125-200.125-200.125,F-R2.2-F-F-F-C,X-X,X-R5.2,,Ts9s8d2h,turn_probe_defense,dynamic_2tone,HJ,BB,turn_probe_defense dynamic_2tone HJvBB
D0331,design_turn_probe_defense,MTT6mSimple,200.125,200.125-200.125-200.125-200.125-200.125-200.125,F-R2.2-F-F-F-C,X-X,X-R5.2,,9s8s6d2h,turn_probe_defense,dynamic_2tone,HJ,BB,turn_probe_defense dynamic_2tone HJvBB
D0332,design_turn_probe_defense,MTT6mSimple,200.125,200.125-200.125-200.125-200.125-200.125-200.125,F-R2.2-F-F-F-C,X-X,X-R5.2,,7s6s5d2h,turn_probe_defense,dynamic_2tone,HJ,BB,turn_probe_defense dynamic_2tone HJvBB
D0333,design_turn_probe_defense,MTT6mSimple,200.125,200.125-200.125-200.125-200.125-200.125-200.125,F-R2.2-F-F-F-C,X-X,X-R5.2,,8s5h2cTd,turn_probe_defense,low_dry,HJ,BB,turn_probe_defense low_dry HJvBB
D0334,design_turn_probe_defense,MTT6mSimple,200.125,200.125-200.125-200.125-200.125-200.125-200.125,F-R2.2-F-F-F-C,X-X,X-R5.2,,9c6d4sTd,turn_probe_defense,low_dry,HJ,BB,turn_probe_defense low_dry HJvBB
D0335,design_turn_probe_defense,MTT6mSimple,200.125,200.125-200.125-200.125-200.125-200.125-200.125,F-R2.2-F-F-F-C,X-X,X-R5.2,,7h4d2cTd,turn_probe_defense,low_dry,HJ,BB,turn_probe_defense low_dry HJvBB
D0336,design_turn_probe_defense,MTT6mSimple,200.125,200.125-200.125-200.125-200.125-200.125-200.125,F-R2.2-F-F-F-C,X-X,X-R5.2,,KsQsJs2d,turn_probe_defense,monotone,HJ,BB,turn_probe_defense monotone HJvBB
D0337,design_turn_probe_defense,MTT6mSimple,200.125,200.125-200.125-200.125-200.125-200.125-200.125,F-R2.2-F-F-F-C,X-X,X-R5.2,,Ts8s5s2d,turn_probe_defense,monotone,HJ,BB,turn_probe_defense monotone HJvBB
D0338,design_turn_probe_defense,MTT6mSimple,200.125,200.125-200.125-200.125-200.125-200.125-200.125,F-R2.2-F-F-F-C,X-X,X-R5.2,,9s7s4s2d,turn_probe_defense,monotone,HJ,BB,turn_probe_defense monotone HJvBB
D0339,design_turn_probe_defense,MTT6mSimple,200.125,200.125-200.125-200.125-200.125-200.125-200.125,F-R2.2-F-F-F-C,X-X,X-R5.2,,Ks7d7cTh,turn_probe_defense,paired,HJ,BB,turn_probe_defense paired HJvBB
D0340,design_turn_probe_defense,MTT6mSimple,200.125,200.125-200.125-200.125-200.125-200.125-200.125,F-R2.2-F-F-F-C,X-X,X-R5.2,,Th7s7d9c,turn_probe_defense,paired,HJ,BB,turn_probe_defense paired HJvBB
D0341,design_turn_probe_defense,MTT6mSimple,200.125,200.125-200.125-200.125-200.125-200.125-200.125,F-R2.2-F-F-F-C,X-X,X-R5.2,,9s9d4cTh,turn_probe_defense,paired,HJ,BB,turn_probe_defense paired HJvBB
D0342,design_turn_probe_defense,MTT6mSimple,200.125,200.125-200.125-200.125-200.125-200.125-200.125,F-R2.2-F-F-F-C,X-X,X-R5.2,,KsKd2cTh,turn_probe_defense,paired,HJ,BB,turn_probe_defense paired HJvBB
