equity_bucket,mv_simple,board_family,dv_cat,median,iqr,count,pred_band,confidence
best_hands,2P_plus,dry_high,flush_draw,0.2903,0.98775,43,lean_check,LOW
best_hands,2P_plus,dry_high,no_draw,0.4809,0.94425,6462,pure_mix,LOW
best_hands,2P_plus,dry_high,twocards_bdfd,0.8982,0.4665499999999999,126,almost_bet,LOW
best_hands,2P_plus,dynamic,flush_draw,0.4233,0.9516499999999999,98,pure_mix,LOW
best_hands,2P_plus,dynamic,gutshot,0.8474,0.9032,161,almost_bet,LOW
best_hands,2P_plus,dynamic,no_draw,0.57035,0.9143,5820,pure_mix,LOW
best_hands,2P_plus,dynamic,oesd,0.4345,0.7160500000000001,112,pure_mix,LOW
best_hands,2P_plus,dynamic,twocards_bdfd,0.87035,0.39417499999999994,278,almost_bet,LOW
best_hands,2P_plus,dynamic_2tone,no_draw,0.6874,0.16010000000000002,95,lean_bet,MED
best_hands,2P_plus,dynamic_2tone,onecard_bdfd,0.86545,0.18480000000000008,40,almost_bet,MED
best_hands,2P_plus,low_dry,no_draw,0.5529,0.6573249999999999,104,pure_mix,LOW
best_hands,2P_plus,monotone,no_draw,0.2006,0.603,1277,lean_check,LOW
best_hands,2P_plus,paired,no_draw,0.8549,0.9676,1063,almost_bet,LOW
best_hands,2P_plus,paired,twocards_bdfd,0.8847,0.345,197,almost_bet,LOW
best_hands,ace_high,dry_high,nut_flush_draw,0.6242,0.24120000000000008,53,lean_bet,MED
best_hands,no_made,dry_high,oesd,0.6883,0.31110000000000004,101,lean_bet,LOW
best_hands,overpair,dry_high,no_draw,0.9644,0.24840000000000007,561,almost_bet,MED
best_hands,overpair,dry_high,onecard_bdfd,0.6365,0.43205000000000005,39,lean_bet,LOW
best_hands,overpair,dynamic,gutshot,0.93955,0.5090749999999999,52,almost_bet,LOW
best_hands,overpair,dynamic,no_draw,0.642,0.5299,301,lean_bet,LOW
best_hands,overpair,dynamic,oesd,0.9818,0.0767000000000001,59,almost_bet,HIGH
best_hands,overpair,low_dry,no_draw,0.7956,0.355375,162,lean_bet,LOW
best_hands,overpair,monotone,nut_flush_draw,0.6433500000000001,0.12660000000000005,30,lean_bet,MED
best_hands,overpair,paired,no_draw,0.6689,0.39409999999999995,246,lean_bet,LOW
best_hands,second_pair,dry_high,no_draw,0.1159,0.2345,33,almost_check,MED
best_hands,second_pair,dynamic,no_draw,0.9992,0.0032999999999999696,140,almost_bet,HIGH
best_hands,second_pair,monotone,nut_flush_draw,0.3764,0.13410000000000005,38,lean_check,MED
best_hands,top_pair,dry_high,flush_draw,0.0398,0.4113,101,almost_check,LOW
best_hands,top_pair,dry_high,gutshot,0.4368,0.6823,169,pure_mix,LOW
best_hands,top_pair,dry_high,no_draw,0.548,0.6547999999999999,5589,pure_mix,LOW
best_hands,top_pair,dry_high,onecard_bdfd,0.4434,0.383725,74,pure_mix,LOW
best_hands,top_pair,dry_high,twocards_bdfd,0.8343499999999999,0.506,910,almost_bet,LOW
best_hands,top_pair,dynamic,gutshot,0.9246,0.23039999999999994,157,almost_bet,MED
best_hands,top_pair,dynamic,no_draw,0.90325,0.614825,354,almost_bet,LOW
best_hands,top_pair,dynamic,oesd,0.6106,0.8246,89,lean_bet,LOW
best_hands,top_pair,low_dry,no_draw,0.6008,0.44345,156,lean_bet,LOW
best_hands,top_pair,low_dry,twocards_bdfd,0.7036,0.40932499999999994,58,lean_bet,LOW
best_hands,top_pair,monotone,flush_draw,0.2891,0.34590000000000004,71,lean_check,LOW
best_hands,top_pair,monotone,no_draw,0.28259999999999996,0.31015,32,lean_check,LOW
best_hands,top_pair,monotone,nut_flush_draw,0.858,0.2064999999999999,47,almost_bet,MED
best_hands,weak_pair,paired,no_draw,0.9361,0.1371,89,almost_bet,MED
good_hands,2P_plus,dry_high,no_draw,0.127,0.8701,569,almost_check,LOW
good_hands,2P_plus,dynamic,no_draw,0.14865,0.7085,2584,almost_check,LOW
good_hands,2P_plus,dynamic,twocards_bdfd,0.49795,0.775075,70,pure_mix,LOW
good_hands,2P_plus,dynamic_2tone,no_draw,0.4745,0.219225,82,pure_mix,MED
good_hands,2P_plus,monotone,no_draw,0.0003,0.0058000000000000005,559,almost_check,HIGH
good_hands,2P_plus,paired,no_draw,0.0005,0.0014,299,almost_check,HIGH
good_hands,ace_high,dry_high,combo_draw,0.00645,0.8422499999999999,64,almost_check,LOW
good_hands,ace_high,dry_high,gutshot,0.68955,0.30594999999999994,388,lean_bet,LOW
good_hands,ace_high,dry_high,no_draw,0.882,0.06345000000000012,66,almost_bet,HIGH
good_hands,ace_high,dry_high,nut_flush_draw,0.53945,0.9974,32,pure_mix,LOW
good_hands,ace_high,dry_high,onecard_bdfd,0.3777,0.23160000000000003,30,lean_check,MED
good_hands,ace_high,dry_high,twocards_bdfd,0.7217,0.40880000000000005,49,lean_bet,LOW
good_hands,ace_high,dynamic,gutshot,0.53285,0.4450999999999999,370,pure_mix,LOW
good_hands,ace_high,dynamic,no_draw,0.6831,0.22287499999999993,76,lean_bet,MED
good_hands,ace_high,dynamic,oesd,0.3956,0.44179999999999997,265,lean_check,LOW
good_hands,ace_high,dynamic,twocards_bdfd,0.2745,0.625,63,lean_check,LOW
good_hands,ace_high,dynamic_2tone,oesd,0.7427,0.2692,55,lean_bet,MED
good_hands,ace_high,low_dry,gutshot,0.5717,0.27164999999999995,71,pure_mix,MED
good_hands,ace_high,low_dry,twocards_bdfd,0.0725,0.47050000000000003,48,almost_check,LOW
good_hands,ace_high,monotone,combo_draw,0.3767,0.5695,157,lean_check,LOW
good_hands,ace_high,monotone,flush_draw,0.2741,0.4392,79,lean_check,LOW
good_hands,ace_high,monotone,nut_flush_draw,0.4143,0.7330000000000001,268,pure_mix,LOW
good_hands,ace_high,paired,gutshot,0.7848,0.23314999999999997,64,lean_bet,MED
good_hands,ace_high,paired,no_draw,0.5983,0.38775000000000004,539,pure_mix,LOW
good_hands,ace_high,paired,twocards_bdfd,0.6187,0.522075,216,lean_bet,LOW
good_hands,king_high,dry_high,combo_draw,0.0262,0.8133499999999999,35,almost_check,LOW
good_hands,king_high,dry_high,gutshot,0.7201500000000001,0.22119999999999995,60,lean_bet,MED
good_hands,king_high,dry_high,oesd,0.70635,0.14687499999999998,30,lean_bet,MED
good_hands,king_high,dynamic,combo_draw,0.866,0.9598500000000001,31,almost_bet,LOW
good_hands,king_high,dynamic,gutshot,0.92245,0.20767500000000005,66,almost_bet,MED
good_hands,king_high,dynamic,oesd,0.725,0.4428,177,lean_bet,LOW
good_hands,king_high,dynamic_2tone,combo_draw,0.68545,0.2579,30,lean_bet,MED
good_hands,king_high,dynamic_2tone,oesd,0.7875,0.17192499999999988,30,lean_bet,MED
good_hands,king_high,monotone,combo_draw,0.3194,0.6849,81,lean_check,LOW
good_hands,king_high,monotone,flush_draw,0.6255,0.7279,90,lean_bet,LOW
good_hands,no_made,dry_high,combo_draw,0.048,0.4563,55,almost_check,LOW
good_hands,no_made,dry_high,flush_draw,0.6715,0.3417,77,lean_bet,LOW
good_hands,no_made,dry_high,gutshot,0.83075,0.3256,316,almost_bet,LOW
good_hands,no_made,dry_high,oesd,0.6298,0.3979,481,lean_bet,LOW
good_hands,no_made,dynamic,combo_draw,0.6635,0.9426000000000001,65,lean_bet,LOW
good_hands,no_made,dynamic,gutshot,0.6956,0.29535,159,lean_bet,MED
good_hands,no_made,dynamic,oesd,0.6524,0.393225,410,lean_bet,LOW
good_hands,no_made,dynamic_2tone,combo_draw,0.67535,0.428725,38,lean_bet,LOW
good_hands,no_made,low_dry,gutshot,0.67815,0.311075,64,lean_bet,LOW
good_hands,no_made,low_dry,oesd,0.3617,0.13904999999999995,31,lean_check,MED
good_hands,no_made,monotone,combo_draw,0.4165,0.7000000000000001,162,pure_mix,LOW
good_hands,no_made,monotone,flush_draw,0.6603,0.34700000000000003,63,lean_bet,LOW
good_hands,no_made,paired,gutshot,0.8915,0.143675,86,almost_bet,MED
good_hands,no_made,paired,oesd,0.6304,0.6611750000000001,36,lean_bet,LOW
good_hands,overpair,dry_high,no_draw,0.5611,0.31155,87,pure_mix,LOW
good_hands,overpair,dynamic,gutshot,0.9586,0.3792,200,almost_bet,LOW
good_hands,overpair,dynamic,no_draw,0.57405,0.47492500000000004,730,pure_mix,LOW
good_hands,overpair,dynamic,oesd,0.41564999999999996,0.8999499999999999,194,pure_mix,LOW
good_hands,overpair,dynamic_2tone,gutshot,0.7211,0.14640000000000009,30,lean_bet,MED
good_hands,overpair,dynamic_2tone,oesd,0.69845,0.3093,30,lean_bet,LOW
good_hands,overpair,low_dry,no_draw,0.348,0.22935,108,lean_check,MED
good_hands,overpair,monotone,flush_draw,0.2529,0.6539,49,lean_check,LOW
good_hands,overpair,monotone,no_draw,0.3326,0.5669500000000001,96,lean_check,LOW
good_hands,overpair,paired,no_draw,0.5812,0.38225000000000003,174,pure_mix,LOW
good_hands,second_pair,dry_high,flush_draw,0.0013,0.0018999999999999998,65,almost_check,HIGH
good_hands,second_pair,dry_high,gutshot,0.0002,0.056575,264,almost_check,HIGH
good_hands,second_pair,dry_high,no_draw,0.0063,0.41500000000000004,3837,almost_check,LOW
good_hands,second_pair,dry_high,oesd,0.0002,0.0042,89,almost_check,HIGH
good_hands,second_pair,dry_high,onecard_bdfd,0.50925,0.507625,38,pure_mix,LOW
good_hands,second_pair,dry_high,twocards_bdfd,0.757,0.765,636,lean_bet,LOW
good_hands,second_pair,dynamic,flush_draw,0.0015,0.004675,32,almost_check,HIGH
good_hands,second_pair,dynamic,gutshot,0.3091,0.67505,803,lean_check,LOW
good_hands,second_pair,dynamic,no_draw,0.0482,0.9582999999999999,1215,almost_check,LOW
good_hands,second_pair,dynamic,oesd,0.0008,0.5564,491,almost_check,LOW
good_hands,second_pair,dynamic,twocards_bdfd,0.40095000000000003,0.682875,216,pure_mix,LOW
good_hands,second_pair,dynamic_2tone,gutshot,0.5836,0.16080000000000005,45,pure_mix,MED
good_hands,second_pair,dynamic_2tone,oesd,0.3669,0.33299999999999996,93,lean_check,LOW
good_hands,second_pair,low_dry,no_draw,0.3594,0.7067,101,lean_check,LOW
good_hands,second_pair,low_dry,twocards_bdfd,0.36925,0.7918999999999999,84,lean_check,LOW
good_hands,second_pair,monotone,flush_draw,0.00065,0.188275,216,almost_check,MED
good_hands,second_pair,monotone,no_draw,0.1515,0.2279,214,almost_check,MED
good_hands,second_pair,paired,no_draw,0.32655,0.88,564,lean_check,LOW
good_hands,second_pair,paired,twocards_bdfd,0.4851,0.770775,248,pure_mix,LOW
good_hands,third_pair,dry_high,flush_draw,0.0010999999999999998,0.004325,38,almost_check,HIGH
good_hands,third_pair,dry_high,gutshot,0.0002,0.33405,106,almost_check,LOW
good_hands,third_pair,dry_high,no_draw,0.48815,0.718175,436,pure_mix,LOW
good_hands,third_pair,dry_high,oesd,0.0001,0.0001,60,almost_check,HIGH
good_hands,third_pair,dry_high,onecard_bdfd,0.7012,0.23039999999999994,49,lean_bet,MED
good_hands,third_pair,dry_high,twocards_bdfd,0.758,0.7604,280,lean_bet,LOW
good_hands,third_pair,dynamic,gutshot,0.0201,0.6116,546,almost_check,LOW
good_hands,third_pair,dynamic,no_draw,0.0011,0.609925,296,almost_check,LOW
good_hands,third_pair,dynamic,oesd,0.0003,0.447175,468,almost_check,LOW
good_hands,third_pair,dynamic,twocards_bdfd,0.357,0.744475,98,lean_check,LOW
good_hands,third_pair,dynamic_2tone,oesd,0.17635,0.323425,32,almost_check,LOW
good_hands,third_pair,low_dry,no_draw,0.3392,0.43484999999999996,75,lean_check,LOW
good_hands,third_pair,low_dry,twocards_bdfd,0.7401,0.5588500000000001,32,lean_bet,LOW
good_hands,third_pair,monotone,flush_draw,0.0429,0.2133,206,almost_check,MED
good_hands,third_pair,monotone,nut_flush_draw,0.0013,0.20629999999999998,38,almost_check,MED
good_hands,third_pair,paired,no_draw,0.677,0.41369999999999996,181,lean_bet,LOW
good_hands,top_pair,dry_high,flush_draw,0.0001,0.0001,52,almost_check,HIGH
good_hands,top_pair,dry_high,gutshot,0.0007,0.13720000000000002,229,almost_check,MED
good_hands,top_pair,dry_high,no_draw,0.0243,0.5186999999999999,4980,almost_check,LOW
good_hands,top_pair,dry_high,oesd,0.0004,0.00265,95,almost_check,HIGH
good_hands,top_pair,dry_high,onecard_bdfd,0.20205,0.36567500000000003,40,lean_check,LOW
good_hands,top_pair,dry_high,twocards_bdfd,0.3386,0.51965,350,lean_check,LOW
good_hands,top_pair,dynamic,gutshot,0.36555,0.71025,850,lean_check,LOW
good_hands,top_pair,dynamic,no_draw,0.4597,0.85805,2407,pure_mix,LOW
good_hands,top_pair,dynamic,oesd,0.1471,0.7051000000000001,517,almost_check,LOW
good_hands,top_pair,dynamic,twocards_bdfd,0.7677499999999999,0.42852500000000004,334,lean_bet,LOW
good_hands,top_pair,dynamic_2tone,gutshot,0.5331,0.18010000000000004,69,pure_mix,MED
good_hands,top_pair,dynamic_2tone,no_draw,0.3395,0.17959999999999998,74,lean_check,MED
good_hands,top_pair,dynamic_2tone,oesd,0.4371,0.3411,69,pure_mix,LOW
good_hands,top_pair,low_dry,no_draw,0.3577,0.395525,154,lean_check,LOW
good_hands,top_pair,low_dry,twocards_bdfd,0.6813,0.49770000000000003,49,lean_bet,LOW
good_hands,top_pair,monotone,flush_draw,0.0028,0.26285000000000003,262,almost_check,MED
good_hands,top_pair,monotone,no_draw,0.2567,0.4275,1067,lean_check,LOW
good_hands,weak_pair,dry_high,flush_draw,0.0003,0.0024000000000000002,41,almost_check,HIGH
good_hands,weak_pair,dry_high,no_draw,0.1958,0.5661,1653,almost_check,LOW
good_hands,weak_pair,dry_high,onecard_bdfd,0.5663,0.7315999999999999,75,pure_mix,LOW
good_hands,weak_pair,dynamic,gutshot,0.0069,0.61245,279,almost_check,LOW
good_hands,weak_pair,dynamic,no_draw,0.2642,0.229775,30,lean_check,MED
good_hands,weak_pair,dynamic,oesd,0.0009,0.2326,239,almost_check,MED
good_hands,weak_pair,low_dry,no_draw,0.14200000000000002,0.405675,94,almost_check,LOW
good_hands,weak_pair,monotone,flush_draw,0.234,0.3329,119,lean_check,LOW
good_hands,weak_pair,paired,no_draw,0.8316,0.4583499999999999,375,almost_bet,LOW
trash_hands,2P_plus,dry_high,no_draw,0.82665,0.7748250000000001,48,almost_bet,LOW
trash_hands,2P_plus,dynamic,no_draw,0.0001,0.0,52,almost_check,HIGH
trash_hands,ace_high,dry_high,gutshot,0.0016,0.600425,1322,almost_check,LOW
trash_hands,ace_high,dry_high,no_draw,0.0464,0.5655,9372,almost_check,LOW
trash_hands,ace_high,dry_high,oesd,0.0009,0.0006749999999999999,94,almost_check,HIGH
trash_hands,ace_high,dry_high,onecard_bdfd,0.557,0.5744,45,pure_mix,LOW
trash_hands,ace_high,dry_high,twocards_bdfd,0.2272,0.476125,716,lean_check,LOW
trash_hands,ace_high,dynamic,gutshot,0.07765,0.59195,1924,almost_check,LOW
trash_hands,ace_high,dynamic,no_draw,0.001,0.22705,5447,almost_check,MED
trash_hands,ace_high,dynamic,oesd,0.1056,0.7711,641,almost_check,LOW
trash_hands,ace_high,dynamic,twocards_bdfd,0.19724999999999998,0.5097999999999999,436,almost_check,LOW
trash_hands,ace_high,dynamic_2tone,gutshot,0.4372,0.4599,81,pure_mix,LOW
trash_hands,ace_high,dynamic_2tone,no_draw,0.2028,0.43884999999999996,198,lean_check,LOW
trash_hands,ace_high,dynamic_2tone,onecard_bdfd,0.7403,0.3208249999999999,120,lean_bet,LOW
trash_hands,ace_high,low_dry,no_draw,0.0984,0.2674,565,almost_check,MED
trash_hands,ace_high,low_dry,twocards_bdfd,0.0912,0.2794,153,almost_check,MED
trash_hands,ace_high,monotone,flush_draw,0.0007,0.218725,108,almost_check,MED
trash_hands,ace_high,monotone,gutshot,0.1875,0.4838,237,almost_check,LOW
trash_hands,ace_high,monotone,no_draw,0.0012,0.3556,1180,almost_check,LOW
trash_hands,ace_high,paired,gutshot,0.0,0.0003,62,almost_check,HIGH
trash_hands,ace_high,paired,no_draw,0.0025,0.97755,1074,almost_check,LOW
trash_hands,ace_high,paired,twocards_bdfd,0.99485,0.9019999999999999,96,almost_bet,LOW
trash_hands,king_high,dry_high,gutshot,0.0063,0.184675,398,almost_check,MED
trash_hands,king_high,dry_high,no_draw,0.0761,0.5041000000000001,3550,almost_check,LOW
trash_hands,king_high,dry_high,oesd,0.002,0.0006000000000000001,216,almost_check,HIGH
trash_hands,king_high,dry_high,twocards_bdfd,0.1703,0.494875,646,almost_check,LOW
trash_hands,king_high,dynamic,gutshot,0.0144,0.70755,1967,almost_check,LOW
trash_hands,king_high,dynamic,no_draw,0.02,0.55345,4119,almost_check,LOW
trash_hands,king_high,dynamic,oesd,0.1251,0.8371,933,almost_check,LOW
trash_hands,king_high,dynamic,twocards_bdfd,0.215,0.4909,394,lean_check,LOW
trash_hands,king_high,dynamic_2tone,gutshot,0.5167999999999999,0.3330000000000001,54,pure_mix,LOW
trash_hands,king_high,dynamic_2tone,no_draw,0.2243,0.38939999999999997,30,lean_check,LOW
trash_hands,king_high,low_dry,no_draw,0.0799,0.41182500000000005,478,almost_check,LOW
trash_hands,king_high,low_dry,twocards_bdfd,0.07035,0.43435,164,almost_check,LOW
trash_hands,king_high,monotone,flush_draw,0.0006,0.0021,126,almost_check,HIGH
trash_hands,king_high,monotone,gutshot,0.0029,0.4304,165,almost_check,LOW
trash_hands,king_high,monotone,no_draw,0.00045,0.36760000000000004,486,almost_check,LOW
trash_hands,king_high,paired,no_draw,0.0918,0.56145,907,almost_check,LOW
trash_hands,king_high,paired,twocards_bdfd,0.4366,0.3681,87,pure_mix,LOW
trash_hands,no_made,dry_high,combo_draw,0.00065,0.11215,60,almost_check,MED
trash_hands,no_made,dry_high,flush_draw,0.0073,0.403875,364,almost_check,LOW
trash_hands,no_made,dry_high,gutshot,0.008150000000000001,0.484725,3804,almost_check,LOW
trash_hands,no_made,dry_high,no_draw,0.0114,0.558725,21290,almost_check,LOW
trash_hands,no_made,dry_high,oesd,0.017750000000000002,0.426625,742,almost_check,LOW
trash_hands,no_made,dry_high,twocards_bdfd,0.3941,0.695675,1620,lean_check,LOW
trash_hands,no_made,dynamic,flush_draw,0.0031,0.95485,59,almost_check,LOW
trash_hands,no_made,dynamic,gutshot,0.0125,0.5557500000000001,2915,almost_check,LOW
trash_hands,no_made,dynamic,no_draw,0.02785,0.740775,4790,almost_check,LOW
trash_hands,no_made,dynamic,oesd,0.0209,0.6067,2013,almost_check,LOW
trash_hands,no_made,dynamic,twocards_bdfd,0.5738000000000001,0.769925,470,pure_mix,LOW
trash_hands,no_made,dynamic_2tone,gutshot,0.5798,0.36819999999999997,37,pure_mix,LOW
trash_hands,no_made,low_dry,gutshot,0.1997,0.13790000000000002,137,almost_check,MED
trash_hands,no_made,low_dry,no_draw,0.18080000000000002,0.45899999999999996,302,almost_check,LOW
trash_hands,no_made,low_dry,twocards_bdfd,0.08065,0.492125,116,almost_check,LOW
trash_hands,no_made,monotone,combo_draw,0.0002,0.0017,165,almost_check,HIGH
trash_hands,no_made,monotone,flush_draw,0.001,0.0031,279,almost_check,HIGH
trash_hands,no_made,monotone,gutshot,0.0006,0.38780000000000003,532,almost_check,LOW
trash_hands,no_made,monotone,no_draw,0.0002,0.10445,1536,almost_check,MED
trash_hands,no_made,monotone,oesd,0.0002,0.1882,156,almost_check,MED
trash_hands,no_made,paired,flush_draw,0.0006,0.001325,92,almost_check,HIGH
trash_hands,no_made,paired,gutshot,0.0006,0.0006,172,almost_check,HIGH
trash_hands,no_made,paired,no_draw,0.0006,0.28455,2987,almost_check,MED
trash_hands,no_made,paired,oesd,0.0011,0.0051,47,almost_check,HIGH
trash_hands,no_made,paired,twocards_bdfd,0.0025,0.7139,583,almost_check,LOW
trash_hands,overpair,dynamic,no_draw,0.11445,0.88505,96,almost_check,LOW
trash_hands,second_pair,dry_high,no_draw,0.0024,0.4868,1705,almost_check,LOW
trash_hands,second_pair,dry_high,twocards_bdfd,0.21765,0.2857,236,lean_check,MED
trash_hands,second_pair,dynamic,gutshot,0.0009,0.52785,98,almost_check,LOW
trash_hands,second_pair,dynamic,no_draw,0.0764,0.97465,867,almost_check,LOW
trash_hands,second_pair,dynamic,oesd,0.0041,0.9502,37,almost_check,LOW
trash_hands,second_pair,dynamic,twocards_bdfd,0.1211,0.47289999999999993,89,almost_check,LOW
trash_hands,second_pair,low_dry,no_draw,0.2514,0.28300000000000003,41,lean_check,MED
trash_hands,second_pair,low_dry,twocards_bdfd,0.1912,0.1541,73,almost_check,MED
trash_hands,second_pair,monotone,no_draw,0.0004,0.0004999999999999999,322,almost_check,HIGH
trash_hands,second_pair,paired,no_draw,0.00030000000000000003,0.00030000000000000003,232,almost_check,HIGH
trash_hands,third_pair,dry_high,gutshot,0.10845,0.82745,182,almost_check,LOW
trash_hands,third_pair,dry_high,no_draw,0.0003,0.016749999999999998,5150,almost_check,HIGH
trash_hands,third_pair,dry_high,twocards_bdfd,0.266,0.277175,158,lean_check,MED
trash_hands,third_pair,dynamic,gutshot,0.00555,0.168775,170,almost_check,MED
trash_hands,third_pair,dynamic,no_draw,0.0006,0.0345,1485,almost_check,HIGH
trash_hands,third_pair,dynamic,oesd,0.6052,0.7897,77,lean_bet,LOW
trash_hands,third_pair,dynamic,twocards_bdfd,0.06085,0.37965,92,almost_check,LOW
trash_hands,third_pair,low_dry,no_draw,0.037,0.11705000000000002,131,almost_check,MED
trash_hands,third_pair,low_dry,twocards_bdfd,0.20725,0.16745,34,lean_check,MED
trash_hands,third_pair,monotone,gutshot,0.0007,0.2198,30,almost_check,MED
trash_hands,third_pair,monotone,no_draw,0.0003,0.0015,962,almost_check,HIGH
trash_hands,third_pair,paired,no_draw,0.0001,0.0003,443,almost_check,HIGH
trash_hands,top_pair,dry_high,no_draw,0.05605,0.73475,438,almost_check,LOW
trash_hands,top_pair,dynamic,gutshot,0.0576,0.795525,38,almost_check,LOW
trash_hands,top_pair,dynamic,no_draw,0.3749,0.9878,437,lean_check,LOW
trash_hands,top_pair,dynamic,twocards_bdfd,0.04395,0.202825,36,almost_check,MED
trash_hands,top_pair,monotone,no_draw,0.0002,0.00019999999999999998,103,almost_check,HIGH
trash_hands,top_pair,paired,no_draw,0.0001,0.0,46,almost_check,HIGH
trash_hands,weak_pair,dry_high,gutshot,0.0007,0.38205,212,almost_check,LOW
trash_hands,weak_pair,dry_high,no_draw,0.0005,0.034499999999999996,5430,almost_check,HIGH
trash_hands,weak_pair,dry_high,oesd,0.001,0.0009749999999999998,32,almost_check,HIGH
trash_hands,weak_pair,dynamic,gutshot,0.0002,0.025925,472,almost_check,HIGH
trash_hands,weak_pair,dynamic,no_draw,0.0003,0.03215,4260,almost_check,HIGH
trash_hands,weak_pair,dynamic,oesd,0.049,0.48505,167,almost_check,LOW
trash_hands,weak_pair,dynamic_2tone,no_draw,0.008,0.1019,75,almost_check,MED
trash_hands,weak_pair,dynamic_2tone,onecard_bdfd,0.3188,0.6582,69,lean_check,LOW
trash_hands,weak_pair,low_dry,no_draw,0.24085,0.46825,66,lean_check,LOW
trash_hands,weak_pair,monotone,flush_draw,0.0009,0.0704,57,almost_check,HIGH
trash_hands,weak_pair,monotone,no_draw,0.0006,0.0991,483,almost_check,HIGH
trash_hands,weak_pair,paired,no_draw,0.0001,0.0001,126,almost_check,HIGH
weak_hands,2P_plus,dynamic,no_draw,0.0001,0.01025,498,almost_check,HIGH
weak_hands,2P_plus,monotone,no_draw,0.0001,0.0001,197,almost_check,HIGH
weak_hands,2P_plus,paired,no_draw,0.0014,0.0011,50,almost_check,HIGH
weak_hands,ace_high,dry_high,gutshot,0.0057,0.44362500000000005,304,almost_check,LOW
weak_hands,ace_high,dry_high,no_draw,0.3972,0.6538999999999999,1468,lean_check,LOW
weak_hands,ace_high,dry_high,nut_flush_draw,0.0111,0.9755,85,almost_check,LOW
weak_hands,ace_high,dry_high,onecard_bdfd,0.534,0.5828,219,pure_mix,LOW
weak_hands,ace_high,dry_high,twocards_bdfd,0.26975,0.5498000000000001,748,lean_check,LOW
weak_hands,ace_high,dynamic,gutshot,0.44455,0.682725,1012,pure_mix,LOW
weak_hands,ace_high,dynamic,no_draw,0.1667,0.4249,549,almost_check,LOW
weak_hands,ace_high,dynamic,oesd,0.3963,0.5371250000000001,368,lean_check,LOW
weak_hands,ace_high,dynamic,twocards_bdfd,0.0129,0.14325,131,almost_check,MED
weak_hands,ace_high,dynamic_2tone,gutshot,0.5106,0.36489999999999995,70,pure_mix,LOW
weak_hands,ace_high,dynamic_2tone,oesd,0.5007,0.479,87,pure_mix,LOW
weak_hands,ace_high,low_dry,no_draw,0.1619,0.43834999999999996,307,almost_check,LOW
weak_hands,ace_high,low_dry,twocards_bdfd,0.2095,0.6203,81,lean_check,LOW
weak_hands,ace_high,monotone,flush_draw,0.0642,0.4264,146,almost_check,LOW
weak_hands,ace_high,monotone,gutshot,0.1346,0.18330000000000002,63,almost_check,MED
weak_hands,ace_high,monotone,nut_flush_draw,0.6277,0.9318,65,lean_bet,LOW
weak_hands,ace_high,paired,no_draw,0.5347,0.5934,872,pure_mix,LOW
weak_hands,ace_high,paired,twocards_bdfd,0.4111,0.6992,249,pure_mix,LOW
weak_hands,king_high,dry_high,gutshot,0.6556500000000001,0.5344500000000001,164,lean_bet,LOW
weak_hands,king_high,dry_high,no_draw,0.55245,0.468925,452,pure_mix,LOW
weak_hands,king_high,dry_high,oesd,0.0024,0.5003000000000001,143,almost_check,LOW
weak_hands,king_high,dry_high,onecard_bdfd,0.8564,0.21352499999999996,60,almost_bet,MED
weak_hands,king_high,dry_high,twocards_bdfd,0.5988,0.41605,540,pure_mix,LOW
weak_hands,king_high,dynamic,gutshot,0.6456500000000001,0.3994499999999999,496,lean_bet,LOW
weak_hands,king_high,dynamic,no_draw,0.139,0.6859999999999999,189,almost_check,LOW
weak_hands,king_high,dynamic,oesd,0.6038,0.6508999999999999,233,lean_bet,LOW
weak_hands,king_high,dynamic,twocards_bdfd,0.2106,0.49049999999999994,173,lean_check,LOW
weak_hands,king_high,dynamic_2tone,gutshot,0.4987,0.16859999999999997,37,pure_mix,MED
weak_hands,king_high,dynamic_2tone,oesd,0.5269999999999999,0.4979,86,pure_mix,LOW
weak_hands,king_high,low_dry,no_draw,0.599,0.23940000000000006,121,pure_mix,MED
weak_hands,king_high,low_dry,twocards_bdfd,0.6035,0.44389999999999996,113,lean_bet,LOW
weak_hands,king_high,monotone,combo_draw,0.0186,0.1315,33,almost_check,MED
weak_hands,king_high,monotone,flush_draw,0.2269,0.5182000000000001,39,lean_check,LOW
weak_hands,king_high,paired,no_draw,0.6747,0.37900000000000006,281,lean_bet,LOW
weak_hands,king_high,paired,twocards_bdfd,0.6014,0.43560000000000004,237,lean_bet,LOW
weak_hands,no_made,dry_high,combo_draw,0.0112,0.49360000000000004,109,almost_check,LOW
weak_hands,no_made,dry_high,flush_draw,0.6613,0.8229,205,lean_bet,LOW
weak_hands,no_made,dry_high,gutshot,0.5954,0.3824,765,pure_mix,LOW
weak_hands,no_made,dry_high,no_draw,0.7365,0.21940000000000004,169,lean_bet,MED
weak_hands,no_made,dry_high,oesd,0.1799,0.5703749999999999,370,almost_check,LOW
weak_hands,no_made,dry_high,onecard_bdfd,0.7139,0.16470000000000007,109,lean_bet,MED
weak_hands,no_made,dry_high,twocards_bdfd,0.6606,0.38935,1207,lean_bet,LOW
weak_hands,no_made,dynamic,combo_draw,0.047299999999999995,0.879525,64,almost_check,LOW
weak_hands,no_made,dynamic,gutshot,0.5266,0.54765,531,pure_mix,LOW
weak_hands,no_made,dynamic,no_draw,0.583,0.20224999999999993,55,pure_mix,MED
weak_hands,no_made,dynamic,oesd,0.5366500000000001,0.7499250000000001,228,pure_mix,LOW
weak_hands,no_made,dynamic,twocards_bdfd,0.5052,0.2721,229,pure_mix,MED
weak_hands,no_made,dynamic_2tone,oesd,0.5125,0.19949999999999996,71,pure_mix,MED
weak_hands,no_made,low_dry,no_draw,0.6217,0.22059999999999996,125,lean_bet,MED
weak_hands,no_made,low_dry,twocards_bdfd,0.6910000000000001,0.31800000000000006,190,lean_bet,LOW
weak_hands,no_made,monotone,combo_draw,0.21450000000000002,0.716925,96,lean_check,LOW
weak_hands,no_made,monotone,flush_draw,0.0001,0.0992,105,almost_check,HIGH
weak_hands,no_made,monotone,gutshot,0.336,0.16920000000000002,38,lean_check,MED
weak_hands,no_made,monotone,oesd,0.2356,0.41215,132,lean_check,LOW
weak_hands,no_made,paired,gutshot,0.305,0.728,142,lean_check,LOW
weak_hands,no_made,paired,no_draw,0.8831,0.4336,337,almost_bet,LOW
weak_hands,no_made,paired,twocards_bdfd,0.7675,0.36715,716,lean_bet,LOW
weak_hands,overpair,dynamic,gutshot,0.1585,0.37845,95,almost_check,LOW
weak_hands,overpair,dynamic,no_draw,0.145,0.7081,313,almost_check,LOW
weak_hands,overpair,low_dry,no_draw,0.45765,0.19532500000000003,36,pure_mix,MED
weak_hands,overpair,paired,no_draw,0.0002,0.000375,30,almost_check,HIGH
weak_hands,second_pair,dry_high,gutshot,0.0002,0.008,77,almost_check,HIGH
weak_hands,second_pair,dry_high,no_draw,0.0002,0.045599999999999995,2301,almost_check,HIGH
weak_hands,second_pair,dry_high,twocards_bdfd,0.44055,0.484425,120,pure_mix,LOW
weak_hands,second_pair,dynamic,gutshot,0.0008,0.155925,260,almost_check,MED
weak_hands,second_pair,dynamic,no_draw,0.0191,0.7923,1069,almost_check,LOW
weak_hands,second_pair,dynamic,oesd,0.06714999999999999,0.70115,104,almost_check,LOW
weak_hands,second_pair,dynamic,twocards_bdfd,0.7398,0.30590000000000006,31,lean_bet,LOW
weak_hands,second_pair,dynamic_2tone,no_draw,0.1881,0.21530000000000002,50,almost_check,MED
weak_hands,second_pair,monotone,no_draw,0.0011,0.1549,733,almost_check,MED
weak_hands,second_pair,paired,no_draw,0.0001,0.00019999999999999998,110,almost_check,HIGH
weak_hands,third_pair,dry_high,flush_draw,0.0,0.0017,39,almost_check,HIGH
weak_hands,third_pair,dry_high,gutshot,0.0002,0.0024000000000000002,184,almost_check,HIGH
weak_hands,third_pair,dry_high,no_draw,0.0005,0.1262,2665,almost_check,MED
weak_hands,third_pair,dry_high,oesd,0.011,0.0191,53,almost_check,HIGH
weak_hands,third_pair,dry_high,onecard_bdfd,0.526,0.79345,38,pure_mix,LOW
weak_hands,third_pair,dry_high,twocards_bdfd,0.40985,0.8367499999999999,122,pure_mix,LOW
weak_hands,third_pair,dynamic,gutshot,0.0002,0.0022,429,almost_check,HIGH
weak_hands,third_pair,dynamic,no_draw,0.0008,0.248,1210,almost_check,MED
weak_hands,third_pair,dynamic,oesd,0.0,0.06455,102,almost_check,HIGH
weak_hands,third_pair,dynamic,twocards_bdfd,0.16049999999999998,0.4566,126,almost_check,LOW
weak_hands,third_pair,dynamic_2tone,no_draw,0.0499,0.019300000000000005,38,almost_check,HIGH
weak_hands,third_pair,dynamic_2tone,onecard_bdfd,0.1033,0.26975000000000005,35,almost_check,MED
weak_hands,third_pair,low_dry,no_draw,0.0004,0.0006000000000000001,65,almost_check,HIGH
weak_hands,third_pair,monotone,flush_draw,0.0003,0.0012499999999999998,142,almost_check,HIGH
weak_hands,third_pair,monotone,no_draw,0.1222,0.38835,286,almost_check,LOW
weak_hands,third_pair,paired,no_draw,0.8323,0.6816,233,almost_bet,LOW
weak_hands,top_pair,dry_high,no_draw,0.19645,0.45587500000000003,1062,almost_check,LOW
weak_hands,top_pair,dry_high,twocards_bdfd,0.15089999999999998,0.404225,130,almost_check,LOW
weak_hands,top_pair,dynamic,gutshot,0.0033,0.1836,169,almost_check,MED
weak_hands,top_pair,dynamic,no_draw,0.2453,0.9762,611,lean_check,LOW
weak_hands,top_pair,dynamic,oesd,0.4556,0.82075,63,pure_mix,LOW
weak_hands,top_pair,dynamic,twocards_bdfd,0.439,0.47982500000000006,58,pure_mix,LOW
weak_hands,top_pair,low_dry,no_draw,0.2471,0.169,81,lean_check,MED
weak_hands,top_pair,low_dry,twocards_bdfd,0.3054,0.25115,63,lean_check,MED
weak_hands,top_pair,monotone,no_draw,0.0007,0.0036,325,almost_check,HIGH
weak_hands,top_pair,paired,no_draw,0.0001,0.0,49,almost_check,HIGH
weak_hands,weak_pair,dry_high,flush_draw,0.0001,0.001325,42,almost_check,HIGH
weak_hands,weak_pair,dry_high,gutshot,0.0,0.0002,35,almost_check,HIGH
weak_hands,weak_pair,dry_high,no_draw,0.0299,0.4286,1220,almost_check,LOW
weak_hands,weak_pair,dynamic,gutshot,0.0013,0.30385,319,almost_check,LOW
weak_hands,weak_pair,dynamic,no_draw,0.0003,0.0009,436,almost_check,HIGH
weak_hands,weak_pair,dynamic,oesd,0.0001,0.003225,184,almost_check,HIGH
weak_hands,weak_pair,monotone,flush_draw,0.0011,0.29710000000000003,103,almost_check,MED
