spot_id,n,primary_size_pot,board_family,street,family,low_bet_freq,mid_bet_freq,high_bet_freq,polar_score,linear_score,spot_type,size_bucket
AA7_2,2660,1.846,paired,turn,,0.0004206015037593985,0.0006054887218045113,0.007233533834586466,-0.0001848872180451128,0.006812932330827068,linear,big (≥85%)
AA7_5,2652,1.846,paired,turn,,0.00041729323308270673,3.645876830890625e-05,0.00017435897435897436,0.0003808344647738005,-0.00024293425872373237,linear,big (≥85%)
AA7_7,2653,0.198,paired,turn,,0.053656475903614456,0.09007873303167421,0.07263288084464554,-0.03642225712805976,0.01897640494103109,linear,small (≤45%)
AA7_A,2633,0.198,paired,turn,,0.21257647951441577,0.2187962765957447,0.2497031914893617,-0.006219797081328915,0.037126711974945936,linear,small (≤45%)
AA7_K,2643,1.846,paired,turn,,0.0002960725075528701,0.0003957575757575758,0.0011319213313161875,-9.968506820470568e-05,0.0008358488237633175,linear,big (≥85%)
BTN_BB_742_fd,6566,1.088,low_dry,flop,,0.5494182704019489,0.4804829329728746,0.7421252131546894,0.06893533742907432,0.19270694275274047,linear,big (≥85%)
BTN_BB_742_rain,6566,1.088,low_dry,flop,,0.5587129719853837,0.4191243539501609,0.7439208282582217,0.13958861803522282,0.18520785627283798,polarized,big (≥85%)
BTN_BB_765_fd,6551,1.088,dynamic_2tone,flop,,0.42567404021937844,0.46425256680845656,0.637046336996337,-0.03857852658907812,0.2113722967769585,linear,big (≥85%)
BTN_BB_765_rain,6550,1.088,dynamic,flop,,0.42789202192448234,0.3670079764174574,0.5778414172266341,0.06088404550702492,0.14994939530215173,linear,big (≥85%)
BTN_BB_A72_fd,6532,0.336,dry_high,flop,,0.6112666258420085,0.5184627757696575,0.6738031230863442,0.09280385007235104,0.06253649724433563,linear,small (≤45%)
BTN_BB_A72_rain,6532,0.336,dry_high,flop,,0.6309635639926515,0.5134138991732394,0.6869390691977955,0.11754966481941209,0.05597550520514394,polarized,small (≤45%)
BTN_BB_A94_fd,6525,0.336,dry_high,flop,,0.6200870869033048,0.486471894691348,0.660206564417178,0.13361519221195683,0.040119477513873125,polarized,small (≤45%)
BTN_BB_A94_rain,6525,0.336,dry_high,flop,,0.6338883720930233,0.5025123181512476,0.668746564417178,0.13137605394177565,0.03485819232415466,polarized,small (≤45%)
BTN_BB_AA7_rain,6492,0.336,paired,flop,,0.6116279556650247,0.48674316583437605,0.6861915588416513,0.12488478983064866,0.07456360317662658,polarized,small (≤45%)
BTN_BB_J73_fd,6546,1.088,dry_high,flop,,0.5336962195121951,0.4469574707627074,0.6494028100183262,0.08673874874948773,0.11570659050613108,linear,big (≥85%)
BTN_BB_J73_rain,6545,1.088,dry_high,flop,,0.4905387804878049,0.3580679973852817,0.623410159118727,0.1324707831025232,0.13287137863092208,polarized,big (≥85%)
BTN_BB_K72_fd,6541,0.336,dry_high,flop,,0.5828119193154034,0.49169279603678684,0.6436628676470587,0.0911191232786166,0.060850948331655275,linear,small (≤45%)
BTN_BB_K72_rain,7087,0.336,dry_high,flop,,0.6192353837471783,0.49399440931295224,0.6706093115124153,0.1252409744342261,0.05137392776523697,polarized,small (≤45%)
BTN_BB_K98_fd,6517,1.088,dry_high,flop,,0.4923084610668302,0.3879744790730215,0.593042276923077,0.10433398199380867,0.1007338158562468,polarized,big (≥85%)
BTN_BB_K98_rain,6517,1.088,dry_high,flop,,0.5062217791411042,0.3880307127766751,0.6090848615384615,0.11819106636442911,0.10286308239735731,polarized,big (≥85%)
BTN_BB_KJT_fd,6515,1.088,dynamic_2tone,flop,,0.3874448867115738,0.2823756756756757,0.49814963099631,0.10506921103589811,0.1107047442847362,polarized,big (≥85%)
BTN_BB_KJT_rain,6515,1.088,dynamic,flop,,0.4186660527931246,0.302624479844149,0.5198255227552275,0.1160415729489756,0.10115946996210295,polarized,big (≥85%)
BTN_BB_KK8_rain,6508,0.336,paired,flop,,0.531522699386503,0.3844324615932518,0.5969295636140135,0.1470902377932512,0.06540686422751052,polarized,small (≤45%)
BTN_BB_Q83_fd,6545,0.336,dry_high,flop,,0.5778005494505495,0.46388478519571674,0.6318316595223514,0.11391576425483274,0.05403111007180195,polarized,small (≤45%)
BTN_BB_Q83_rain,6544,0.336,dry_high,flop,,0.6033399755501223,0.48445967275925816,0.6508166053921569,0.11888030279086415,0.0474766298420346,polarized,small (≤45%)
BTN_BB_T74_fd,6543,1.088,low_dry,flop,,0.47367982885085574,0.378547342735373,0.6408621936274509,0.09513248611548275,0.16718236477659515,linear,big (≥85%)
BTN_BB_T74_rain,6542,1.088,low_dry,flop,,0.45347951219512195,0.31720466828665556,0.5965281173594131,0.1362748439084664,0.1430486051642912,polarized,big (≥85%)
BTN_BB_T98_fd,6524,0.336,dynamic_2tone,flop,,0.4513057598039215,0.38615108581289537,0.6311970497848801,0.06515467399102615,0.1798912899809586,linear,small (≤45%)
BTN_BB_T98_rain,6524,1.088,dynamic,flop,,0.37889993872549016,0.334102588573886,0.5680088957055215,0.04479735015160419,0.18910895698003133,linear,big (≥85%)
CO_BB_742_fd,2842,1.15,low_dry,flop,,0.550414606741573,0.39916316901408455,0.687780985915493,0.1512514377274885,0.13736637917391992,polarized,big (≥85%)
CO_BB_742_rain,2842,1.15,low_dry,flop,,0.5507153089887641,0.37908605633802817,0.6868894366197184,0.17162925265073592,0.13617412763095427,polarized,big (≥85%)
CO_BB_765_fd,2829,0.336,dynamic_2tone,flop,,0.4208685472496474,0.3593070014144272,0.6262807365439094,0.06156154583522022,0.20541218929426197,linear,small (≤45%)
CO_BB_765_rain,2828,0.336,dynamic,flop,,0.42561596045197736,0.2591610630842526,0.4942206506364922,0.16645489736772479,0.06860469018451482,polarized,small (≤45%)
CO_BB_A72_fd,2813,0.336,dry_high,flop,,0.6546954609929078,0.5542993159151054,0.6770605974395447,0.10039614507780237,0.022365136446636957,polarized,small (≤45%)
CO_BB_A72_rain,2812,0.336,dry_high,flop,,0.6679960170697012,0.5346100847221325,0.6765180911680911,0.1333859323475688,0.008522074098389898,polarized,small (≤45%)
CO_BB_A94_fd,2796,0.336,dry_high,flop,,0.6456944206008584,0.5164257253218885,0.6598706303724928,0.1292686952789699,0.014176209771634474,polarized,small (≤45%)
CO_BB_A94_rain,2795,0.336,dry_high,flop,,0.644043347639485,0.5120619456366238,0.6619610315186247,0.13198140200286124,0.017917683879139723,polarized,small (≤45%)
CO_BB_AA7_rain,2780,0.336,paired,flop,,0.6526706474820144,0.49168962943438355,0.6734566282420749,0.16098101804763087,0.02078598076006044,polarized,small (≤45%)
CO_BB_J73_fd,2822,0.336,dry_high,flop,,0.5242201133144476,0.43072953016695803,0.5906160283687943,0.09349058314748959,0.06639591505434672,linear,small (≤45%)
CO_BB_J73_rain,2822,1.15,dry_high,flop,,0.4523495750708215,0.3529031513069335,0.5824283687943262,0.09944642376388801,0.13007879372350473,linear,big (≥85%)
CO_BB_K72_fd,2821,0.336,dry_high,flop,,0.6270683168316832,0.5264910239361702,0.657681134751773,0.10057729289551298,0.030612817920089852,polarized,small (≤45%)
CO_BB_K72_rain,2820,0.336,dry_high,flop,,0.6548317280453257,0.5152326241134751,0.6807919034090909,0.1395991039318506,0.02596017536376516,polarized,small (≤45%)
CO_BB_K98_fd,2796,1.15,dry_high,flop,,0.45697639484978536,0.3641207984876354,0.544245558739255,0.09285559636214996,0.08726916388946959,linear,big (≥85%)
CO_BB_K98_rain,2795,1.15,dry_high,flop,,0.5018467811158799,0.3796762196070405,0.5832684813753581,0.12217056150883937,0.08142170025947826,polarized,big (≥85%)
CO_BB_KJT_fd,2790,1.15,dynamic_2tone,flop,,0.2853723495702006,0.23263037454830976,0.38060129124820663,0.05274197502189082,0.09522894167800605,linear,big (≥85%)
CO_BB_KJT_rain,2790,1.15,dynamic,flop,,0.26769570815450644,0.2591558823529412,0.3848344332855093,0.00853982580156526,0.11713872513100287,linear,big (≥85%)
CO_BB_KK8_rain,2793,0.336,paired,flop,,0.5315074391988556,0.38435888252149,0.5904224928366761,0.1471485566773656,0.05891505363782057,polarized,small (≤45%)
CO_BB_Q83_fd,2818,0.336,dry_high,flop,,0.5851380141843971,0.49909100632547443,0.6269899290780142,0.08604700785892272,0.04185191489361706,linear,small (≤45%)
CO_BB_Q83_rain,2817,0.336,dry_high,flop,,0.603271671388102,0.49721405199308155,0.6404909090909091,0.10605761939502045,0.037219237702807106,polarized,small (≤45%)
CO_BB_T74_fd,2821,1.15,low_dry,flop,,0.4632582152974504,0.39180631317602366,0.5885187234042554,0.07145190212142677,0.12526050810680495,linear,big (≥85%)
CO_BB_T74_rain,2821,1.15,low_dry,flop,,0.37822138810198297,0.28364652482269503,0.48922382978723405,0.09457486327928794,0.11100244168525109,linear,big (≥85%)
CO_BB_T98_fd,2800,0.336,dynamic_2tone,flop,,0.436016,0.44485015009170575,0.6121636623748212,-0.00883415009170574,0.1761476623748212,linear,small (≤45%)
CO_BB_T98_rain,2799,1.15,dynamic,flop,,0.33120442857142857,0.2951482857142857,0.49915608011444923,0.03605614285714287,0.16795165154302066,linear,big (≥85%)
HJ_BB_742_fd,2713,1.156,low_dry,flop,,0.5400210603829161,0.4051445427728614,0.6898128318584071,0.1348765176100547,0.14979177147549105,polarized,big (≥85%)
HJ_BB_742_rain,2713,1.156,low_dry,flop,,0.5572398529411764,0.3826893459998344,0.6897513274336283,0.174550506941342,0.13251147449245193,polarized,big (≥85%)
HJ_BB_765_fd,2706,0.33,dynamic_2tone,flop,,0.415569616519174,0.3624010195306089,0.6087760355029586,0.05316859698856513,0.19320641898378454,linear,small (≤45%)
HJ_BB_765_rain,2705,1.156,dynamic,flop,,0.393285376661743,0.21660191027955578,0.4366686390532544,0.17668346638218724,0.04338326239151141,polarized,big (≥85%)
HJ_BB_A72_fd,2690,0.33,dry_high,flop,,0.628246884272997,0.5172615760946704,0.6538005943536404,0.11098530817832664,0.025553710080643333,polarized,small (≤45%)
HJ_BB_A72_rain,2689,0.33,dry_high,flop,,0.6377888888888888,0.5053976179281896,0.6592912071535023,0.13239127096069925,0.021502318264613463,polarized,small (≤45%)
HJ_BB_A94_fd,2687,0.33,dry_high,flop,,0.6361824404761904,0.4954539721895722,0.6467272321428572,0.14072846828661822,0.010544791666666775,polarized,small (≤45%)
HJ_BB_A94_rain,2686,0.33,dry_high,flop,,0.6329452380952381,0.488728912071535,0.6483078869047618,0.14421632602370305,0.01536264880952376,polarized,small (≤45%)
HJ_BB_AA7_rain,2664,0.33,paired,flop,,0.6459663663663664,0.4785158286847567,0.6654162406015037,0.16745053768160967,0.019449874235137332,polarized,small (≤45%)
HJ_BB_J73_fd,2697,1.156,dry_high,flop,,0.5309976296296296,0.45360151500164847,0.6163570579494799,0.07739611462798113,0.08535942831985033,linear,big (≥85%)
HJ_BB_J73_rain,2697,1.156,dry_high,flop,,0.46814118518518516,0.36248710440707765,0.5816020802377415,0.1056540807781075,0.11346089505255635,polarized,big (≥85%)
HJ_BB_K72_fd,2693,0.33,dry_high,flop,,0.5784513353115727,0.5007887072808321,0.6318766716196137,0.07766262803074053,0.05342533630804103,linear,small (≤45%)
HJ_BB_K72_rain,2693,0.33,dry_high,flop,,0.6378106824925817,0.5087809640825914,0.6814258543833581,0.12902971840999022,0.04361517189077646,polarized,small (≤45%)
HJ_BB_K98_fd,2685,1.156,dry_high,flop,,0.4554312035661218,0.3566117734724292,0.5393407462686567,0.0988194300936926,0.08390954270253487,linear,big (≥85%)
HJ_BB_K98_rain,2684,1.156,dry_high,flop,,0.5119002980625931,0.3721566373489694,0.5740192250372578,0.13974366071362365,0.0621189269746647,polarized,big (≥85%)
HJ_BB_KJT_fd,2668,1.156,dynamic_2tone,flop,,0.2539914670658683,0.20281214392803598,0.34426741741741745,0.0511793231378323,0.09027595035154917,linear,big (≥85%)
HJ_BB_KJT_rain,2668,1.156,dynamic,flop,,0.23849086826347307,0.2293995502238766,0.34715105105105104,0.00909131803959648,0.10866018278757797,linear,big (≥85%)
HJ_BB_KK8_rain,2672,0.33,paired,flop,,0.5144770958083833,0.37780469039499476,0.5765875562218891,0.13667240541338854,0.062110460413505764,polarized,small (≤45%)
HJ_BB_Q83_fd,2694,0.33,dry_high,flop,,0.5698555555555556,0.47876307578008914,0.6109472511144131,0.09109247977546642,0.0410916955588575,linear,small (≤45%)
HJ_BB_Q83_rain,2694,0.33,dry_high,flop,,0.5812841481481482,0.4765419950205193,0.6273467359050445,0.10474215312762891,0.04606258775689631,polarized,small (≤45%)
HJ_BB_T74_fd,2695,1.156,low_dry,flop,,0.46263540740740744,0.3923759487392031,0.5814835066864784,0.07025945866820432,0.11884809927907097,linear,big (≥85%)
HJ_BB_T74_rain,2695,1.156,low_dry,flop,,0.3789802962962963,0.28228938684132787,0.47939806835066867,0.09669090945496844,0.10041777205437236,linear,big (≥85%)
HJ_BB_T98_fd,2689,0.33,dynamic_2tone,flop,,0.43327072808320954,0.43158906847007006,0.5914363636363636,0.0016816596131394856,0.1581656355531541,linear,small (≤45%)
HJ_BB_T98_rain,2688,0.33,dynamic,flop,,0.3872178306092125,0.36234321265415215,0.5639807749627422,0.024874617955060352,0.17676294435352974,linear,small (≤45%)
K72r_2,3541,0.201,dry_high,turn,,0.16675945945945947,0.1073157645033943,0.10591740112994351,0.05944369495606516,-0.06084205832951596,linear,small (≤45%)
K72r_7,3511,0.201,dry_high,turn,,0.5293462414578588,0.35758676322002686,0.3317137813211845,0.17175947823783194,-0.1976324601366743,polarized,small (≤45%)
K72r_8,3514,1.694,dry_high,turn,,0.0004729237770193402,0.0004619020501138952,0.012472582480091013,1.1021726905444964e-05,0.011999658703071674,linear,big (≥85%)
K72r_A,3496,1.694,dry_high,turn,,0.00019085714285714287,6.473447880870562e-05,0.004401832760595647,0.00012612266404843725,0.004210975617738504,linear,big (≥85%)
K72r_K,3503,0.201,dry_high,turn,,0.12317565415244597,0.10428919188348879,0.13587808219178082,0.018886462268957183,0.012702428039334857,linear,small (≤45%)
K98r_2,3508,4.569,dry_high,turn,,0.00035062713797035346,0.0005149372862029647,0.026079361459521097,-0.00016431014823261122,0.025728734321550744,linear,big (≥85%)
K98r_7,3481,1.093,dry_high,turn,,0.0003685419058553387,0.0001661647333623659,0.0003697353279631761,0.00020237717249297282,1.1934221078373718e-06,linear,big (≥85%)
K98r_A,3466,1.093,dry_high,turn,,0.00014567474048442905,0.00023856812933025406,0.0004943483275663207,-9.289338884582501e-05,0.00034867358708189165,linear,big (≥85%)
K98r_K,3472,0.202,dry_high,turn,,0.032290229885057475,0.04987423099477556,0.059892511520737324,-0.017584001109718084,0.02760228163567985,linear,small (≤45%)
K98r_T,3482,4.569,dry_high,turn,,0.00020583524027459956,0.0016648981823966908,0.0005869115958668197,-0.0014590629421220912,0.00038107635559222016,linear,big (≥85%)
KJT_2,2673,1.846,dynamic,turn,,0.00015186846038863974,0.00015407765770294045,0.00046332335329341316,-2.2091973143007002e-06,0.0003114548929047734,linear,big (≥85%)
KJT_9,3475,0.202,dynamic,turn,,0.05747187141216992,0.11223912599195277,0.1571856156501726,-0.05476725457978285,0.0997137442380027,linear,small (≤45%)
KJT_A,2648,1.846,dynamic,turn,,0.0005917168674698795,0.0009671315114895175,0.0016652567975830816,-0.000375414644019638,0.001073539930113202,linear,big (≥85%)
KJT_K,3472,0.202,dynamic,turn,,0.08089299655568313,0.2179391378093285,0.13496497695852536,-0.13704614125364536,0.054071980402842224,linear,small (≤45%)
KJT_Q,3474,0.202,dynamic,turn,,0.22637928653624856,0.12456353686635946,0.15978032220943614,0.1018157496698891,-0.06659896432681242,polarized,small (≤45%)
Q83_2,3532,1.694,dry_high,turn,,0.0009928733031674209,0.0003810066460881043,0.009900679501698754,0.0006118666570793165,0.008907806198531334,linear,big (≥85%)
Q83_8,3509,0.201,dry_high,turn,,0.06725387243735763,0.1319356898517674,0.12064868871151653,-0.06468181741440977,0.0533948162741589,linear,small (≤45%)
Q83_A,3491,1.694,dry_high,turn,,0.00044125714285714286,0.00022026564425578528,0.004258304696449026,0.00022099149860135757,0.0038170475535918833,linear,big (≥85%)
Q83_K,3498,1.694,dry_high,turn,,0.0001744,0.00023163615560640733,0.0006370285714285714,-5.723615560640732e-05,0.00046262857142857143,linear,big (≥85%)
Q83_Q,3496,0.201,dry_high,turn,,0.1654525171624714,0.03229422196796339,0.056491647597254,0.133158295194508,-0.10896086956521739,polarized,small (≤45%)
SB_BB_742_fd,3072,0.981,low_dry,flop,,0.15911287386215864,0.132377873107695,0.23308148631029987,0.02673500075446364,0.07396861244814124,linear,big (≥85%)
SB_BB_742_rain,3072,0.981,low_dry,flop,,0.17536393229166666,0.12789466145833334,0.309739453125,0.04746927083333333,0.13437552083333335,linear,big (≥85%)
SB_BB_765_fd,3052,0.981,dynamic_2tone,flop,,0.1380056356487549,0.15756965923984273,0.23301310615989512,-0.01956402359108783,0.09500747051114022,linear,big (≥85%)
SB_BB_765_rain,3051,0.981,dynamic,flop,,0.060825950196592406,0.11301933158584535,0.19198818897637793,-0.05219338138925294,0.13116223877978553,linear,big (≥85%)
SB_BB_A72_fd,3042,0.335,dry_high,flop,,0.2575671484888305,0.2381033552631579,0.27899658344283834,0.0194637932256726,0.021429434954007842,linear,small (≤45%)
SB_BB_A72_rain,3042,0.335,dry_high,flop,,0.3059258530183727,0.21495030415713196,0.24572969776609727,0.09097554886124076,-0.06019615525227545,linear,small (≤45%)
SB_BB_A94_fd,3033,0.335,dry_high,flop,,0.28297065789473685,0.2436665246616452,0.27116319261213717,0.03930413323309165,-0.011807465282599683,linear,small (≤45%)
SB_BB_A94_rain,3033,0.335,dry_high,flop,,0.33011343873517784,0.22473612655173975,0.25402443857331575,0.1053773121834381,-0.0760890001618621,polarized,small (≤45%)
SB_BB_AA7_rain,3004,0.335,paired,flop,,0.31350213049267645,0.31344904984842903,0.31843226666666663,5.308064424741632e-05,0.004930136173990185,linear,small (≤45%)
SB_BB_J73_fd,3056,0.981,dry_high,flop,,0.13047159685863874,0.1594687282741843,0.2067770942408377,-0.028997131415545552,0.07630549738219897,linear,big (≥85%)
SB_BB_J73_rain,3055,0.335,dry_high,flop,,0.18113900523560209,0.21279334652515441,0.2876495412844037,-0.03165434128955233,0.10651053604880159,linear,small (≤45%)
SB_BB_K72_fd,3051,0.335,dry_high,flop,,0.17889095674967234,0.1567814563837243,0.17710997375328083,0.022109500365948054,-0.0017809829963915114,linear,small (≤45%)
SB_BB_K72_rain,3051,0.335,dry_high,flop,,0.21071900393184798,0.21597608125819134,0.2653001312335958,-0.005257077326343368,0.05458112730174783,linear,small (≤45%)
SB_BB_K98_fd,3029,0.981,dry_high,flop,,0.11165981554677205,0.13098107278971396,0.15108637566137567,-0.01932125724294191,0.03942656011460362,linear,big (≥85%)
SB_BB_K98_rain,3029,0.981,dry_high,flop,,0.1297304347826087,0.12281003963011888,0.2088873015873016,0.006920395152489822,0.07915686680469289,linear,big (≥85%)
SB_BB_KJT_fd,3029,0.981,dynamic_2tone,flop,,0.1480588932806324,0.13946717960411817,0.14418718626155877,0.008591713676514234,-0.0038717070190736336,linear,big (≥85%)
SB_BB_KJT_rain,3029,0.981,dynamic,flop,,0.17042902374670185,0.1348009247027741,0.16648163804491414,0.03562809904392775,-0.003947385701787709,linear,big (≥85%)
SB_BB_KK8_rain,3024,0.335,paired,flop,,0.2573332892998679,0.25242119914853356,0.2894710317460318,0.004912090151334314,0.03213774244616391,linear,small (≤45%)
SB_BB_Q83_fd,3052,0.335,dry_high,flop,,0.1830275229357798,0.12773260697645694,0.15648228346456694,0.05529491595932287,-0.026545239471212873,linear,small (≤45%)
SB_BB_Q83_rain,3051,0.335,dry_high,flop,,0.21041164921465969,0.14945718852230627,0.2134779527559055,0.06095446069235341,0.0030663035412458184,linear,small (≤45%)
SB_BB_T74_fd,3050,0.981,low_dry,flop,,0.095675,0.09680275590551181,0.14352244094488187,-0.0011277559055118125,0.04784744094488187,linear,big (≥85%)
SB_BB_T74_rain,3049,0.981,low_dry,flop,,0.12508387942332896,0.14954658792650918,0.25306719160104985,-0.02446270850318022,0.12798331217772088,linear,big (≥85%)
SB_BB_T98_fd,3034,0.335,dynamic_2tone,flop,,0.099433465085639,0.14029649578844544,0.21651002638522426,-0.04086303070280645,0.11707656129958527,linear,small (≤45%)
SB_BB_T98_rain,3034,0.335,dynamic,flop,,0.0812935441370224,0.11833048657968931,0.16749894459102904,-0.037036942442666906,0.08620540045400664,linear,small (≤45%)
T98r_2,3514,1.093,dynamic,turn,,0.0004370875995449374,0.0002391439856336157,0.007351649601820251,0.00019794361391132172,0.006914562002275314,linear,big (≥85%)
T98r_7,3487,4.569,dynamic,turn,,0.1092261487964989,0.02733573338025642,0.060075287356321845,0.08189041541624248,-0.04915086144017706,linear,big (≥85%)
T98r_A,3475,1.093,dynamic,turn,,0.00041058688147295745,0.0002230790494549639,0.0006964326812428078,0.00018750783201799354,0.00028584579976985035,linear,big (≥85%)
T98r_J,3484,1.093,dynamic,turn,,0.256983296460177,0.03388238993667608,0.05262583237657865,0.2231009065235009,-0.20435746408359834,polarized,big (≥85%)
T98r_T,3486,4.569,dynamic,turn,,8.314220183486238e-05,6.43789548618435e-05,0.000151605504587156,1.8763246973018882e-05,6.846330275229361e-05,linear,big (≥85%)
UTG_BB_742_fd,2676,1.156,low_dry,flop,,0.5512116591928251,0.4074856305299848,0.6902077727952167,0.1437260286628403,0.1389961136023916,polarized,big (≥85%)
UTG_BB_742_rain,2676,1.156,low_dry,flop,,0.5644101492537313,0.38267612443274884,0.6883124065769806,0.1817340248209825,0.12390225732324922,polarized,big (≥85%)
UTG_BB_765_fd,2671,0.33,dynamic_2tone,flop,,0.4316297904191617,0.3547791323649553,0.6002452095808383,0.07685065805420643,0.16861541916167655,linear,small (≤45%)
UTG_BB_765_rain,2671,1.156,dynamic,flop,,0.40279820359281443,0.21865448935482568,0.43510329341317366,0.18414371423798875,0.032305089820359234,polarized,big (≥85%)
UTG_BB_A72_fd,2655,0.33,dry_high,flop,,0.6162520300751879,0.49465288347961983,0.6413775263951734,0.12159914659556809,0.025125496319985507,polarized,small (≤45%)
UTG_BB_A72_rain,2654,0.33,dry_high,flop,,0.627072891566265,0.4791787795980301,0.6457532428355958,0.14789411196823488,0.018680351269330764,polarized,small (≤45%)
UTG_BB_A94_fd,2653,0.33,dry_high,flop,,0.6243009022556391,0.4728571183525644,0.632478247734139,0.15144378390307467,0.008177345478499909,polarized,small (≤45%)
UTG_BB_A94_rain,2652,0.33,dry_high,flop,,0.6277409638554217,0.4693160776034652,0.6357728096676737,0.15842488625195644,0.008031845812252025,polarized,small (≤45%)
UTG_BB_AA7_rain,2632,0.33,paired,flop,,0.6486252279635258,0.4691073336915562,0.6606366818873668,0.17951789427196962,0.012011453923840953,polarized,small (≤45%)
UTG_BB_J73_fd,2660,1.156,dry_high,flop,,0.5492031531531532,0.47485604447866653,0.6195861654135338,0.07434710867448663,0.07038301226038068,linear,big (≥85%)
UTG_BB_J73_rain,2660,1.156,dry_high,flop,,0.4844341353383459,0.38392922093780524,0.5850774436090226,0.10050491440054066,0.10064330827067669,polarized,big (≥85%)
UTG_BB_K72_fd,2657,0.33,dry_high,flop,,0.5813702255639097,0.486525,0.6266171686746989,0.09484522556390973,0.04524694311078914,linear,small (≤45%)
UTG_BB_K72_rain,2657,0.33,dry_high,flop,,0.6382615037593985,0.4995012928027901,0.6766024132730015,0.1387602109566084,0.03834090951360303,polarized,small (≤45%)
UTG_BB_K98_fd,2651,1.156,dry_high,flop,,0.45483770739064855,0.35889879324957963,0.5332223227752639,0.09593891414106892,0.07838461538461539,linear,big (≥85%)
UTG_BB_K98_rain,2650,1.156,dry_high,flop,,0.5103680722891567,0.3675104229607251,0.5739370090634441,0.1428576493284316,0.06356893677428743,polarized,big (≥85%)
UTG_BB_KJT_fd,2630,0.33,dynamic_2tone,flop,,0.2555462006079028,0.2369255707762557,0.3436422492401216,0.018620629831647084,0.08809604863221882,linear,small (≤45%)
UTG_BB_KJT_rain,2630,0.33,dynamic,flop,,0.2345358662613982,0.2495600797409,0.34035911854103346,-0.015024213479501808,0.10582325227963527,linear,small (≤45%)
UTG_BB_KK8_rain,2637,0.33,paired,flop,,0.5213485627836612,0.3726412611679101,0.5730022796352584,0.14870730161575108,0.05165371685159725,polarized,small (≤45%)
UTG_BB_Q83_fd,2659,0.33,dry_high,flop,,0.571928978978979,0.46898129781467246,0.6064578947368421,0.10294768116430653,0.0345289157578631,polarized,small (≤45%)
UTG_BB_Q83_rain,2659,0.33,dry_high,flop,,0.582846015037594,0.46744517583194056,0.6204222556390978,0.11540083920565347,0.037576240601503774,polarized,small (≤45%)
UTG_BB_T74_fd,2658,1.156,low_dry,flop,,0.4479900900900901,0.37928246390539533,0.5780338345864662,0.06870762618469478,0.13004374449637607,linear,big (≥85%)
UTG_BB_T74_rain,2658,1.156,low_dry,flop,,0.35645473684210527,0.26419165572301795,0.47629503759398495,0.09226308111908732,0.11984030075187968,linear,big (≥85%)
UTG_BB_T98_fd,2653,0.33,dynamic_2tone,flop,,0.4181599397590362,0.41979601028548585,0.5961436555891239,-0.0016360705264496511,0.17798371583008765,linear,small (≤45%)
UTG_BB_T98_rain,2652,0.33,dynamic,flop,,0.37673087349397594,0.35610513799604754,0.5707390317700455,0.0206257354979284,0.19400815827606954,linear,small (≤45%)
diagnose_Ks7d2c_25,579,0.202,unknown,preflop,,0.8344137931034482,0.7551674090038314,0.8644551724137931,0.07924638409961682,0.030041379310344896,linear,small (≤45%)
