board_family,board_label,board_str,hero_polarization,hero_pos,hero_strong_pct,hero_total_combos,hero_weak_pct,n_combos,opp_draw_pct,opp_nut_class,opp_nut_eq_median,opp_nut_pct,opp_polarization,opp_pos,opp_strong_pct,opp_total_combos,opp_weak_pct,source,spot_file,target
dry_high,dry_high_A,As9c4d3c2d,,BTN,,,,487,0.0,set,0.451,0.0,0.754,BB,0.739,8.4,0.015,R1,r1_dry_high_A_3c_2d.json,river_def_ip_allin
dry_high,dry_high_A,As9c4d3c4s,,BTN,,,,482,0.0,set,,0.0,0.754,BB,0.733,7.4,0.021,R1,r1_dry_high_A_3c_4s.json,river_def_ip_allin
dry_high,dry_high_A,As9c4dAh2d,,BTN,,,,451,0.0,set,,0.0,0.846,BB,0.846,5.2,0.0,R1,r1_dry_high_A_Ah_2d.json,river_def_ip_allin
dry_high,dry_high_A,As9c4dAh4s,,BTN,,,,447,0.0,set,,0.0,0.994,BB,0.993,0.2,0.0,R1,r1_dry_high_A_Ah_4s.json,river_def_ip_allin
dry_high,dry_high_A,As9c4dAhKh,,BTN,,,,426,0.0,set,,0.0,0.939,BB,0.939,1.1,0.0,R1,r1_dry_high_A_Ah_Kh.json,river_def_ip_allin
dry_high,dry_high_K,Ks7d2c8h2d,,BTN,,,,499,0.0,set,,0.0,0.626,BB,0.626,5.0,0.0,R1,r1_dry_high_K_8h_2d.json,river_def_ip_allin
dry_high,dry_high_K,Ks7d2c8h4s,,BTN,,,,492,0.0,set,0.877,0.618,0.629,BB,0.629,3.1,0.0,R1,r1_dry_high_K_8h_4s.json,river_def_ip_allin
dry_high,dry_high_K,Ks7d2c8hKh,,BTN,,,,472,0.0,set,,0.0,0.712,BB,0.711,5.9,0.0,R1,r1_dry_high_K_8h_Kh.json,river_def_ip_allin
dry_high,dry_high_Q,Qh7s3c8h2d,,BTN,,,,501,0.0,set,0.889,0.612,0.629,BB,0.629,1.2,0.0,R1,r1_dry_high_Q_8h_2d.json,river_def_ip_allin
dry_high,dry_high_Q,Qh7s3c8h4s,,BTN,,,,494,0.0,set,0.857,0.001,0.624,BB,0.624,2.5,0.0,R1,r1_dry_high_Q_8h_4s.json,river_def_ip_allin
dry_high,dry_high_Q,Qh7s3c8hKh,,BTN,,,,475,0.0,set,0.582,0.0,0.653,BB,0.624,10.3,0.029,R1,r1_dry_high_Q_8h_Kh.json,river_def_ip_allin
dry_high,dry_high_Q,Qh7s3cAhKh,,BTN,,,,458,0.0,set,0.579,0.0,0.825,BB,0.823,14.5,0.002,R1,r1_dry_high_Q_Ah_Kh.json,river_def_ip_allin
dynamic_2tone,dynamic_2tone_T97,Ts9s7c3c2d,,BTN,,,,499,0.0,flush,,0.0,0.651,BB,0.631,1.1,0.02,R1,r1_dynamic_2tone_T97_3c_2d.json,river_def_ip_allin
dynamic_2tone,dynamic_2tone_T97,Ts9s7c3c4s,,BTN,,,,492,0.0,flush,0.851,0.647,0.669,BB,0.648,8.3,0.022,R1,r1_dynamic_2tone_T97_3c_4s.json,river_def_ip_allin
dynamic_2tone,dynamic_2tone_T97,Ts9s7c3cKh,,BTN,,,,473,0.0,flush,,0.0,0.751,BB,0.61,8.8,0.141,R1,r1_dynamic_2tone_T97_3c_Kh.json,river_def_ip_allin
dynamic_2tone,dynamic_2tone_T97,Ts9s7c8h2d,,BTN,,,,480,0.0,flush,,0.0,0.876,BB,0.874,6.3,0.001,R1,r1_dynamic_2tone_T97_8h_2d.json,river_def_ip_allin
dynamic_2tone,dynamic_2tone_T97,Ts9s7c8h4s,,BTN,,,,473,0.0,flush,0.891,0.597,0.855,BB,0.854,5.7,0.0,R1,r1_dynamic_2tone_T97_8h_4s.json,river_def_ip_allin
dynamic_2tone,dynamic_2tone_T97,Ts9s7c8hKh,,BTN,,,,455,0.0,flush,,0.0,0.871,BB,0.871,6.1,0.0,R1,r1_dynamic_2tone_T97_8h_Kh.json,river_def_ip_allin
dynamic_2tone,dynamic_2tone_T97,Ts9s7cAh2d,,BTN,,,,463,0.0,flush,,0.0,0.814,BB,0.814,0.0,0.0,R1,r1_dynamic_2tone_T97_Ah_2d.json,river_def_ip_allin
dynamic_2tone,dynamic_2tone_T97,Ts9s7cAh4s,,BTN,,,,457,0.0,flush,0.861,0.627,0.73,BB,0.648,5.8,0.082,R1,r1_dynamic_2tone_T97_Ah_4s.json,river_def_ip_allin
dynamic_2tone,dynamic_2tone_T97,Ts9s7cAhKh,,BTN,,,,438,0.0,flush,,0.0,0.67,BB,0.658,2.3,0.012,R1,r1_dynamic_2tone_T97_Ah_Kh.json,river_def_ip_allin
dynamic,dynamic_J97,Jh9c7s8h2d,,BTN,,,,478,0.0,straight,0.652,0.864,0.865,BB,0.864,6.5,0.0,R1,r1_dynamic_J97_8h_2d.json,river_def_ip_allin
dynamic,dynamic_J97,Jh9c7s8h4s,,BTN,,,,471,0.0,straight,0.656,0.864,0.864,BB,0.864,6.6,0.0,R1,r1_dynamic_J97_8h_4s.json,river_def_ip_allin
dynamic,dynamic_J97,Jh9c7s8hKh,,BTN,,,,453,0.0,straight,0.522,0.021,0.881,BB,0.836,10.9,0.046,R1,r1_dynamic_J97_8h_Kh.json,river_def_ip_allin
dynamic,dynamic_J97,Jh9c7sAh2d,,BTN,,,,461,0.0,straight,0.949,0.621,0.63,BB,0.63,1.0,0.0,R1,r1_dynamic_J97_Ah_2d.json,river_def_ip_allin
dynamic,dynamic_J97,Jh9c7sAh4s,,BTN,,,,455,0.0,straight,0.948,0.621,0.63,BB,0.63,0.9,0.0,R1,r1_dynamic_J97_Ah_4s.json,river_def_ip_allin
dynamic,dynamic_J97,Jh9c7sAhKh,,BTN,,,,436,0.0,straight,0.738,0.029,0.72,BB,0.72,12.0,0.0,R1,r1_dynamic_J97_Ah_Kh.json,river_def_ip_allin
dynamic,dynamic_T98,Ts9d8c3c2d,,BTN,,,,489,0.0,straight,0.809,0.644,0.867,BB,0.644,2.3,0.223,R1,r1_dynamic_T98_3c_2d.json,river_def_ip_allin
dynamic,dynamic_T98,Ts9d8c3c4s,,BTN,,,,482,0.0,straight,0.793,0.629,0.863,BB,0.63,1.3,0.233,R1,r1_dynamic_T98_3c_4s.json,river_def_ip_allin
dynamic,dynamic_T98,Ts9d8c3cKh,,BTN,,,,464,0.0,straight,0.832,0.629,0.898,BB,0.63,1.7,0.268,R1,r1_dynamic_T98_3c_Kh.json,river_def_ip_allin
dynamic,dynamic_T98,Ts9d8c8h2d,,BTN,,,,471,0.0,straight,0.522,0.0,0.768,BB,0.768,5.4,0.0,R1,r1_dynamic_T98_8h_2d.json,river_def_ip_allin
dynamic,dynamic_T98,Ts9d8c8h4s,,BTN,,,,464,0.0,straight,0.537,0.002,0.769,BB,0.769,5.6,0.0,R1,r1_dynamic_T98_8h_4s.json,river_def_ip_allin
dynamic,dynamic_T98,Ts9d8c8hKh,,BTN,,,,447,0.0,straight,0.497,0.007,0.714,BB,0.714,2.1,0.0,R1,r1_dynamic_T98_8h_Kh.json,river_def_ip_allin
low_dry,low_dry_853,8s5d3h3c2d,,BTN,,,,525,0.0,set,,0.0,0.848,BB,0.847,4.8,0.0,R1,r1_low_dry_853_3c_2d.json,river_def_ip_allin
low_dry,low_dry_853,8s5d3h3c4s,,BTN,,,,518,0.0,set,,0.0,0.847,BB,0.847,5.4,0.0,R1,r1_low_dry_853_3c_4s.json,river_def_ip_allin
low_dry,low_dry_964,9c6d4s3cKh,,BTN,,,,487,0.0,set,0.826,0.13,0.851,BB,0.851,9.2,0.0,R1,r1_low_dry_964_3c_Kh.json,river_def_ip_allin
monotone,monotone_Js,Js7s3s3c2d,,BTN,,,,521,0.0,flush,0.565,0.021,0.647,BB,0.646,5.1,0.0,R1,r1_monotone_Js_3c_2d.json,river_def_ip_allin
monotone,monotone_Js,Js7s3s3c4s,,BTN,,,,515,0.0,flush,0.352,0.034,0.661,BB,0.661,7.3,0.0,R1,r1_monotone_Js_3c_4s.json,river_def_ip_allin
monotone,monotone_Js,Js7s3s3cKh,,BTN,,,,494,0.0,flush,0.514,0.002,0.751,BB,0.751,6.3,0.0,R1,r1_monotone_Js_3c_Kh.json,river_def_ip_allin
monotone,monotone_Js,Js7s3s8h2d,,BTN,,,,500,0.0,flush,0.774,0.671,0.678,BB,0.671,1.1,0.007,R1,r1_monotone_Js_8h_2d.json,river_def_ip_allin
monotone,monotone_Js,Js7s3s8h4s,,BTN,,,,494,0.0,flush,0.356,0.998,1.0,BB,1.0,19.1,0.0,R1,r1_monotone_Js_8h_4s.json,river_def_ip_allin
monotone,monotone_Js,Js7s3s8hKh,,BTN,,,,474,0.0,flush,0.765,0.673,0.696,BB,0.685,0.1,0.011,R1,r1_monotone_Js_8h_Kh.json,river_def_ip_allin
monotone,monotone_Js,Js7s3sAh2d,,BTN,,,,483,0.0,flush,0.801,0.657,0.696,BB,0.657,4.6,0.039,R1,r1_monotone_Js_Ah_2d.json,river_def_ip_allin
monotone,monotone_Js,Js7s3sAh4s,,BTN,,,,478,0.0,flush,0.355,0.815,0.902,BB,0.902,15.1,0.0,R1,r1_monotone_Js_Ah_4s.json,river_def_ip_allin
monotone,monotone_Js,Js7s3sAhKh,,BTN,,,,457,0.0,flush,0.838,0.628,0.629,BB,0.629,7.1,0.0,R1,r1_monotone_Js_Ah_Kh.json,river_def_ip_allin
monotone,monotone_Ts,Ts8s4s3c2d,,BTN,,,,504,0.0,flush,0.81,0.661,0.983,BB,0.661,3.6,0.322,R1,r1_monotone_Ts_3c_2d.json,river_def_ip_allin
monotone,monotone_Ts,Ts8s4s3cKh,,BTN,,,,478,0.0,flush,0.767,0.659,0.982,BB,0.66,3.4,0.322,R1,r1_monotone_Ts_3c_Kh.json,river_def_ip_allin
monotone,monotone_Ts,Ts8s4s8h2d,,BTN,,,,485,0.0,flush,0.49,0.008,0.646,BB,0.646,0.9,0.0,R1,r1_monotone_Ts_8h_2d.json,river_def_ip_allin
monotone,monotone_Ts,Ts8s4s8hKh,,BTN,,,,460,0.0,flush,0.425,0.0,0.761,BB,0.761,3.4,0.0,R1,r1_monotone_Ts_8h_Kh.json,river_def_ip_allin
monotone,monotone_Ts,Ts8s4sAh2d,,BTN,,,,468,0.0,flush,0.785,0.635,0.66,BB,0.636,0.5,0.024,R1,r1_monotone_Ts_Ah_2d.json,river_def_ip_allin
monotone,monotone_Ts,Ts8s4sAhKh,,BTN,,,,443,0.0,flush,0.821,0.63,0.631,BB,0.631,6.8,0.0,R1,r1_monotone_Ts_Ah_Kh.json,river_def_ip_allin
paired,paired_992,9c9s2d3c4s,,BTN,,,,502,0.0,fullhouse,0.996,0.553,0.639,BB,0.638,4.8,0.001,R1,r1_paired_992_3c_4s.json,river_def_ip_allin
paired,paired_992,9c9s2d3cKh,,BTN,,,,483,0.0,fullhouse,0.952,0.599,0.776,BB,0.721,2.4,0.054,R1,r1_paired_992_3c_Kh.json,river_def_ip_allin
paired,paired_992,9c9s2d8h4s,,BTN,,,,483,0.0,fullhouse,0.979,0.614,0.68,BB,0.68,7.6,0.0,R1,r1_paired_992_8h_4s.json,river_def_ip_allin
paired,paired_992,9c9s2d8hKh,,BTN,,,,465,0.0,fullhouse,0.916,0.676,0.832,BB,0.832,3.7,0.0,R1,r1_paired_992_8h_Kh.json,river_def_ip_allin
paired,paired_KK2,KsKd2c3c2d,,BTN,,,,503,0.0,fullhouse,0.79,0.999,1.0,BB,0.999,1.6,0.001,R1,r1_paired_KK2_3c_2d.json,river_def_ip_allin
paired,paired_KK2,KsKd2c3c4s,,BTN,,,,495,0.0,fullhouse,0.969,0.555,0.701,BB,0.7,5.5,0.001,R1,r1_paired_KK2_3c_4s.json,river_def_ip_allin
paired,paired_KK2,KsKd2c3cKh,,BTN,,,,475,0.0,fullhouse,0.351,0.051,1.0,BB,0.849,7.6,0.151,R1,r1_paired_KK2_3c_Kh.json,river_def_ip_allin
paired,paired_KK2,KsKd2c8h2d,,BTN,,,,484,0.0,fullhouse,0.742,1.0,1.0,BB,1.0,9.1,0.0,R1,r1_paired_KK2_8h_2d.json,river_def_ip_allin
paired,paired_KK2,KsKd2c8h4s,,BTN,,,,476,0.0,fullhouse,0.947,0.63,0.696,BB,0.696,9.6,0.0,R1,r1_paired_KK2_8h_4s.json,river_def_ip_allin
paired,paired_KK2,KsKd2c8hKh,,BTN,,,,457,0.0,fullhouse,0.354,0.159,1.0,BB,0.959,9.3,0.041,R1,r1_paired_KK2_8h_Kh.json,river_def_ip_allin
paired,paired_KK2,KsKd2cAhKh,,BTN,,,,439,0.0,fullhouse,0.304,0.0,1.0,BB,1.0,4.1,0.0,R1,r1_paired_KK2_Ah_Kh.json,river_def_ip_allin
dry_high,dry_high_A94,As9c4d,0.5,BTN,0.058,468.1,0.442,,0.0,set,0.953,0.01,0.592,BB,0.04,555.3,0.552,R3_ip_post_check,r3_dry_high_A94_ip_post_check.json,flop_init_ip
dry_high,dry_high_A94,As9c4d,0.592,BB,0.04,555.5,0.552,,0.0,set,0.967,0.019,0.5,BTN,0.058,468.1,0.442,R3_open,r3_dry_high_A94_open.json,flop_init_oop
dry_high,dry_high_J84,Jh8s4d,0.63,BTN,0.061,490.6,0.569,,0.021,set,0.926,0.01,0.626,BB,0.03,563.9,0.596,R3_ip_post_check,r3_dry_high_J84_ip_post_check.json,flop_init_ip
dry_high,dry_high_J84,Jh8s4d,0.626,BB,0.03,564.5,0.596,,0.033,set,0.939,0.018,0.63,BTN,0.061,490.6,0.569,R3_open,r3_dry_high_J84_open.json,flop_init_oop
dry_high,dry_high_K72,Ks7d2c,0.649,BTN,0.038,496.1,0.611,,0.0,set,0.956,0.01,0.666,BB,0.026,572.0,0.64,R3_ip_post_check,r3_dry_high_K72_ip_post_check.json,flop_init_ip
dry_high,dry_high_K72,Ks7d2c,0.666,BB,0.026,572.9,0.64,,0.0,set,0.971,0.018,0.649,BTN,0.038,496.1,0.611,R3_open,r3_dry_high_K72_open.json,flop_init_oop
dry_high,dry_high_Q73,Qh7s3c,0.682,BTN,0.049,499.5,0.633,,0.0,set,0.952,0.01,0.66,BB,0.02,573.4,0.64,R3_ip_post_check,r3_dry_high_Q73_ip_post_check.json,flop_init_ip
dry_high,dry_high_Q73,Qh7s3c,0.66,BB,0.02,573.6,0.64,,0.0,set,0.962,0.018,0.682,BTN,0.049,499.5,0.633,R3_open,r3_dry_high_Q73_open.json,flop_init_oop
dynamic_2tone,dynamic_2tone_875,8h7h5d,0.745,BTN,0.113,501.9,0.632,,0.242,flush,,0.0,0.641,BB,0.063,559.3,0.578,R3_ip_post_check,r3_dynamic_2tone_875_ip_post_check.json,flop_init_ip
dynamic_2tone,dynamic_2tone_875,8h7h5d,0.641,BB,0.063,559.7,0.578,,0.213,flush,,0.0,0.745,BTN,0.113,501.9,0.632,R3_open,r3_dynamic_2tone_875_open.json,flop_init_oop
dynamic_2tone,dynamic_2tone_J95,Jc9c5d,0.609,BTN,0.079,482.3,0.531,,0.151,flush,,0.0,0.606,BB,0.03,561.5,0.576,R3_ip_post_check,r3_dynamic_2tone_J95_ip_post_check.json,flop_init_ip
dynamic_2tone,dynamic_2tone_J95,Jc9c5d,0.606,BB,0.03,561.6,0.576,,0.131,flush,,0.0,0.609,BTN,0.079,482.3,0.531,R3_open,r3_dynamic_2tone_J95_open.json,flop_init_oop
dynamic_2tone,dynamic_2tone_T83,Th8h3c,0.691,BTN,0.079,496.8,0.612,,0.115,flush,,0.0,0.628,BB,0.029,564.3,0.599,R3_ip_post_check,r3_dynamic_2tone_T83_ip_post_check.json,flop_init_ip
dynamic_2tone,dynamic_2tone_T83,Th8h3c,0.628,BB,0.029,564.4,0.599,,0.11,flush,,0.0,0.691,BTN,0.079,496.8,0.612,R3_open,r3_dynamic_2tone_T83_open.json,flop_init_oop
dynamic_2tone,dynamic_2tone_T97,Ts9s7c,0.622,BTN,0.113,480.5,0.509,,0.267,flush,,0.0,0.591,BB,0.064,548.5,0.528,R3_ip_post_check,r3_dynamic_2tone_T97_ip_post_check.json,flop_init_ip
dynamic_2tone,dynamic_2tone_T97,Ts9s7c,0.595,BB,0.066,557.0,0.53,,0.255,flush,,0.0,0.622,BTN,0.113,480.5,0.509,R3_open,r3_dynamic_2tone_T97_open.json,flop_init_oop
dynamic,dynamic_654,6s5d4h,0.825,BTN,0.13,509.2,0.695,,0.15,straight,0.954,0.026,0.876,BB,0.088,152.2,0.787,R3_ip_post_check,r3_dynamic_654_ip_post_check.json,flop_init_ip
dynamic,dynamic_654,6s5d4h,0.766,BB,0.117,574.5,0.649,,0.128,straight,0.941,0.008,0.825,BTN,0.13,509.2,0.695,R3_open,r3_dynamic_654_open.json,flop_init_oop
dynamic,dynamic_987,9s8c7d,0.662,BTN,0.146,487.5,0.516,,0.275,straight,0.888,0.053,0.625,BB,0.11,546.2,0.515,R3_ip_post_check,r3_dynamic_987_ip_post_check.json,flop_init_ip
dynamic,dynamic_987,9s8c7d,0.629,BB,0.112,554.0,0.517,,0.259,straight,0.934,0.049,0.662,BTN,0.146,487.5,0.516,R3_open,r3_dynamic_987_open.json,flop_init_oop
dynamic,dynamic_J97,Jh9c7s,0.61,BTN,0.105,480.6,0.505,,0.064,straight,0.919,0.025,0.605,BB,0.059,557.7,0.547,R3_ip_post_check,r3_dynamic_J97_ip_post_check.json,flop_init_ip
dynamic,dynamic_J97,Jh9c7s,0.605,BB,0.059,560.2,0.546,,0.077,straight,0.925,0.022,0.61,BTN,0.105,480.6,0.505,R3_open,r3_dynamic_J97_open.json,flop_init_oop
dynamic,dynamic_T98,Ts9d8c,0.62,BTN,0.16,476.5,0.46,,0.263,straight,0.881,0.051,0.599,BB,0.105,551.3,0.494,R3_ip_post_check,r3_dynamic_T98_ip_post_check.json,flop_init_ip
dynamic,dynamic_T98,Ts9d8c,0.599,BB,0.106,551.6,0.494,,0.256,straight,0.937,0.05,0.62,BTN,0.16,476.5,0.46,R3_open,r3_dynamic_T98_open.json,flop_init_oop
low_dry,low_dry_752,7s5d2c,0.836,BTN,0.103,515.8,0.733,,0.021,set,0.944,0.015,0.723,BB,0.044,577.5,0.678,R3_ip_post_check,r3_low_dry_752_ip_post_check.json,flop_init_ip
low_dry,low_dry_752,7s5d2c,0.723,BB,0.044,577.7,0.678,,0.012,set,0.939,0.017,0.836,BTN,0.103,515.8,0.733,R3_open,r3_low_dry_752_open.json,flop_init_oop
low_dry,low_dry_853,8s5d3h,0.78,BTN,0.089,510.1,0.69,,0.039,set,0.942,0.015,0.657,BB,0.035,567.8,0.622,R3_ip_post_check,r3_low_dry_853_ip_post_check.json,flop_init_ip
low_dry,low_dry_853,8s5d3h,0.657,BB,0.035,568.0,0.622,,0.013,set,0.936,0.018,0.78,BTN,0.089,510.1,0.69,R3_open,r3_low_dry_853_open.json,flop_init_oop
low_dry,low_dry_863,8d6c3s,0.774,BTN,0.093,507.8,0.681,,0.046,set,0.943,0.016,0.651,BB,0.035,566.7,0.616,R3_ip_post_check,r3_low_dry_863_ip_post_check.json,flop_init_ip
low_dry,low_dry_863,8d6c3s,0.651,BB,0.035,566.9,0.616,,0.024,set,0.936,0.018,0.774,BTN,0.093,507.8,0.681,R3_open,r3_low_dry_863_open.json,flop_init_oop
low_dry,low_dry_964,9c6d4s,0.688,BTN,0.085,495.5,0.603,,0.039,set,0.945,0.015,0.637,BB,0.028,564.7,0.609,R3_ip_post_check,r3_low_dry_964_ip_post_check.json,flop_init_ip
low_dry,low_dry_964,9c6d4s,0.637,BB,0.028,565.0,0.609,,0.016,set,0.935,0.018,0.688,BTN,0.085,495.5,0.603,R3_open,r3_low_dry_964_open.json,flop_init_oop
monotone,monotone_A72d,Ad7d2d,0.593,BTN,0.107,486.1,0.485,,0.259,flush,0.922,0.067,0.648,BB,0.103,566.9,0.546,R3_ip_post_check,r3_monotone_A72d_ip_post_check.json,flop_init_ip
monotone,monotone_A72d,Ad7d2d,0.648,BB,0.103,567.6,0.546,,0.264,flush,0.957,0.064,0.593,BTN,0.107,486.1,0.485,R3_open,r3_monotone_A72d_open.json,flop_init_oop
monotone,monotone_J73s,Js7s3s,0.693,BTN,0.123,501.8,0.57,,0.274,flush,0.919,0.063,0.659,BB,0.085,576.0,0.574,R3_ip_post_check,r3_monotone_J73s_ip_post_check.json,flop_init_ip
monotone,monotone_J73s,Js7s3s,0.659,BB,0.085,576.3,0.574,,0.285,flush,0.958,0.064,0.693,BTN,0.123,501.8,0.57,R3_open,r3_monotone_J73s_open.json,flop_init_oop
monotone,monotone_Q85h,Qh8h5h,0.605,BTN,0.114,489.4,0.491,,0.265,flush,0.916,0.069,0.605,BB,0.103,561.2,0.502,R3_ip_post_check,r3_monotone_Q85h_ip_post_check.json,flop_init_ip
monotone,monotone_Q85h,Qh8h5h,0.605,BB,0.104,561.8,0.502,,0.281,flush,0.952,0.057,0.605,BTN,0.114,489.4,0.491,R3_open,r3_monotone_Q85h_open.json,flop_init_oop
monotone,monotone_T84s,Ts8s4s,0.656,BTN,0.144,491.5,0.511,,0.293,flush,0.917,0.064,0.621,BB,0.1,560.5,0.52,R3_ip_post_check,r3_monotone_T84s_ip_post_check.json,flop_init_ip
monotone,monotone_T84s,Ts8s4s,0.621,BB,0.101,563.2,0.521,,0.301,flush,0.953,0.065,0.656,BTN,0.144,491.5,0.511,R3_open,r3_monotone_T84s_open.json,flop_init_oop
paired,paired_773,7h7s3c,0.937,BTN,0.136,514.3,0.801,,0.0,fullhouse,0.951,0.006,0.911,BB,0.094,493.9,0.817,R3_ip_post_check,r3_paired_773_ip_post_check.json,flop_init_ip
paired,paired_773,7h7s3c,0.899,BB,0.102,574.6,0.796,,0.0,fullhouse,0.955,0.006,0.937,BTN,0.136,514.3,0.801,R3_open,r3_paired_773_open.json,flop_init_oop
paired,paired_994,9c9s4d,0.876,BTN,0.169,485.1,0.707,,0.0,fullhouse,0.94,0.007,0.858,BB,0.107,557.5,0.751,R3_ip_post_check,r3_paired_994_ip_post_check.json,flop_init_ip
paired,paired_994,9c9s4d,0.858,BB,0.107,559.4,0.751,,0.0,fullhouse,0.952,0.006,0.876,BTN,0.169,485.1,0.707,R3_open,r3_paired_994_open.json,flop_init_oop
paired,paired_KK2,KsKd2c,0.869,BTN,0.144,479.1,0.725,,0.0,fullhouse,0.932,0.007,0.877,BB,0.103,567.8,0.774,R3_ip_post_check,r3_paired_KK2_ip_post_check.json,flop_init_ip
paired,paired_KK2,KsKd2c,0.877,BB,0.103,568.2,0.774,,0.0,fullhouse,0.948,0.008,0.869,BTN,0.144,479.1,0.725,R3_open,r3_paired_KK2_open.json,flop_init_oop
paired,paired_TT5,TsTd5c,0.849,BTN,0.16,481.6,0.688,,0.0,fullhouse,0.941,0.007,0.826,BB,0.098,560.5,0.728,R3_ip_post_check,r3_paired_TT5_ip_post_check.json,flop_init_ip
paired,paired_TT5,TsTd5c,0.826,BB,0.098,561.1,0.728,,0.0,fullhouse,0.955,0.006,0.849,BTN,0.16,481.6,0.688,R3_open,r3_paired_TT5_open.json,flop_init_oop
