id,topic,gametype,depth,stacks,preflop_actions,flop_actions,turn_actions,river_actions,board,ctx,board_family,opener,caller,preflop_label,size_config,doc,note
E0001,design_flop_cbet_def_small_MTT_200bb,MTT6mSimple,200.125,200.125-200.125-200.125-200.125-200.125-200.125,F-F-F-R2.5-F-C,X-R2.1,,,Ks7d2c,flop_cbet_def_small,dry_high,BTN,BB,BTNvBB,MTT_200bb,Face flop small cbet,flop_cbet_def_small dry_high BTNvBB MTT_200bb
E0002,design_flop_cbet_def_small_MTT_200bb,MTT6mSimple,200.125,200.125-200.125-200.125-200.125-200.125-200.125,F-F-F-R2.5-F-C,X-R2.1,,,Qh8d3s,flop_cbet_def_small,dry_high,BTN,BB,BTNvBB,MTT_200bb,Face flop small cbet,flop_cbet_def_small dry_high BTNvBB MTT_200bb
E0003,design_flop_cbet_def_small_MTT_200bb,MTT6mSimple,200.125,200.125-200.125-200.125-200.125-200.125-200.125,F-F-F-R2.5-F-C,X-R2.1,,,Ts9d7c,flop_cbet_def_small,dynamic,BTN,BB,BTNvBB,MTT_200bb,Face flop small cbet,flop_cbet_def_small dynamic BTNvBB MTT_200bb
E0004,design_flop_cbet_def_small_MTT_200bb,MTT6mSimple,200.125,200.125-200.125-200.125-200.125-200.125-200.125,F-F-F-R2.5-F-C,X-R2.1,,,9h8d6c,flop_cbet_def_small,dynamic,BTN,BB,BTNvBB,MTT_200bb,Face flop small cbet,flop_cbet_def_small dynamic BTNvBB MTT_200bb
E0005,design_flop_cbet_def_small_MTT_200bb,MTT6mSimple,200.125,200.125-200.125-200.125-200.125-200.125-200.125,F-F-F-R2.5-F-C,X-R2.1,,,Ts9s8d,flop_cbet_def_small,dynamic_2tone,BTN,BB,BTNvBB,MTT_200bb,Face flop small cbet,flop_cbet_def_small dynamic_2tone BTNvBB MTT_200bb
E0006,design_flop_cbet_def_small_MTT_200bb,MTT6mSimple,200.125,200.125-200.125-200.125-200.125-200.125-200.125,F-F-F-R2.5-F-C,X-R2.1,,,9s8s6d,flop_cbet_def_small,dynamic_2tone,BTN,BB,BTNvBB,MTT_200bb,Face flop small cbet,flop_cbet_def_small dynamic_2tone BTNvBB MTT_200bb
E0007,design_flop_cbet_def_small_MTT_200bb,MTT6mSimple,200.125,200.125-200.125-200.125-200.125-200.125-200.125,F-F-F-R2.5-F-C,X-R2.1,,,8s5h2c,flop_cbet_def_small,low_dry,BTN,BB,BTNvBB,MTT_200bb,Face flop small cbet,flop_cbet_def_small low_dry BTNvBB MTT_200bb
E0008,design_flop_cbet_def_small_MTT_200bb,MTT6mSimple,200.125,200.125-200.125-200.125-200.125-200.125-200.125,F-F-F-R2.5-F-C,X-R2.1,,,9c6d4s,flop_cbet_def_small,low_dry,BTN,BB,BTNvBB,MTT_200bb,Face flop small cbet,flop_cbet_def_small low_dry BTNvBB MTT_200bb
E0009,design_flop_cbet_def_small_MTT_200bb,MTT6mSimple,200.125,200.125-200.125-200.125-200.125-200.125-200.125,F-F-F-R2.5-F-C,X-R2.1,,,KsQsJs,flop_cbet_def_small,monotone,BTN,BB,BTNvBB,MTT_200bb,Face flop small cbet,flop_cbet_def_small monotone BTNvBB MTT_200bb
E0010,design_flop_cbet_def_small_MTT_200bb,MTT6mSimple,200.125,200.125-200.125-200.125-200.125-200.125-200.125,F-F-F-R2.5-F-C,X-R2.1,,,Ts8s5s,flop_cbet_def_small,monotone,BTN,BB,BTNvBB,MTT_200bb,Face flop small cbet,flop_cbet_def_small monotone BTNvBB MTT_200bb
E0011,design_flop_cbet_def_small_MTT_200bb,MTT6mSimple,200.125,200.125-200.125-200.125-200.125-200.125-200.125,F-F-F-R2.5-F-C,X-R2.1,,,Ks7d7c,flop_cbet_def_small,paired,BTN,BB,BTNvBB,MTT_200bb,Face flop small cbet,flop_cbet_def_small paired BTNvBB MTT_200bb
E0012,design_flop_cbet_def_small_MTT_200bb,MTT6mSimple,200.125,200.125-200.125-200.125-200.125-200.125-200.125,F-F-F-R2.5-F-C,X-R2.1,,,9s9d4c,flop_cbet_def_small,paired,BTN,BB,BTNvBB,MTT_200bb,Face flop small cbet,flop_cbet_def_small paired BTNvBB MTT_200bb
E0013,design_flop_cbet_def_large_MTT_200bb,MTT6mSimple,200.125,200.125-200.125-200.125-200.125-200.125-200.125,F-F-F-R2.5-F-C,X-R5.7,,,Ks7d2c,flop_cbet_def_large,dry_high,BTN,BB,BTNvBB,MTT_200bb,Face flop large cbet,flop_cbet_def_large dry_high BTNvBB MTT_200bb
E0014,design_flop_cbet_def_large_MTT_200bb,MTT6mSimple,200.125,200.125-200.125-200.125-200.125-200.125-200.125,F-F-F-R2.5-F-C,X-R5.7,,,Qh8d3s,flop_cbet_def_large,dry_high,BTN,BB,BTNvBB,MTT_200bb,Face flop large cbet,flop_cbet_def_large dry_high BTNvBB MTT_200bb
E0015,design_flop_cbet_def_large_MTT_200bb,MTT6mSimple,200.125,200.125-200.125-200.125-200.125-200.125-200.125,F-F-F-R2.5-F-C,X-R5.7,,,Ts9d7c,flop_cbet_def_large,dynamic,BTN,BB,BTNvBB,MTT_200bb,Face flop large cbet,flop_cbet_def_large dynamic BTNvBB MTT_200bb
E0016,design_flop_cbet_def_large_MTT_200bb,MTT6mSimple,200.125,200.125-200.125-200.125-200.125-200.125-200.125,F-F-F-R2.5-F-C,X-R5.7,,,9h8d6c,flop_cbet_def_large,dynamic,BTN,BB,BTNvBB,MTT_200bb,Face flop large cbet,flop_cbet_def_large dynamic BTNvBB MTT_200bb
E0017,design_flop_cbet_def_large_MTT_200bb,MTT6mSimple,200.125,200.125-200.125-200.125-200.125-200.125-200.125,F-F-F-R2.5-F-C,X-R5.7,,,Ts9s8d,flop_cbet_def_large,dynamic_2tone,BTN,BB,BTNvBB,MTT_200bb,Face flop large cbet,flop_cbet_def_large dynamic_2tone BTNvBB MTT_200bb
E0018,design_flop_cbet_def_large_MTT_200bb,MTT6mSimple,200.125,200.125-200.125-200.125-200.125-200.125-200.125,F-F-F-R2.5-F-C,X-R5.7,,,9s8s6d,flop_cbet_def_large,dynamic_2tone,BTN,BB,BTNvBB,MTT_200bb,Face flop large cbet,flop_cbet_def_large dynamic_2tone BTNvBB MTT_200bb
E0019,design_flop_cbet_def_large_MTT_200bb,MTT6mSimple,200.125,200.125-200.125-200.125-200.125-200.125-200.125,F-F-F-R2.5-F-C,X-R5.7,,,8s5h2c,flop_cbet_def_large,low_dry,BTN,BB,BTNvBB,MTT_200bb,Face flop large cbet,flop_cbet_def_large low_dry BTNvBB MTT_200bb
E0020,design_flop_cbet_def_large_MTT_200bb,MTT6mSimple,200.125,200.125-200.125-200.125-200.125-200.125-200.125,F-F-F-R2.5-F-C,X-R5.7,,,9c6d4s,flop_cbet_def_large,low_dry,BTN,BB,BTNvBB,MTT_200bb,Face flop large cbet,flop_cbet_def_large low_dry BTNvBB MTT_200bb
E0021,design_flop_cbet_def_large_MTT_200bb,MTT6mSimple,200.125,200.125-200.125-200.125-200.125-200.125-200.125,F-F-F-R2.5-F-C,X-R5.7,,,KsQsJs,flop_cbet_def_large,monotone,BTN,BB,BTNvBB,MTT_200bb,Face flop large cbet,flop_cbet_def_large monotone BTNvBB MTT_200bb
E0022,design_flop_cbet_def_large_MTT_200bb,MTT6mSimple,200.125,200.125-200.125-200.125-200.125-200.125-200.125,F-F-F-R2.5-F-C,X-R5.7,,,Ts8s5s,flop_cbet_def_large,monotone,BTN,BB,BTNvBB,MTT_200bb,Face flop large cbet,flop_cbet_def_large monotone BTNvBB MTT_200bb
E0023,design_flop_cbet_def_large_MTT_200bb,MTT6mSimple,200.125,200.125-200.125-200.125-200.125-200.125-200.125,F-F-F-R2.5-F-C,X-R5.7,,,Ks7d7c,flop_cbet_def_large,paired,BTN,BB,BTNvBB,MTT_200bb,Face flop large cbet,flop_cbet_def_large paired BTNvBB MTT_200bb
E0024,design_flop_cbet_def_large_MTT_200bb,MTT6mSimple,200.125,200.125-200.125-200.125-200.125-200.125-200.125,F-F-F-R2.5-F-C,X-R5.7,,,9s9d4c,flop_cbet_def_large,paired,BTN,BB,BTNvBB,MTT_200bb,Face flop large cbet,flop_cbet_def_large paired BTNvBB MTT_200bb
E0025,design_turn_2nd_def_small_MTT_200bb,MTT6mSimple,200.125,200.125-200.125-200.125-200.125-200.125-200.125,F-F-F-R2.5-F-C,X-R2.1-C,X-R5.2,,Ks7d2cTh,turn_2nd_def_small,dry_high,BTN,BB,BTNvBB,MTT_200bb,Turn defense vs 50%,turn_2nd_def_small dry_high BTNvBB MTT_200bb
E0026,design_turn_2nd_def_small_MTT_200bb,MTT6mSimple,200.125,200.125-200.125-200.125-200.125-200.125-200.125,F-F-F-R2.5-F-C,X-R2.1-C,X-R5.2,,Qh8d3sTh,turn_2nd_def_small,dry_high,BTN,BB,BTNvBB,MTT_200bb,Turn defense vs 50%,turn_2nd_def_small dry_high BTNvBB MTT_200bb
E0027,design_turn_2nd_def_small_MTT_200bb,MTT6mSimple,200.125,200.125-200.125-200.125-200.125-200.125-200.125,F-F-F-R2.5-F-C,X-R2.1-C,X-R5.2,,Ts9d7c2c,turn_2nd_def_small,dynamic,BTN,BB,BTNvBB,MTT_200bb,Turn defense vs 50%,turn_2nd_def_small dynamic BTNvBB MTT_200bb
E0028,design_turn_2nd_def_small_MTT_200bb,MTT6mSimple,200.125,200.125-200.125-200.125-200.125-200.125-200.125,F-F-F-R2.5-F-C,X-R2.1-C,X-R5.2,,9h8d6c2c,turn_2nd_def_small,dynamic,BTN,BB,BTNvBB,MTT_200bb,Turn defense vs 50%,turn_2nd_def_small dynamic BTNvBB MTT_200bb
E0029,design_turn_2nd_def_small_MTT_200bb,MTT6mSimple,200.125,200.125-200.125-200.125-200.125-200.125-200.125,F-F-F-R2.5-F-C,X-R2.1-C,X-R5.2,,Ts9s8d2h,turn_2nd_def_small,dynamic_2tone,BTN,BB,BTNvBB,MTT_200bb,Turn defense vs 50%,turn_2nd_def_small dynamic_2tone BTNvBB MTT_200bb
E0030,design_turn_2nd_def_small_MTT_200bb,MTT6mSimple,200.125,200.125-200.125-200.125-200.125-200.125-200.125,F-F-F-R2.5-F-C,X-R2.1-C,X-R5.2,,9s8s6d2h,turn_2nd_def_small,dynamic_2tone,BTN,BB,BTNvBB,MTT_200bb,Turn defense vs 50%,turn_2nd_def_small dynamic_2tone BTNvBB MTT_200bb
E0031,design_turn_2nd_def_small_MTT_200bb,MTT6mSimple,200.125,200.125-200.125-200.125-200.125-200.125-200.125,F-F-F-R2.5-F-C,X-R2.1-C,X-R5.2,,8s5h2cTd,turn_2nd_def_small,low_dry,BTN,BB,BTNvBB,MTT_200bb,Turn defense vs 50%,turn_2nd_def_small low_dry BTNvBB MTT_200bb
E0032,design_turn_2nd_def_small_MTT_200bb,MTT6mSimple,200.125,200.125-200.125-200.125-200.125-200.125-200.125,F-F-F-R2.5-F-C,X-R2.1-C,X-R5.2,,9c6d4sTd,turn_2nd_def_small,low_dry,BTN,BB,BTNvBB,MTT_200bb,Turn defense vs 50%,turn_2nd_def_small low_dry BTNvBB MTT_200bb
E0033,design_turn_2nd_def_small_MTT_200bb,MTT6mSimple,200.125,200.125-200.125-200.125-200.125-200.125-200.125,F-F-F-R2.5-F-C,X-R2.1-C,X-R5.2,,KsQsJs2d,turn_2nd_def_small,monotone,BTN,BB,BTNvBB,MTT_200bb,Turn defense vs 50%,turn_2nd_def_small monotone BTNvBB MTT_200bb
E0034,design_turn_2nd_def_small_MTT_200bb,MTT6mSimple,200.125,200.125-200.125-200.125-200.125-200.125-200.125,F-F-F-R2.5-F-C,X-R2.1-C,X-R5.2,,Ts8s5s2d,turn_2nd_def_small,monotone,BTN,BB,BTNvBB,MTT_200bb,Turn defense vs 50%,turn_2nd_def_small monotone BTNvBB MTT_200bb
E0035,design_turn_2nd_def_small_MTT_200bb,MTT6mSimple,200.125,200.125-200.125-200.125-200.125-200.125-200.125,F-F-F-R2.5-F-C,X-R2.1-C,X-R5.2,,Ks7d7cTh,turn_2nd_def_small,paired,BTN,BB,BTNvBB,MTT_200bb,Turn defense vs 50%,turn_2nd_def_small paired BTNvBB MTT_200bb
E0036,design_turn_2nd_def_small_MTT_200bb,MTT6mSimple,200.125,200.125-200.125-200.125-200.125-200.125-200.125,F-F-F-R2.5-F-C,X-R2.1-C,X-R5.2,,9s9d4cTh,turn_2nd_def_small,paired,BTN,BB,BTNvBB,MTT_200bb,Turn defense vs 50%,turn_2nd_def_small paired BTNvBB MTT_200bb
E0037,design_turn_2nd_def_large_MTT_200bb,MTT6mSimple,200.125,200.125-200.125-200.125-200.125-200.125-200.125,F-F-F-R2.5-F-C,X-R2.1-C,X-R7.8,,Ks7d2cTh,turn_2nd_def_large,dry_high,BTN,BB,BTNvBB,MTT_200bb,Turn defense vs large,turn_2nd_def_large dry_high BTNvBB MTT_200bb
E0038,design_turn_2nd_def_large_MTT_200bb,MTT6mSimple,200.125,200.125-200.125-200.125-200.125-200.125-200.125,F-F-F-R2.5-F-C,X-R2.1-C,X-R7.8,,Qh8d3sTh,turn_2nd_def_large,dry_high,BTN,BB,BTNvBB,MTT_200bb,Turn defense vs large,turn_2nd_def_large dry_high BTNvBB MTT_200bb
E0039,design_turn_2nd_def_large_MTT_200bb,MTT6mSimple,200.125,200.125-200.125-200.125-200.125-200.125-200.125,F-F-F-R2.5-F-C,X-R2.1-C,X-R7.8,,Ts9d7c2c,turn_2nd_def_large,dynamic,BTN,BB,BTNvBB,MTT_200bb,Turn defense vs large,turn_2nd_def_large dynamic BTNvBB MTT_200bb
E0040,design_turn_2nd_def_large_MTT_200bb,MTT6mSimple,200.125,200.125-200.125-200.125-200.125-200.125-200.125,F-F-F-R2.5-F-C,X-R2.1-C,X-R7.8,,9h8d6c2c,turn_2nd_def_large,dynamic,BTN,BB,BTNvBB,MTT_200bb,Turn defense vs large,turn_2nd_def_large dynamic BTNvBB MTT_200bb
E0041,design_turn_2nd_def_large_MTT_200bb,MTT6mSimple,200.125,200.125-200.125-200.125-200.125-200.125-200.125,F-F-F-R2.5-F-C,X-R2.1-C,X-R7.8,,Ts9s8d2h,turn_2nd_def_large,dynamic_2tone,BTN,BB,BTNvBB,MTT_200bb,Turn defense vs large,turn_2nd_def_large dynamic_2tone BTNvBB MTT_200bb
E0042,design_turn_2nd_def_large_MTT_200bb,MTT6mSimple,200.125,200.125-200.125-200.125-200.125-200.125-200.125,F-F-F-R2.5-F-C,X-R2.1-C,X-R7.8,,9s8s6d2h,turn_2nd_def_large,dynamic_2tone,BTN,BB,BTNvBB,MTT_200bb,Turn defense vs large,turn_2nd_def_large dynamic_2tone BTNvBB MTT_200bb
E0043,design_turn_2nd_def_large_MTT_200bb,MTT6mSimple,200.125,200.125-200.125-200.125-200.125-200.125-200.125,F-F-F-R2.5-F-C,X-R2.1-C,X-R7.8,,8s5h2cTd,turn_2nd_def_large,low_dry,BTN,BB,BTNvBB,MTT_200bb,Turn defense vs large,turn_2nd_def_large low_dry BTNvBB MTT_200bb
E0044,design_turn_2nd_def_large_MTT_200bb,MTT6mSimple,200.125,200.125-200.125-200.125-200.125-200.125-200.125,F-F-F-R2.5-F-C,X-R2.1-C,X-R7.8,,9c6d4sTd,turn_2nd_def_large,low_dry,BTN,BB,BTNvBB,MTT_200bb,Turn defense vs large,turn_2nd_def_large low_dry BTNvBB MTT_200bb
E0045,design_turn_2nd_def_large_MTT_200bb,MTT6mSimple,200.125,200.125-200.125-200.125-200.125-200.125-200.125,F-F-F-R2.5-F-C,X-R2.1-C,X-R7.8,,KsQsJs2d,turn_2nd_def_large,monotone,BTN,BB,BTNvBB,MTT_200bb,Turn defense vs large,turn_2nd_def_large monotone BTNvBB MTT_200bb
E0046,design_turn_2nd_def_large_MTT_200bb,MTT6mSimple,200.125,200.125-200.125-200.125-200.125-200.125-200.125,F-F-F-R2.5-F-C,X-R2.1-C,X-R7.8,,Ts8s5s2d,turn_2nd_def_large,monotone,BTN,BB,BTNvBB,MTT_200bb,Turn defense vs large,turn_2nd_def_large monotone BTNvBB MTT_200bb
E0047,design_turn_2nd_def_large_MTT_200bb,MTT6mSimple,200.125,200.125-200.125-200.125-200.125-200.125-200.125,F-F-F-R2.5-F-C,X-R2.1-C,X-R7.8,,Ks7d7cTh,turn_2nd_def_large,paired,BTN,BB,BTNvBB,MTT_200bb,Turn defense vs large,turn_2nd_def_large paired BTNvBB MTT_200bb
E0048,design_turn_2nd_def_large_MTT_200bb,MTT6mSimple,200.125,200.125-200.125-200.125-200.125-200.125-200.125,F-F-F-R2.5-F-C,X-R2.1-C,X-R7.8,,9s9d4cTh,turn_2nd_def_large,paired,BTN,BB,BTNvBB,MTT_200bb,Turn defense vs large,turn_2nd_def_large paired BTNvBB MTT_200bb
E0049,design_turn_probe_def_MTT_200bb,MTT6mSimple,200.125,200.125-200.125-200.125-200.125-200.125-200.125,F-F-F-R2.5-F-C,X-X,X-R5.2,,Ks7d2cTh,turn_probe_def,dry_high,BTN,BB,BTNvBB,MTT_200bb,Turn defense vs probe,turn_probe_def dry_high BTNvBB MTT_200bb
E0050,design_turn_probe_def_MTT_200bb,MTT6mSimple,200.125,200.125-200.125-200.125-200.125-200.125-200.125,F-F-F-R2.5-F-C,X-X,X-R5.2,,Qh8d3sTh,turn_probe_def,dry_high,BTN,BB,BTNvBB,MTT_200bb,Turn defense vs probe,turn_probe_def dry_high BTNvBB MTT_200bb
E0051,design_turn_probe_def_MTT_200bb,MTT6mSimple,200.125,200.125-200.125-200.125-200.125-200.125-200.125,F-F-F-R2.5-F-C,X-X,X-R5.2,,Ts9d7c2c,turn_probe_def,dynamic,BTN,BB,BTNvBB,MTT_200bb,Turn defense vs probe,turn_probe_def dynamic BTNvBB MTT_200bb
E0052,design_turn_probe_def_MTT_200bb,MTT6mSimple,200.125,200.125-200.125-200.125-200.125-200.125-200.125,F-F-F-R2.5-F-C,X-X,X-R5.2,,9h8d6c2c,turn_probe_def,dynamic,BTN,BB,BTNvBB,MTT_200bb,Turn defense vs probe,turn_probe_def dynamic BTNvBB MTT_200bb
E0053,design_turn_probe_def_MTT_200bb,MTT6mSimple,200.125,200.125-200.125-200.125-200.125-200.125-200.125,F-F-F-R2.5-F-C,X-X,X-R5.2,,Ts9s8d2h,turn_probe_def,dynamic_2tone,BTN,BB,BTNvBB,MTT_200bb,Turn defense vs probe,turn_probe_def dynamic_2tone BTNvBB MTT_200bb
E0054,design_turn_probe_def_MTT_200bb,MTT6mSimple,200.125,200.125-200.125-200.125-200.125-200.125-200.125,F-F-F-R2.5-F-C,X-X,X-R5.2,,9s8s6d2h,turn_probe_def,dynamic_2tone,BTN,BB,BTNvBB,MTT_200bb,Turn defense vs probe,turn_probe_def dynamic_2tone BTNvBB MTT_200bb
E0055,design_turn_probe_def_MTT_200bb,MTT6mSimple,200.125,200.125-200.125-200.125-200.125-200.125-200.125,F-F-F-R2.5-F-C,X-X,X-R5.2,,8s5h2cTd,turn_probe_def,low_dry,BTN,BB,BTNvBB,MTT_200bb,Turn defense vs probe,turn_probe_def low_dry BTNvBB MTT_200bb
E0056,design_turn_probe_def_MTT_200bb,MTT6mSimple,200.125,200.125-200.125-200.125-200.125-200.125-200.125,F-F-F-R2.5-F-C,X-X,X-R5.2,,9c6d4sTd,turn_probe_def,low_dry,BTN,BB,BTNvBB,MTT_200bb,Turn defense vs probe,turn_probe_def low_dry BTNvBB MTT_200bb
E0057,design_turn_probe_def_MTT_200bb,MTT6mSimple,200.125,200.125-200.125-200.125-200.125-200.125-200.125,F-F-F-R2.5-F-C,X-X,X-R5.2,,KsQsJs2d,turn_probe_def,monotone,BTN,BB,BTNvBB,MTT_200bb,Turn defense vs probe,turn_probe_def monotone BTNvBB MTT_200bb
E0058,design_turn_probe_def_MTT_200bb,MTT6mSimple,200.125,200.125-200.125-200.125-200.125-200.125-200.125,F-F-F-R2.5-F-C,X-X,X-R5.2,,Ts8s5s2d,turn_probe_def,monotone,BTN,BB,BTNvBB,MTT_200bb,Turn defense vs probe,turn_probe_def monotone BTNvBB MTT_200bb
E0059,design_turn_probe_def_MTT_200bb,MTT6mSimple,200.125,200.125-200.125-200.125-200.125-200.125-200.125,F-F-F-R2.5-F-C,X-X,X-R5.2,,Ks7d7cTh,turn_probe_def,paired,BTN,BB,BTNvBB,MTT_200bb,Turn defense vs probe,turn_probe_def paired BTNvBB MTT_200bb
E0060,design_turn_probe_def_MTT_200bb,MTT6mSimple,200.125,200.125-200.125-200.125-200.125-200.125-200.125,F-F-F-R2.5-F-C,X-X,X-R5.2,,9s9d4cTh,turn_probe_def,paired,BTN,BB,BTNvBB,MTT_200bb,Turn defense vs probe,turn_probe_def paired BTNvBB MTT_200bb
E0061,design_flop_cbet_def_small_MTT_200bb,MTT6mSimple,200.125,200.125-200.125-200.125-200.125-200.125-200.125,F-F-R2.3-F-F-C,X-R2.1,,,Ks7d2c,flop_cbet_def_small,dry_high,CO,BB,COvBB,MTT_200bb,Face flop small cbet,flop_cbet_def_small dry_high COvBB MTT_200bb
E0062,design_flop_cbet_def_small_MTT_200bb,MTT6mSimple,200.125,200.125-200.125-200.125-200.125-200.125-200.125,F-F-R2.3-F-F-C,X-R2.1,,,Qh8d3s,flop_cbet_def_small,dry_high,CO,BB,COvBB,MTT_200bb,Face flop small cbet,flop_cbet_def_small dry_high COvBB MTT_200bb
E0063,design_flop_cbet_def_small_MTT_200bb,MTT6mSimple,200.125,200.125-200.125-200.125-200.125-200.125-200.125,F-F-R2.3-F-F-C,X-R2.1,,,Ts9d7c,flop_cbet_def_small,dynamic,CO,BB,COvBB,MTT_200bb,Face flop small cbet,flop_cbet_def_small dynamic COvBB MTT_200bb
E0064,design_flop_cbet_def_small_MTT_200bb,MTT6mSimple,200.125,200.125-200.125-200.125-200.125-200.125-200.125,F-F-R2.3-F-F-C,X-R2.1,,,9h8d6c,flop_cbet_def_small,dynamic,CO,BB,COvBB,MTT_200bb,Face flop small cbet,flop_cbet_def_small dynamic COvBB MTT_200bb
E0065,design_flop_cbet_def_small_MTT_200bb,MTT6mSimple,200.125,200.125-200.125-200.125-200.125-200.125-200.125,F-F-R2.3-F-F-C,X-R2.1,,,Ts9s8d,flop_cbet_def_small,dynamic_2tone,CO,BB,COvBB,MTT_200bb,Face flop small cbet,flop_cbet_def_small dynamic_2tone COvBB MTT_200bb
E0066,design_flop_cbet_def_small_MTT_200bb,MTT6mSimple,200.125,200.125-200.125-200.125-200.125-200.125-200.125,F-F-R2.3-F-F-C,X-R2.1,,,9s8s6d,flop_cbet_def_small,dynamic_2tone,CO,BB,COvBB,MTT_200bb,Face flop small cbet,flop_cbet_def_small dynamic_2tone COvBB MTT_200bb
E0067,design_flop_cbet_def_small_MTT_200bb,MTT6mSimple,200.125,200.125-200.125-200.125-200.125-200.125-200.125,F-F-R2.3-F-F-C,X-R2.1,,,8s5h2c,flop_cbet_def_small,low_dry,CO,BB,COvBB,MTT_200bb,Face flop small cbet,flop_cbet_def_small low_dry COvBB MTT_200bb
E0068,design_flop_cbet_def_small_MTT_200bb,MTT6mSimple,200.125,200.125-200.125-200.125-200.125-200.125-200.125,F-F-R2.3-F-F-C,X-R2.1,,,9c6d4s,flop_cbet_def_small,low_dry,CO,BB,COvBB,MTT_200bb,Face flop small cbet,flop_cbet_def_small low_dry COvBB MTT_200bb
E0069,design_flop_cbet_def_small_MTT_200bb,MTT6mSimple,200.125,200.125-200.125-200.125-200.125-200.125-200.125,F-F-R2.3-F-F-C,X-R2.1,,,KsQsJs,flop_cbet_def_small,monotone,CO,BB,COvBB,MTT_200bb,Face flop small cbet,flop_cbet_def_small monotone COvBB MTT_200bb
E0070,design_flop_cbet_def_small_MTT_200bb,MTT6mSimple,200.125,200.125-200.125-200.125-200.125-200.125-200.125,F-F-R2.3-F-F-C,X-R2.1,,,Ts8s5s,flop_cbet_def_small,monotone,CO,BB,COvBB,MTT_200bb,Face flop small cbet,flop_cbet_def_small monotone COvBB MTT_200bb
E0071,design_flop_cbet_def_small_MTT_200bb,MTT6mSimple,200.125,200.125-200.125-200.125-200.125-200.125-200.125,F-F-R2.3-F-F-C,X-R2.1,,,Ks7d7c,flop_cbet_def_small,paired,CO,BB,COvBB,MTT_200bb,Face flop small cbet,flop_cbet_def_small paired COvBB MTT_200bb
E0072,design_flop_cbet_def_small_MTT_200bb,MTT6mSimple,200.125,200.125-200.125-200.125-200.125-200.125-200.125,F-F-R2.3-F-F-C,X-R2.1,,,9s9d4c,flop_cbet_def_small,paired,CO,BB,COvBB,MTT_200bb,Face flop small cbet,flop_cbet_def_small paired COvBB MTT_200bb
E0073,design_flop_cbet_def_large_MTT_200bb,MTT6mSimple,200.125,200.125-200.125-200.125-200.125-200.125-200.125,F-F-R2.3-F-F-C,X-R5.7,,,Ks7d2c,flop_cbet_def_large,dry_high,CO,BB,COvBB,MTT_200bb,Face flop large cbet,flop_cbet_def_large dry_high COvBB MTT_200bb
E0074,design_flop_cbet_def_large_MTT_200bb,MTT6mSimple,200.125,200.125-200.125-200.125-200.125-200.125-200.125,F-F-R2.3-F-F-C,X-R5.7,,,Qh8d3s,flop_cbet_def_large,dry_high,CO,BB,COvBB,MTT_200bb,Face flop large cbet,flop_cbet_def_large dry_high COvBB MTT_200bb
E0075,design_flop_cbet_def_large_MTT_200bb,MTT6mSimple,200.125,200.125-200.125-200.125-200.125-200.125-200.125,F-F-R2.3-F-F-C,X-R5.7,,,Ts9d7c,flop_cbet_def_large,dynamic,CO,BB,COvBB,MTT_200bb,Face flop large cbet,flop_cbet_def_large dynamic COvBB MTT_200bb
E0076,design_flop_cbet_def_large_MTT_200bb,MTT6mSimple,200.125,200.125-200.125-200.125-200.125-200.125-200.125,F-F-R2.3-F-F-C,X-R5.7,,,9h8d6c,flop_cbet_def_large,dynamic,CO,BB,COvBB,MTT_200bb,Face flop large cbet,flop_cbet_def_large dynamic COvBB MTT_200bb
E0077,design_flop_cbet_def_large_MTT_200bb,MTT6mSimple,200.125,200.125-200.125-200.125-200.125-200.125-200.125,F-F-R2.3-F-F-C,X-R5.7,,,Ts9s8d,flop_cbet_def_large,dynamic_2tone,CO,BB,COvBB,MTT_200bb,Face flop large cbet,flop_cbet_def_large dynamic_2tone COvBB MTT_200bb
E0078,design_flop_cbet_def_large_MTT_200bb,MTT6mSimple,200.125,200.125-200.125-200.125-200.125-200.125-200.125,F-F-R2.3-F-F-C,X-R5.7,,,9s8s6d,flop_cbet_def_large,dynamic_2tone,CO,BB,COvBB,MTT_200bb,Face flop large cbet,flop_cbet_def_large dynamic_2tone COvBB MTT_200bb
E0079,design_flop_cbet_def_large_MTT_200bb,MTT6mSimple,200.125,200.125-200.125-200.125-200.125-200.125-200.125,F-F-R2.3-F-F-C,X-R5.7,,,8s5h2c,flop_cbet_def_large,low_dry,CO,BB,COvBB,MTT_200bb,Face flop large cbet,flop_cbet_def_large low_dry COvBB MTT_200bb
E0080,design_flop_cbet_def_large_MTT_200bb,MTT6mSimple,200.125,200.125-200.125-200.125-200.125-200.125-200.125,F-F-R2.3-F-F-C,X-R5.7,,,9c6d4s,flop_cbet_def_large,low_dry,CO,BB,COvBB,MTT_200bb,Face flop large cbet,flop_cbet_def_large low_dry COvBB MTT_200bb
E0081,design_flop_cbet_def_large_MTT_200bb,MTT6mSimple,200.125,200.125-200.125-200.125-200.125-200.125-200.125,F-F-R2.3-F-F-C,X-R5.7,,,KsQsJs,flop_cbet_def_large,monotone,CO,BB,COvBB,MTT_200bb,Face flop large cbet,flop_cbet_def_large monotone COvBB MTT_200bb
E0082,design_flop_cbet_def_large_MTT_200bb,MTT6mSimple,200.125,200.125-200.125-200.125-200.125-200.125-200.125,F-F-R2.3-F-F-C,X-R5.7,,,Ts8s5s,flop_cbet_def_large,monotone,CO,BB,COvBB,MTT_200bb,Face flop large cbet,flop_cbet_def_large monotone COvBB MTT_200bb
E0083,design_flop_cbet_def_large_MTT_200bb,MTT6mSimple,200.125,200.125-200.125-200.125-200.125-200.125-200.125,F-F-R2.3-F-F-C,X-R5.7,,,Ks7d7c,flop_cbet_def_large,paired,CO,BB,COvBB,MTT_200bb,Face flop large cbet,flop_cbet_def_large paired COvBB MTT_200bb
E0084,design_flop_cbet_def_large_MTT_200bb,MTT6mSimple,200.125,200.125-200.125-200.125-200.125-200.125-200.125,F-F-R2.3-F-F-C,X-R5.7,,,9s9d4c,flop_cbet_def_large,paired,CO,BB,COvBB,MTT_200bb,Face flop large cbet,flop_cbet_def_large paired COvBB MTT_200bb
E0085,design_turn_2nd_def_small_MTT_200bb,MTT6mSimple,200.125,200.125-200.125-200.125-200.125-200.125-200.125,F-F-R2.3-F-F-C,X-R2.1-C,X-R5.2,,Ks7d2cTh,turn_2nd_def_small,dry_high,CO,BB,COvBB,MTT_200bb,Turn defense vs 50%,turn_2nd_def_small dry_high COvBB MTT_200bb
E0086,design_turn_2nd_def_small_MTT_200bb,MTT6mSimple,200.125,200.125-200.125-200.125-200.125-200.125-200.125,F-F-R2.3-F-F-C,X-R2.1-C,X-R5.2,,Qh8d3sTh,turn_2nd_def_small,dry_high,CO,BB,COvBB,MTT_200bb,Turn defense vs 50%,turn_2nd_def_small dry_high COvBB MTT_200bb
E0087,design_turn_2nd_def_small_MTT_200bb,MTT6mSimple,200.125,200.125-200.125-200.125-200.125-200.125-200.125,F-F-R2.3-F-F-C,X-R2.1-C,X-R5.2,,Ts9d7c2c,turn_2nd_def_small,dynamic,CO,BB,COvBB,MTT_200bb,Turn defense vs 50%,turn_2nd_def_small dynamic COvBB MTT_200bb
E0088,design_turn_2nd_def_small_MTT_200bb,MTT6mSimple,200.125,200.125-200.125-200.125-200.125-200.125-200.125,F-F-R2.3-F-F-C,X-R2.1-C,X-R5.2,,9h8d6c2c,turn_2nd_def_small,dynamic,CO,BB,COvBB,MTT_200bb,Turn defense vs 50%,turn_2nd_def_small dynamic COvBB MTT_200bb
E0089,design_turn_2nd_def_small_MTT_200bb,MTT6mSimple,200.125,200.125-200.125-200.125-200.125-200.125-200.125,F-F-R2.3-F-F-C,X-R2.1-C,X-R5.2,,Ts9s8d2h,turn_2nd_def_small,dynamic_2tone,CO,BB,COvBB,MTT_200bb,Turn defense vs 50%,turn_2nd_def_small dynamic_2tone COvBB MTT_200bb
E0090,design_turn_2nd_def_small_MTT_200bb,MTT6mSimple,200.125,200.125-200.125-200.125-200.125-200.125-200.125,F-F-R2.3-F-F-C,X-R2.1-C,X-R5.2,,9s8s6d2h,turn_2nd_def_small,dynamic_2tone,CO,BB,COvBB,MTT_200bb,Turn defense vs 50%,turn_2nd_def_small dynamic_2tone COvBB MTT_200bb
E0091,design_turn_2nd_def_small_MTT_200bb,MTT6mSimple,200.125,200.125-200.125-200.125-200.125-200.125-200.125,F-F-R2.3-F-F-C,X-R2.1-C,X-R5.2,,8s5h2cTd,turn_2nd_def_small,low_dry,CO,BB,COvBB,MTT_200bb,Turn defense vs 50%,turn_2nd_def_small low_dry COvBB MTT_200bb
E0092,design_turn_2nd_def_small_MTT_200bb,MTT6mSimple,200.125,200.125-200.125-200.125-200.125-200.125-200.125,F-F-R2.3-F-F-C,X-R2.1-C,X-R5.2,,9c6d4sTd,turn_2nd_def_small,low_dry,CO,BB,COvBB,MTT_200bb,Turn defense vs 50%,turn_2nd_def_small low_dry COvBB MTT_200bb
E0093,design_turn_2nd_def_small_MTT_200bb,MTT6mSimple,200.125,200.125-200.125-200.125-200.125-200.125-200.125,F-F-R2.3-F-F-C,X-R2.1-C,X-R5.2,,KsQsJs2d,turn_2nd_def_small,monotone,CO,BB,COvBB,MTT_200bb,Turn defense vs 50%,turn_2nd_def_small monotone COvBB MTT_200bb
E0094,design_turn_2nd_def_small_MTT_200bb,MTT6mSimple,200.125,200.125-200.125-200.125-200.125-200.125-200.125,F-F-R2.3-F-F-C,X-R2.1-C,X-R5.2,,Ts8s5s2d,turn_2nd_def_small,monotone,CO,BB,COvBB,MTT_200bb,Turn defense vs 50%,turn_2nd_def_small monotone COvBB MTT_200bb
E0095,design_turn_2nd_def_small_MTT_200bb,MTT6mSimple,200.125,200.125-200.125-200.125-200.125-200.125-200.125,F-F-R2.3-F-F-C,X-R2.1-C,X-R5.2,,Ks7d7cTh,turn_2nd_def_small,paired,CO,BB,COvBB,MTT_200bb,Turn defense vs 50%,turn_2nd_def_small paired COvBB MTT_200bb
E0096,design_turn_2nd_def_small_MTT_200bb,MTT6mSimple,200.125,200.125-200.125-200.125-200.125-200.125-200.125,F-F-R2.3-F-F-C,X-R2.1-C,X-R5.2,,9s9d4cTh,turn_2nd_def_small,paired,CO,BB,COvBB,MTT_200bb,Turn defense vs 50%,turn_2nd_def_small paired COvBB MTT_200bb
E0097,design_turn_2nd_def_large_MTT_200bb,MTT6mSimple,200.125,200.125-200.125-200.125-200.125-200.125-200.125,F-F-R2.3-F-F-C,X-R2.1-C,X-R7.8,,Ks7d2cTh,turn_2nd_def_large,dry_high,CO,BB,COvBB,MTT_200bb,Turn defense vs large,turn_2nd_def_large dry_high COvBB MTT_200bb
E0098,design_turn_2nd_def_large_MTT_200bb,MTT6mSimple,200.125,200.125-200.125-200.125-200.125-200.125-200.125,F-F-R2.3-F-F-C,X-R2.1-C,X-R7.8,,Qh8d3sTh,turn_2nd_def_large,dry_high,CO,BB,COvBB,MTT_200bb,Turn defense vs large,turn_2nd_def_large dry_high COvBB MTT_200bb
E0099,design_turn_2nd_def_large_MTT_200bb,MTT6mSimple,200.125,200.125-200.125-200.125-200.125-200.125-200.125,F-F-R2.3-F-F-C,X-R2.1-C,X-R7.8,,Ts9d7c2c,turn_2nd_def_large,dynamic,CO,BB,COvBB,MTT_200bb,Turn defense vs large,turn_2nd_def_large dynamic COvBB MTT_200bb
E0100,design_turn_2nd_def_large_MTT_200bb,MTT6mSimple,200.125,200.125-200.125-200.125-200.125-200.125-200.125,F-F-R2.3-F-F-C,X-R2.1-C,X-R7.8,,9h8d6c2c,turn_2nd_def_large,dynamic,CO,BB,COvBB,MTT_200bb,Turn defense vs large,turn_2nd_def_large dynamic COvBB MTT_200bb
E0101,design_turn_2nd_def_large_MTT_200bb,MTT6mSimple,200.125,200.125-200.125-200.125-200.125-200.125-200.125,F-F-R2.3-F-F-C,X-R2.1-C,X-R7.8,,Ts9s8d2h,turn_2nd_def_large,dynamic_2tone,CO,BB,COvBB,MTT_200bb,Turn defense vs large,turn_2nd_def_large dynamic_2tone COvBB MTT_200bb
E0102,design_turn_2nd_def_large_MTT_200bb,MTT6mSimple,200.125,200.125-200.125-200.125-200.125-200.125-200.125,F-F-R2.3-F-F-C,X-R2.1-C,X-R7.8,,9s8s6d2h,turn_2nd_def_large,dynamic_2tone,CO,BB,COvBB,MTT_200bb,Turn defense vs large,turn_2nd_def_large dynamic_2tone COvBB MTT_200bb
E0103,design_turn_2nd_def_large_MTT_200bb,MTT6mSimple,200.125,200.125-200.125-200.125-200.125-200.125-200.125,F-F-R2.3-F-F-C,X-R2.1-C,X-R7.8,,8s5h2cTd,turn_2nd_def_large,low_dry,CO,BB,COvBB,MTT_200bb,Turn defense vs large,turn_2nd_def_large low_dry COvBB MTT_200bb
E0104,design_turn_2nd_def_large_MTT_200bb,MTT6mSimple,200.125,200.125-200.125-200.125-200.125-200.125-200.125,F-F-R2.3-F-F-C,X-R2.1-C,X-R7.8,,9c6d4sTd,turn_2nd_def_large,low_dry,CO,BB,COvBB,MTT_200bb,Turn defense vs large,turn_2nd_def_large low_dry COvBB MTT_200bb
E0105,design_turn_2nd_def_large_MTT_200bb,MTT6mSimple,200.125,200.125-200.125-200.125-200.125-200.125-200.125,F-F-R2.3-F-F-C,X-R2.1-C,X-R7.8,,KsQsJs2d,turn_2nd_def_large,monotone,CO,BB,COvBB,MTT_200bb,Turn defense vs large,turn_2nd_def_large monotone COvBB MTT_200bb
E0106,design_turn_2nd_def_large_MTT_200bb,MTT6mSimple,200.125,200.125-200.125-200.125-200.125-200.125-200.125,F-F-R2.3-F-F-C,X-R2.1-C,X-R7.8,,Ts8s5s2d,turn_2nd_def_large,monotone,CO,BB,COvBB,MTT_200bb,Turn defense vs large,turn_2nd_def_large monotone COvBB MTT_200bb
E0107,design_turn_2nd_def_large_MTT_200bb,MTT6mSimple,200.125,200.125-200.125-200.125-200.125-200.125-200.125,F-F-R2.3-F-F-C,X-R2.1-C,X-R7.8,,Ks7d7cTh,turn_2nd_def_large,paired,CO,BB,COvBB,MTT_200bb,Turn defense vs large,turn_2nd_def_large paired COvBB MTT_200bb
E0108,design_turn_2nd_def_large_MTT_200bb,MTT6mSimple,200.125,200.125-200.125-200.125-200.125-200.125-200.125,F-F-R2.3-F-F-C,X-R2.1-C,X-R7.8,,9s9d4cTh,turn_2nd_def_large,paired,CO,BB,COvBB,MTT_200bb,Turn defense vs large,turn_2nd_def_large paired COvBB MTT_200bb
E0109,design_turn_probe_def_MTT_200bb,MTT6mSimple,200.125,200.125-200.125-200.125-200.125-200.125-200.125,F-F-R2.3-F-F-C,X-X,X-R5.2,,Ks7d2cTh,turn_probe_def,dry_high,CO,BB,COvBB,MTT_200bb,Turn defense vs probe,turn_probe_def dry_high COvBB MTT_200bb
E0110,design_turn_probe_def_MTT_200bb,MTT6mSimple,200.125,200.125-200.125-200.125-200.125-200.125-200.125,F-F-R2.3-F-F-C,X-X,X-R5.2,,Qh8d3sTh,turn_probe_def,dry_high,CO,BB,COvBB,MTT_200bb,Turn defense vs probe,turn_probe_def dry_high COvBB MTT_200bb
E0111,design_turn_probe_def_MTT_200bb,MTT6mSimple,200.125,200.125-200.125-200.125-200.125-200.125-200.125,F-F-R2.3-F-F-C,X-X,X-R5.2,,Ts9d7c2c,turn_probe_def,dynamic,CO,BB,COvBB,MTT_200bb,Turn defense vs probe,turn_probe_def dynamic COvBB MTT_200bb
E0112,design_turn_probe_def_MTT_200bb,MTT6mSimple,200.125,200.125-200.125-200.125-200.125-200.125-200.125,F-F-R2.3-F-F-C,X-X,X-R5.2,,9h8d6c2c,turn_probe_def,dynamic,CO,BB,COvBB,MTT_200bb,Turn defense vs probe,turn_probe_def dynamic COvBB MTT_200bb
E0113,design_turn_probe_def_MTT_200bb,MTT6mSimple,200.125,200.125-200.125-200.125-200.125-200.125-200.125,F-F-R2.3-F-F-C,X-X,X-R5.2,,Ts9s8d2h,turn_probe_def,dynamic_2tone,CO,BB,COvBB,MTT_200bb,Turn defense vs probe,turn_probe_def dynamic_2tone COvBB MTT_200bb
E0114,design_turn_probe_def_MTT_200bb,MTT6mSimple,200.125,200.125-200.125-200.125-200.125-200.125-200.125,F-F-R2.3-F-F-C,X-X,X-R5.2,,9s8s6d2h,turn_probe_def,dynamic_2tone,CO,BB,COvBB,MTT_200bb,Turn defense vs probe,turn_probe_def dynamic_2tone COvBB MTT_200bb
E0115,design_turn_probe_def_MTT_200bb,MTT6mSimple,200.125,200.125-200.125-200.125-200.125-200.125-200.125,F-F-R2.3-F-F-C,X-X,X-R5.2,,8s5h2cTd,turn_probe_def,low_dry,CO,BB,COvBB,MTT_200bb,Turn defense vs probe,turn_probe_def low_dry COvBB MTT_200bb
E0116,design_turn_probe_def_MTT_200bb,MTT6mSimple,200.125,200.125-200.125-200.125-200.125-200.125-200.125,F-F-R2.3-F-F-C,X-X,X-R5.2,,9c6d4sTd,turn_probe_def,low_dry,CO,BB,COvBB,MTT_200bb,Turn defense vs probe,turn_probe_def low_dry COvBB MTT_200bb
E0117,design_turn_probe_def_MTT_200bb,MTT6mSimple,200.125,200.125-200.125-200.125-200.125-200.125-200.125,F-F-R2.3-F-F-C,X-X,X-R5.2,,KsQsJs2d,turn_probe_def,monotone,CO,BB,COvBB,MTT_200bb,Turn defense vs probe,turn_probe_def monotone COvBB MTT_200bb
E0118,design_turn_probe_def_MTT_200bb,MTT6mSimple,200.125,200.125-200.125-200.125-200.125-200.125-200.125,F-F-R2.3-F-F-C,X-X,X-R5.2,,Ts8s5s2d,turn_probe_def,monotone,CO,BB,COvBB,MTT_200bb,Turn defense vs probe,turn_probe_def monotone COvBB MTT_200bb
E0119,design_turn_probe_def_MTT_200bb,MTT6mSimple,200.125,200.125-200.125-200.125-200.125-200.125-200.125,F-F-R2.3-F-F-C,X-X,X-R5.2,,Ks7d7cTh,turn_probe_def,paired,CO,BB,COvBB,MTT_200bb,Turn defense vs probe,turn_probe_def paired COvBB MTT_200bb
E0120,design_turn_probe_def_MTT_200bb,MTT6mSimple,200.125,200.125-200.125-200.125-200.125-200.125-200.125,F-F-R2.3-F-F-C,X-X,X-R5.2,,9s9d4cTh,turn_probe_def,paired,CO,BB,COvBB,MTT_200bb,Turn defense vs probe,turn_probe_def paired COvBB MTT_200bb
E0121,design_flop_cbet_def_small_MTT_200bb,MTT6mSimple,200.125,200.125-200.125-200.125-200.125-200.125-200.125,F-R2.2-F-F-F-C,X-R2.1,,,Ks7d2c,flop_cbet_def_small,dry_high,HJ,BB,HJvBB,MTT_200bb,Face flop small cbet,flop_cbet_def_small dry_high HJvBB MTT_200bb
E0122,design_flop_cbet_def_small_MTT_200bb,MTT6mSimple,200.125,200.125-200.125-200.125-200.125-200.125-200.125,F-R2.2-F-F-F-C,X-R2.1,,,Qh8d3s,flop_cbet_def_small,dry_high,HJ,BB,HJvBB,MTT_200bb,Face flop small cbet,flop_cbet_def_small dry_high HJvBB MTT_200bb
E0123,design_flop_cbet_def_small_MTT_200bb,MTT6mSimple,200.125,200.125-200.125-200.125-200.125-200.125-200.125,F-R2.2-F-F-F-C,X-R2.1,,,Ts9d7c,flop_cbet_def_small,dynamic,HJ,BB,HJvBB,MTT_200bb,Face flop small cbet,flop_cbet_def_small dynamic HJvBB MTT_200bb
E0124,design_flop_cbet_def_small_MTT_200bb,MTT6mSimple,200.125,200.125-200.125-200.125-200.125-200.125-200.125,F-R2.2-F-F-F-C,X-R2.1,,,9h8d6c,flop_cbet_def_small,dynamic,HJ,BB,HJvBB,MTT_200bb,Face flop small cbet,flop_cbet_def_small dynamic HJvBB MTT_200bb
E0125,design_flop_cbet_def_small_MTT_200bb,MTT6mSimple,200.125,200.125-200.125-200.125-200.125-200.125-200.125,F-R2.2-F-F-F-C,X-R2.1,,,Ts9s8d,flop_cbet_def_small,dynamic_2tone,HJ,BB,HJvBB,MTT_200bb,Face flop small cbet,flop_cbet_def_small dynamic_2tone HJvBB MTT_200bb
E0126,design_flop_cbet_def_small_MTT_200bb,MTT6mSimple,200.125,200.125-200.125-200.125-200.125-200.125-200.125,F-R2.2-F-F-F-C,X-R2.1,,,9s8s6d,flop_cbet_def_small,dynamic_2tone,HJ,BB,HJvBB,MTT_200bb,Face flop small cbet,flop_cbet_def_small dynamic_2tone HJvBB MTT_200bb
E0127,design_flop_cbet_def_small_MTT_200bb,MTT6mSimple,200.125,200.125-200.125-200.125-200.125-200.125-200.125,F-R2.2-F-F-F-C,X-R2.1,,,8s5h2c,flop_cbet_def_small,low_dry,HJ,BB,HJvBB,MTT_200bb,Face flop small cbet,flop_cbet_def_small low_dry HJvBB MTT_200bb
E0128,design_flop_cbet_def_small_MTT_200bb,MTT6mSimple,200.125,200.125-200.125-200.125-200.125-200.125-200.125,F-R2.2-F-F-F-C,X-R2.1,,,9c6d4s,flop_cbet_def_small,low_dry,HJ,BB,HJvBB,MTT_200bb,Face flop small cbet,flop_cbet_def_small low_dry HJvBB MTT_200bb
E0129,design_flop_cbet_def_small_MTT_200bb,MTT6mSimple,200.125,200.125-200.125-200.125-200.125-200.125-200.125,F-R2.2-F-F-F-C,X-R2.1,,,KsQsJs,flop_cbet_def_small,monotone,HJ,BB,HJvBB,MTT_200bb,Face flop small cbet,flop_cbet_def_small monotone HJvBB MTT_200bb
E0130,design_flop_cbet_def_small_MTT_200bb,MTT6mSimple,200.125,200.125-200.125-200.125-200.125-200.125-200.125,F-R2.2-F-F-F-C,X-R2.1,,,Ts8s5s,flop_cbet_def_small,monotone,HJ,BB,HJvBB,MTT_200bb,Face flop small cbet,flop_cbet_def_small monotone HJvBB MTT_200bb
E0131,design_flop_cbet_def_small_MTT_200bb,MTT6mSimple,200.125,200.125-200.125-200.125-200.125-200.125-200.125,F-R2.2-F-F-F-C,X-R2.1,,,Ks7d7c,flop_cbet_def_small,paired,HJ,BB,HJvBB,MTT_200bb,Face flop small cbet,flop_cbet_def_small paired HJvBB MTT_200bb
E0132,design_flop_cbet_def_small_MTT_200bb,MTT6mSimple,200.125,200.125-200.125-200.125-200.125-200.125-200.125,F-R2.2-F-F-F-C,X-R2.1,,,9s9d4c,flop_cbet_def_small,paired,HJ,BB,HJvBB,MTT_200bb,Face flop small cbet,flop_cbet_def_small paired HJvBB MTT_200bb
E0133,design_flop_cbet_def_large_MTT_200bb,MTT6mSimple,200.125,200.125-200.125-200.125-200.125-200.125-200.125,F-R2.2-F-F-F-C,X-R5.7,,,Ks7d2c,flop_cbet_def_large,dry_high,HJ,BB,HJvBB,MTT_200bb,Face flop large cbet,flop_cbet_def_large dry_high HJvBB MTT_200bb
E0134,design_flop_cbet_def_large_MTT_200bb,MTT6mSimple,200.125,200.125-200.125-200.125-200.125-200.125-200.125,F-R2.2-F-F-F-C,X-R5.7,,,Qh8d3s,flop_cbet_def_large,dry_high,HJ,BB,HJvBB,MTT_200bb,Face flop large cbet,flop_cbet_def_large dry_high HJvBB MTT_200bb
E0135,design_flop_cbet_def_large_MTT_200bb,MTT6mSimple,200.125,200.125-200.125-200.125-200.125-200.125-200.125,F-R2.2-F-F-F-C,X-R5.7,,,Ts9d7c,flop_cbet_def_large,dynamic,HJ,BB,HJvBB,MTT_200bb,Face flop large cbet,flop_cbet_def_large dynamic HJvBB MTT_200bb
E0136,design_flop_cbet_def_large_MTT_200bb,MTT6mSimple,200.125,200.125-200.125-200.125-200.125-200.125-200.125,F-R2.2-F-F-F-C,X-R5.7,,,9h8d6c,flop_cbet_def_large,dynamic,HJ,BB,HJvBB,MTT_200bb,Face flop large cbet,flop_cbet_def_large dynamic HJvBB MTT_200bb
E0137,design_flop_cbet_def_large_MTT_200bb,MTT6mSimple,200.125,200.125-200.125-200.125-200.125-200.125-200.125,F-R2.2-F-F-F-C,X-R5.7,,,Ts9s8d,flop_cbet_def_large,dynamic_2tone,HJ,BB,HJvBB,MTT_200bb,Face flop large cbet,flop_cbet_def_large dynamic_2tone HJvBB MTT_200bb
E0138,design_flop_cbet_def_large_MTT_200bb,MTT6mSimple,200.125,200.125-200.125-200.125-200.125-200.125-200.125,F-R2.2-F-F-F-C,X-R5.7,,,9s8s6d,flop_cbet_def_large,dynamic_2tone,HJ,BB,HJvBB,MTT_200bb,Face flop large cbet,flop_cbet_def_large dynamic_2tone HJvBB MTT_200bb
E0139,design_flop_cbet_def_large_MTT_200bb,MTT6mSimple,200.125,200.125-200.125-200.125-200.125-200.125-200.125,F-R2.2-F-F-F-C,X-R5.7,,,8s5h2c,flop_cbet_def_large,low_dry,HJ,BB,HJvBB,MTT_200bb,Face flop large cbet,flop_cbet_def_large low_dry HJvBB MTT_200bb
E0140,design_flop_cbet_def_large_MTT_200bb,MTT6mSimple,200.125,200.125-200.125-200.125-200.125-200.125-200.125,F-R2.2-F-F-F-C,X-R5.7,,,9c6d4s,flop_cbet_def_large,low_dry,HJ,BB,HJvBB,MTT_200bb,Face flop large cbet,flop_cbet_def_large low_dry HJvBB MTT_200bb
E0141,design_flop_cbet_def_large_MTT_200bb,MTT6mSimple,200.125,200.125-200.125-200.125-200.125-200.125-200.125,F-R2.2-F-F-F-C,X-R5.7,,,KsQsJs,flop_cbet_def_large,monotone,HJ,BB,HJvBB,MTT_200bb,Face flop large cbet,flop_cbet_def_large monotone HJvBB MTT_200bb
E0142,design_flop_cbet_def_large_MTT_200bb,MTT6mSimple,200.125,200.125-200.125-200.125-200.125-200.125-200.125,F-R2.2-F-F-F-C,X-R5.7,,,Ts8s5s,flop_cbet_def_large,monotone,HJ,BB,HJvBB,MTT_200bb,Face flop large cbet,flop_cbet_def_large monotone HJvBB MTT_200bb
E0143,design_flop_cbet_def_large_MTT_200bb,MTT6mSimple,200.125,200.125-200.125-200.125-200.125-200.125-200.125,F-R2.2-F-F-F-C,X-R5.7,,,Ks7d7c,flop_cbet_def_large,paired,HJ,BB,HJvBB,MTT_200bb,Face flop large cbet,flop_cbet_def_large paired HJvBB MTT_200bb
E0144,design_flop_cbet_def_large_MTT_200bb,MTT6mSimple,200.125,200.125-200.125-200.125-200.125-200.125-200.125,F-R2.2-F-F-F-C,X-R5.7,,,9s9d4c,flop_cbet_def_large,paired,HJ,BB,HJvBB,MTT_200bb,Face flop large cbet,flop_cbet_def_large paired HJvBB MTT_200bb
E0145,design_turn_2nd_def_small_MTT_200bb,MTT6mSimple,200.125,200.125-200.125-200.125-200.125-200.125-200.125,F-R2.2-F-F-F-C,X-R2.1-C,X-R5.2,,Ks7d2cTh,turn_2nd_def_small,dry_high,HJ,BB,HJvBB,MTT_200bb,Turn defense vs 50%,turn_2nd_def_small dry_high HJvBB MTT_200bb
E0146,design_turn_2nd_def_small_MTT_200bb,MTT6mSimple,200.125,200.125-200.125-200.125-200.125-200.125-200.125,F-R2.2-F-F-F-C,X-R2.1-C,X-R5.2,,Qh8d3sTh,turn_2nd_def_small,dry_high,HJ,BB,HJvBB,MTT_200bb,Turn defense vs 50%,turn_2nd_def_small dry_high HJvBB MTT_200bb
E0147,design_turn_2nd_def_small_MTT_200bb,MTT6mSimple,200.125,200.125-200.125-200.125-200.125-200.125-200.125,F-R2.2-F-F-F-C,X-R2.1-C,X-R5.2,,Ts9d7c2c,turn_2nd_def_small,dynamic,HJ,BB,HJvBB,MTT_200bb,Turn defense vs 50%,turn_2nd_def_small dynamic HJvBB MTT_200bb
E0148,design_turn_2nd_def_small_MTT_200bb,MTT6mSimple,200.125,200.125-200.125-200.125-200.125-200.125-200.125,F-R2.2-F-F-F-C,X-R2.1-C,X-R5.2,,9h8d6c2c,turn_2nd_def_small,dynamic,HJ,BB,HJvBB,MTT_200bb,Turn defense vs 50%,turn_2nd_def_small dynamic HJvBB MTT_200bb
E0149,design_turn_2nd_def_small_MTT_200bb,MTT6mSimple,200.125,200.125-200.125-200.125-200.125-200.125-200.125,F-R2.2-F-F-F-C,X-R2.1-C,X-R5.2,,Ts9s8d2h,turn_2nd_def_small,dynamic_2tone,HJ,BB,HJvBB,MTT_200bb,Turn defense vs 50%,turn_2nd_def_small dynamic_2tone HJvBB MTT_200bb
E0150,design_turn_2nd_def_small_MTT_200bb,MTT6mSimple,200.125,200.125-200.125-200.125-200.125-200.125-200.125,F-R2.2-F-F-F-C,X-R2.1-C,X-R5.2,,9s8s6d2h,turn_2nd_def_small,dynamic_2tone,HJ,BB,HJvBB,MTT_200bb,Turn defense vs 50%,turn_2nd_def_small dynamic_2tone HJvBB MTT_200bb
E0151,design_turn_2nd_def_small_MTT_200bb,MTT6mSimple,200.125,200.125-200.125-200.125-200.125-200.125-200.125,F-R2.2-F-F-F-C,X-R2.1-C,X-R5.2,,8s5h2cTd,turn_2nd_def_small,low_dry,HJ,BB,HJvBB,MTT_200bb,Turn defense vs 50%,turn_2nd_def_small low_dry HJvBB MTT_200bb
E0152,design_turn_2nd_def_small_MTT_200bb,MTT6mSimple,200.125,200.125-200.125-200.125-200.125-200.125-200.125,F-R2.2-F-F-F-C,X-R2.1-C,X-R5.2,,9c6d4sTd,turn_2nd_def_small,low_dry,HJ,BB,HJvBB,MTT_200bb,Turn defense vs 50%,turn_2nd_def_small low_dry HJvBB MTT_200bb
E0153,design_turn_2nd_def_small_MTT_200bb,MTT6mSimple,200.125,200.125-200.125-200.125-200.125-200.125-200.125,F-R2.2-F-F-F-C,X-R2.1-C,X-R5.2,,KsQsJs2d,turn_2nd_def_small,monotone,HJ,BB,HJvBB,MTT_200bb,Turn defense vs 50%,turn_2nd_def_small monotone HJvBB MTT_200bb
E0154,design_turn_2nd_def_small_MTT_200bb,MTT6mSimple,200.125,200.125-200.125-200.125-200.125-200.125-200.125,F-R2.2-F-F-F-C,X-R2.1-C,X-R5.2,,Ts8s5s2d,turn_2nd_def_small,monotone,HJ,BB,HJvBB,MTT_200bb,Turn defense vs 50%,turn_2nd_def_small monotone HJvBB MTT_200bb
E0155,design_turn_2nd_def_small_MTT_200bb,MTT6mSimple,200.125,200.125-200.125-200.125-200.125-200.125-200.125,F-R2.2-F-F-F-C,X-R2.1-C,X-R5.2,,Ks7d7cTh,turn_2nd_def_small,paired,HJ,BB,HJvBB,MTT_200bb,Turn defense vs 50%,turn_2nd_def_small paired HJvBB MTT_200bb
E0156,design_turn_2nd_def_small_MTT_200bb,MTT6mSimple,200.125,200.125-200.125-200.125-200.125-200.125-200.125,F-R2.2-F-F-F-C,X-R2.1-C,X-R5.2,,9s9d4cTh,turn_2nd_def_small,paired,HJ,BB,HJvBB,MTT_200bb,Turn defense vs 50%,turn_2nd_def_small paired HJvBB MTT_200bb
E0157,design_turn_2nd_def_large_MTT_200bb,MTT6mSimple,200.125,200.125-200.125-200.125-200.125-200.125-200.125,F-R2.2-F-F-F-C,X-R2.1-C,X-R7.8,,Ks7d2cTh,turn_2nd_def_large,dry_high,HJ,BB,HJvBB,MTT_200bb,Turn defense vs large,turn_2nd_def_large dry_high HJvBB MTT_200bb
E0158,design_turn_2nd_def_large_MTT_200bb,MTT6mSimple,200.125,200.125-200.125-200.125-200.125-200.125-200.125,F-R2.2-F-F-F-C,X-R2.1-C,X-R7.8,,Qh8d3sTh,turn_2nd_def_large,dry_high,HJ,BB,HJvBB,MTT_200bb,Turn defense vs large,turn_2nd_def_large dry_high HJvBB MTT_200bb
E0159,design_turn_2nd_def_large_MTT_200bb,MTT6mSimple,200.125,200.125-200.125-200.125-200.125-200.125-200.125,F-R2.2-F-F-F-C,X-R2.1-C,X-R7.8,,Ts9d7c2c,turn_2nd_def_large,dynamic,HJ,BB,HJvBB,MTT_200bb,Turn defense vs large,turn_2nd_def_large dynamic HJvBB MTT_200bb
E0160,design_turn_2nd_def_large_MTT_200bb,MTT6mSimple,200.125,200.125-200.125-200.125-200.125-200.125-200.125,F-R2.2-F-F-F-C,X-R2.1-C,X-R7.8,,9h8d6c2c,turn_2nd_def_large,dynamic,HJ,BB,HJvBB,MTT_200bb,Turn defense vs large,turn_2nd_def_large dynamic HJvBB MTT_200bb
E0161,design_turn_2nd_def_large_MTT_200bb,MTT6mSimple,200.125,200.125-200.125-200.125-200.125-200.125-200.125,F-R2.2-F-F-F-C,X-R2.1-C,X-R7.8,,Ts9s8d2h,turn_2nd_def_large,dynamic_2tone,HJ,BB,HJvBB,MTT_200bb,Turn defense vs large,turn_2nd_def_large dynamic_2tone HJvBB MTT_200bb
E0162,design_turn_2nd_def_large_MTT_200bb,MTT6mSimple,200.125,200.125-200.125-200.125-200.125-200.125-200.125,F-R2.2-F-F-F-C,X-R2.1-C,X-R7.8,,9s8s6d2h,turn_2nd_def_large,dynamic_2tone,HJ,BB,HJvBB,MTT_200bb,Turn defense vs large,turn_2nd_def_large dynamic_2tone HJvBB MTT_200bb
E0163,design_turn_2nd_def_large_MTT_200bb,MTT6mSimple,200.125,200.125-200.125-200.125-200.125-200.125-200.125,F-R2.2-F-F-F-C,X-R2.1-C,X-R7.8,,8s5h2cTd,turn_2nd_def_large,low_dry,HJ,BB,HJvBB,MTT_200bb,Turn defense vs large,turn_2nd_def_large low_dry HJvBB MTT_200bb
E0164,design_turn_2nd_def_large_MTT_200bb,MTT6mSimple,200.125,200.125-200.125-200.125-200.125-200.125-200.125,F-R2.2-F-F-F-C,X-R2.1-C,X-R7.8,,9c6d4sTd,turn_2nd_def_large,low_dry,HJ,BB,HJvBB,MTT_200bb,Turn defense vs large,turn_2nd_def_large low_dry HJvBB MTT_200bb
E0165,design_turn_2nd_def_large_MTT_200bb,MTT6mSimple,200.125,200.125-200.125-200.125-200.125-200.125-200.125,F-R2.2-F-F-F-C,X-R2.1-C,X-R7.8,,KsQsJs2d,turn_2nd_def_large,monotone,HJ,BB,HJvBB,MTT_200bb,Turn defense vs large,turn_2nd_def_large monotone HJvBB MTT_200bb
E0166,design_turn_2nd_def_large_MTT_200bb,MTT6mSimple,200.125,200.125-200.125-200.125-200.125-200.125-200.125,F-R2.2-F-F-F-C,X-R2.1-C,X-R7.8,,Ts8s5s2d,turn_2nd_def_large,monotone,HJ,BB,HJvBB,MTT_200bb,Turn defense vs large,turn_2nd_def_large monotone HJvBB MTT_200bb
E0167,design_turn_2nd_def_large_MTT_200bb,MTT6mSimple,200.125,200.125-200.125-200.125-200.125-200.125-200.125,F-R2.2-F-F-F-C,X-R2.1-C,X-R7.8,,Ks7d7cTh,turn_2nd_def_large,paired,HJ,BB,HJvBB,MTT_200bb,Turn defense vs large,turn_2nd_def_large paired HJvBB MTT_200bb
E0168,design_turn_2nd_def_large_MTT_200bb,MTT6mSimple,200.125,200.125-200.125-200.125-200.125-200.125-200.125,F-R2.2-F-F-F-C,X-R2.1-C,X-R7.8,,9s9d4cTh,turn_2nd_def_large,paired,HJ,BB,HJvBB,MTT_200bb,Turn defense vs large,turn_2nd_def_large paired HJvBB MTT_200bb
E0169,design_turn_probe_def_MTT_200bb,MTT6mSimple,200.125,200.125-200.125-200.125-200.125-200.125-200.125,F-R2.2-F-F-F-C,X-X,X-R5.2,,Ks7d2cTh,turn_probe_def,dry_high,HJ,BB,HJvBB,MTT_200bb,Turn defense vs probe,turn_probe_def dry_high HJvBB MTT_200bb
E0170,design_turn_probe_def_MTT_200bb,MTT6mSimple,200.125,200.125-200.125-200.125-200.125-200.125-200.125,F-R2.2-F-F-F-C,X-X,X-R5.2,,Qh8d3sTh,turn_probe_def,dry_high,HJ,BB,HJvBB,MTT_200bb,Turn defense vs probe,turn_probe_def dry_high HJvBB MTT_200bb
E0171,design_turn_probe_def_MTT_200bb,MTT6mSimple,200.125,200.125-200.125-200.125-200.125-200.125-200.125,F-R2.2-F-F-F-C,X-X,X-R5.2,,Ts9d7c2c,turn_probe_def,dynamic,HJ,BB,HJvBB,MTT_200bb,Turn defense vs probe,turn_probe_def dynamic HJvBB MTT_200bb
E0172,design_turn_probe_def_MTT_200bb,MTT6mSimple,200.125,200.125-200.125-200.125-200.125-200.125-200.125,F-R2.2-F-F-F-C,X-X,X-R5.2,,9h8d6c2c,turn_probe_def,dynamic,HJ,BB,HJvBB,MTT_200bb,Turn defense vs probe,turn_probe_def dynamic HJvBB MTT_200bb
E0173,design_turn_probe_def_MTT_200bb,MTT6mSimple,200.125,200.125-200.125-200.125-200.125-200.125-200.125,F-R2.2-F-F-F-C,X-X,X-R5.2,,Ts9s8d2h,turn_probe_def,dynamic_2tone,HJ,BB,HJvBB,MTT_200bb,Turn defense vs probe,turn_probe_def dynamic_2tone HJvBB MTT_200bb
E0174,design_turn_probe_def_MTT_200bb,MTT6mSimple,200.125,200.125-200.125-200.125-200.125-200.125-200.125,F-R2.2-F-F-F-C,X-X,X-R5.2,,9s8s6d2h,turn_probe_def,dynamic_2tone,HJ,BB,HJvBB,MTT_200bb,Turn defense vs probe,turn_probe_def dynamic_2tone HJvBB MTT_200bb
E0175,design_turn_probe_def_MTT_200bb,MTT6mSimple,200.125,200.125-200.125-200.125-200.125-200.125-200.125,F-R2.2-F-F-F-C,X-X,X-R5.2,,8s5h2cTd,turn_probe_def,low_dry,HJ,BB,HJvBB,MTT_200bb,Turn defense vs probe,turn_probe_def low_dry HJvBB MTT_200bb
E0176,design_turn_probe_def_MTT_200bb,MTT6mSimple,200.125,200.125-200.125-200.125-200.125-200.125-200.125,F-R2.2-F-F-F-C,X-X,X-R5.2,,9c6d4sTd,turn_probe_def,low_dry,HJ,BB,HJvBB,MTT_200bb,Turn defense vs probe,turn_probe_def low_dry HJvBB MTT_200bb
E0177,design_turn_probe_def_MTT_200bb,MTT6mSimple,200.125,200.125-200.125-200.125-200.125-200.125-200.125,F-R2.2-F-F-F-C,X-X,X-R5.2,,KsQsJs2d,turn_probe_def,monotone,HJ,BB,HJvBB,MTT_200bb,Turn defense vs probe,turn_probe_def monotone HJvBB MTT_200bb
E0178,design_turn_probe_def_MTT_200bb,MTT6mSimple,200.125,200.125-200.125-200.125-200.125-200.125-200.125,F-R2.2-F-F-F-C,X-X,X-R5.2,,Ts8s5s2d,turn_probe_def,monotone,HJ,BB,HJvBB,MTT_200bb,Turn defense vs probe,turn_probe_def monotone HJvBB MTT_200bb
E0179,design_turn_probe_def_MTT_200bb,MTT6mSimple,200.125,200.125-200.125-200.125-200.125-200.125-200.125,F-R2.2-F-F-F-C,X-X,X-R5.2,,Ks7d7cTh,turn_probe_def,paired,HJ,BB,HJvBB,MTT_200bb,Turn defense vs probe,turn_probe_def paired HJvBB MTT_200bb
E0180,design_turn_probe_def_MTT_200bb,MTT6mSimple,200.125,200.125-200.125-200.125-200.125-200.125-200.125,F-R2.2-F-F-F-C,X-X,X-R5.2,,9s9d4cTh,turn_probe_def,paired,HJ,BB,HJvBB,MTT_200bb,Turn defense vs probe,turn_probe_def paired HJvBB MTT_200bb
E0181,design_flop_cbet_def_small_Cash_100bb,Cash6mGeneral_6mNL25R25,100,,F-F-F-R2.5-F-C,X-R1.8,,,Ks7d2c,flop_cbet_def_small,dry_high,BTN,BB,BTNvBB,Cash_100bb,Face flop small cbet,flop_cbet_def_small dry_high BTNvBB Cash_100bb
E0182,design_flop_cbet_def_small_Cash_100bb,Cash6mGeneral_6mNL25R25,100,,F-F-F-R2.5-F-C,X-R1.8,,,Qh8d3s,flop_cbet_def_small,dry_high,BTN,BB,BTNvBB,Cash_100bb,Face flop small cbet,flop_cbet_def_small dry_high BTNvBB Cash_100bb
E0183,design_flop_cbet_def_small_Cash_100bb,Cash6mGeneral_6mNL25R25,100,,F-F-F-R2.5-F-C,X-R1.8,,,Ts9d7c,flop_cbet_def_small,dynamic,BTN,BB,BTNvBB,Cash_100bb,Face flop small cbet,flop_cbet_def_small dynamic BTNvBB Cash_100bb
E0184,design_flop_cbet_def_small_Cash_100bb,Cash6mGeneral_6mNL25R25,100,,F-F-F-R2.5-F-C,X-R1.8,,,9h8d6c,flop_cbet_def_small,dynamic,BTN,BB,BTNvBB,Cash_100bb,Face flop small cbet,flop_cbet_def_small dynamic BTNvBB Cash_100bb
E0185,design_flop_cbet_def_small_Cash_100bb,Cash6mGeneral_6mNL25R25,100,,F-F-F-R2.5-F-C,X-R1.8,,,Ts9s8d,flop_cbet_def_small,dynamic_2tone,BTN,BB,BTNvBB,Cash_100bb,Face flop small cbet,flop_cbet_def_small dynamic_2tone BTNvBB Cash_100bb
E0186,design_flop_cbet_def_small_Cash_100bb,Cash6mGeneral_6mNL25R25,100,,F-F-F-R2.5-F-C,X-R1.8,,,9s8s6d,flop_cbet_def_small,dynamic_2tone,BTN,BB,BTNvBB,Cash_100bb,Face flop small cbet,flop_cbet_def_small dynamic_2tone BTNvBB Cash_100bb
E0187,design_flop_cbet_def_small_Cash_100bb,Cash6mGeneral_6mNL25R25,100,,F-F-F-R2.5-F-C,X-R1.8,,,8s5h2c,flop_cbet_def_small,low_dry,BTN,BB,BTNvBB,Cash_100bb,Face flop small cbet,flop_cbet_def_small low_dry BTNvBB Cash_100bb
E0188,design_flop_cbet_def_small_Cash_100bb,Cash6mGeneral_6mNL25R25,100,,F-F-F-R2.5-F-C,X-R1.8,,,9c6d4s,flop_cbet_def_small,low_dry,BTN,BB,BTNvBB,Cash_100bb,Face flop small cbet,flop_cbet_def_small low_dry BTNvBB Cash_100bb
E0189,design_flop_cbet_def_small_Cash_100bb,Cash6mGeneral_6mNL25R25,100,,F-F-F-R2.5-F-C,X-R1.8,,,KsQsJs,flop_cbet_def_small,monotone,BTN,BB,BTNvBB,Cash_100bb,Face flop small cbet,flop_cbet_def_small monotone BTNvBB Cash_100bb
E0190,design_flop_cbet_def_small_Cash_100bb,Cash6mGeneral_6mNL25R25,100,,F-F-F-R2.5-F-C,X-R1.8,,,Ts8s5s,flop_cbet_def_small,monotone,BTN,BB,BTNvBB,Cash_100bb,Face flop small cbet,flop_cbet_def_small monotone BTNvBB Cash_100bb
E0191,design_flop_cbet_def_small_Cash_100bb,Cash6mGeneral_6mNL25R25,100,,F-F-F-R2.5-F-C,X-R1.8,,,Ks7d7c,flop_cbet_def_small,paired,BTN,BB,BTNvBB,Cash_100bb,Face flop small cbet,flop_cbet_def_small paired BTNvBB Cash_100bb
E0192,design_flop_cbet_def_small_Cash_100bb,Cash6mGeneral_6mNL25R25,100,,F-F-F-R2.5-F-C,X-R1.8,,,9s9d4c,flop_cbet_def_small,paired,BTN,BB,BTNvBB,Cash_100bb,Face flop small cbet,flop_cbet_def_small paired BTNvBB Cash_100bb
E0193,design_flop_cbet_def_large_Cash_100bb,Cash6mGeneral_6mNL25R25,100,,F-F-F-R2.5-F-C,X-R5.5,,,Ks7d2c,flop_cbet_def_large,dry_high,BTN,BB,BTNvBB,Cash_100bb,Face flop large cbet,flop_cbet_def_large dry_high BTNvBB Cash_100bb
E0194,design_flop_cbet_def_large_Cash_100bb,Cash6mGeneral_6mNL25R25,100,,F-F-F-R2.5-F-C,X-R5.5,,,Qh8d3s,flop_cbet_def_large,dry_high,BTN,BB,BTNvBB,Cash_100bb,Face flop large cbet,flop_cbet_def_large dry_high BTNvBB Cash_100bb
E0195,design_flop_cbet_def_large_Cash_100bb,Cash6mGeneral_6mNL25R25,100,,F-F-F-R2.5-F-C,X-R5.5,,,Ts9d7c,flop_cbet_def_large,dynamic,BTN,BB,BTNvBB,Cash_100bb,Face flop large cbet,flop_cbet_def_large dynamic BTNvBB Cash_100bb
E0196,design_flop_cbet_def_large_Cash_100bb,Cash6mGeneral_6mNL25R25,100,,F-F-F-R2.5-F-C,X-R5.5,,,9h8d6c,flop_cbet_def_large,dynamic,BTN,BB,BTNvBB,Cash_100bb,Face flop large cbet,flop_cbet_def_large dynamic BTNvBB Cash_100bb
E0197,design_flop_cbet_def_large_Cash_100bb,Cash6mGeneral_6mNL25R25,100,,F-F-F-R2.5-F-C,X-R5.5,,,Ts9s8d,flop_cbet_def_large,dynamic_2tone,BTN,BB,BTNvBB,Cash_100bb,Face flop large cbet,flop_cbet_def_large dynamic_2tone BTNvBB Cash_100bb
E0198,design_flop_cbet_def_large_Cash_100bb,Cash6mGeneral_6mNL25R25,100,,F-F-F-R2.5-F-C,X-R5.5,,,9s8s6d,flop_cbet_def_large,dynamic_2tone,BTN,BB,BTNvBB,Cash_100bb,Face flop large cbet,flop_cbet_def_large dynamic_2tone BTNvBB Cash_100bb
E0199,design_flop_cbet_def_large_Cash_100bb,Cash6mGeneral_6mNL25R25,100,,F-F-F-R2.5-F-C,X-R5.5,,,8s5h2c,flop_cbet_def_large,low_dry,BTN,BB,BTNvBB,Cash_100bb,Face flop large cbet,flop_cbet_def_large low_dry BTNvBB Cash_100bb
E0200,design_flop_cbet_def_large_Cash_100bb,Cash6mGeneral_6mNL25R25,100,,F-F-F-R2.5-F-C,X-R5.5,,,9c6d4s,flop_cbet_def_large,low_dry,BTN,BB,BTNvBB,Cash_100bb,Face flop large cbet,flop_cbet_def_large low_dry BTNvBB Cash_100bb
E0201,design_flop_cbet_def_large_Cash_100bb,Cash6mGeneral_6mNL25R25,100,,F-F-F-R2.5-F-C,X-R5.5,,,KsQsJs,flop_cbet_def_large,monotone,BTN,BB,BTNvBB,Cash_100bb,Face flop large cbet,flop_cbet_def_large monotone BTNvBB Cash_100bb
E0202,design_flop_cbet_def_large_Cash_100bb,Cash6mGeneral_6mNL25R25,100,,F-F-F-R2.5-F-C,X-R5.5,,,Ts8s5s,flop_cbet_def_large,monotone,BTN,BB,BTNvBB,Cash_100bb,Face flop large cbet,flop_cbet_def_large monotone BTNvBB Cash_100bb
E0203,design_flop_cbet_def_large_Cash_100bb,Cash6mGeneral_6mNL25R25,100,,F-F-F-R2.5-F-C,X-R5.5,,,Ks7d7c,flop_cbet_def_large,paired,BTN,BB,BTNvBB,Cash_100bb,Face flop large cbet,flop_cbet_def_large paired BTNvBB Cash_100bb
E0204,design_flop_cbet_def_large_Cash_100bb,Cash6mGeneral_6mNL25R25,100,,F-F-F-R2.5-F-C,X-R5.5,,,9s9d4c,flop_cbet_def_large,paired,BTN,BB,BTNvBB,Cash_100bb,Face flop large cbet,flop_cbet_def_large paired BTNvBB Cash_100bb
E0205,design_turn_2nd_def_small_Cash_100bb,Cash6mGeneral_6mNL25R25,100,,F-F-F-R2.5-F-C,X-R1.8-C,X-R4.5,,Ks7d2cTh,turn_2nd_def_small,dry_high,BTN,BB,BTNvBB,Cash_100bb,Turn defense vs 50%,turn_2nd_def_small dry_high BTNvBB Cash_100bb
E0206,design_turn_2nd_def_small_Cash_100bb,Cash6mGeneral_6mNL25R25,100,,F-F-F-R2.5-F-C,X-R1.8-C,X-R4.5,,Qh8d3sTh,turn_2nd_def_small,dry_high,BTN,BB,BTNvBB,Cash_100bb,Turn defense vs 50%,turn_2nd_def_small dry_high BTNvBB Cash_100bb
E0207,design_turn_2nd_def_small_Cash_100bb,Cash6mGeneral_6mNL25R25,100,,F-F-F-R2.5-F-C,X-R1.8-C,X-R4.5,,Ts9d7c2c,turn_2nd_def_small,dynamic,BTN,BB,BTNvBB,Cash_100bb,Turn defense vs 50%,turn_2nd_def_small dynamic BTNvBB Cash_100bb
E0208,design_turn_2nd_def_small_Cash_100bb,Cash6mGeneral_6mNL25R25,100,,F-F-F-R2.5-F-C,X-R1.8-C,X-R4.5,,9h8d6c2c,turn_2nd_def_small,dynamic,BTN,BB,BTNvBB,Cash_100bb,Turn defense vs 50%,turn_2nd_def_small dynamic BTNvBB Cash_100bb
E0209,design_turn_2nd_def_small_Cash_100bb,Cash6mGeneral_6mNL25R25,100,,F-F-F-R2.5-F-C,X-R1.8-C,X-R4.5,,Ts9s8d2h,turn_2nd_def_small,dynamic_2tone,BTN,BB,BTNvBB,Cash_100bb,Turn defense vs 50%,turn_2nd_def_small dynamic_2tone BTNvBB Cash_100bb
E0210,design_turn_2nd_def_small_Cash_100bb,Cash6mGeneral_6mNL25R25,100,,F-F-F-R2.5-F-C,X-R1.8-C,X-R4.5,,9s8s6d2h,turn_2nd_def_small,dynamic_2tone,BTN,BB,BTNvBB,Cash_100bb,Turn defense vs 50%,turn_2nd_def_small dynamic_2tone BTNvBB Cash_100bb
E0211,design_turn_2nd_def_small_Cash_100bb,Cash6mGeneral_6mNL25R25,100,,F-F-F-R2.5-F-C,X-R1.8-C,X-R4.5,,8s5h2cTd,turn_2nd_def_small,low_dry,BTN,BB,BTNvBB,Cash_100bb,Turn defense vs 50%,turn_2nd_def_small low_dry BTNvBB Cash_100bb
E0212,design_turn_2nd_def_small_Cash_100bb,Cash6mGeneral_6mNL25R25,100,,F-F-F-R2.5-F-C,X-R1.8-C,X-R4.5,,9c6d4sTd,turn_2nd_def_small,low_dry,BTN,BB,BTNvBB,Cash_100bb,Turn defense vs 50%,turn_2nd_def_small low_dry BTNvBB Cash_100bb
E0213,design_turn_2nd_def_small_Cash_100bb,Cash6mGeneral_6mNL25R25,100,,F-F-F-R2.5-F-C,X-R1.8-C,X-R4.5,,KsQsJs2d,turn_2nd_def_small,monotone,BTN,BB,BTNvBB,Cash_100bb,Turn defense vs 50%,turn_2nd_def_small monotone BTNvBB Cash_100bb
E0214,design_turn_2nd_def_small_Cash_100bb,Cash6mGeneral_6mNL25R25,100,,F-F-F-R2.5-F-C,X-R1.8-C,X-R4.5,,Ts8s5s2d,turn_2nd_def_small,monotone,BTN,BB,BTNvBB,Cash_100bb,Turn defense vs 50%,turn_2nd_def_small monotone BTNvBB Cash_100bb
E0215,design_turn_2nd_def_small_Cash_100bb,Cash6mGeneral_6mNL25R25,100,,F-F-F-R2.5-F-C,X-R1.8-C,X-R4.5,,Ks7d7cTh,turn_2nd_def_small,paired,BTN,BB,BTNvBB,Cash_100bb,Turn defense vs 50%,turn_2nd_def_small paired BTNvBB Cash_100bb
E0216,design_turn_2nd_def_small_Cash_100bb,Cash6mGeneral_6mNL25R25,100,,F-F-F-R2.5-F-C,X-R1.8-C,X-R4.5,,9s9d4cTh,turn_2nd_def_small,paired,BTN,BB,BTNvBB,Cash_100bb,Turn defense vs 50%,turn_2nd_def_small paired BTNvBB Cash_100bb
E0217,design_turn_2nd_def_large_Cash_100bb,Cash6mGeneral_6mNL25R25,100,,F-F-F-R2.5-F-C,X-R1.8-C,X-R7,,Ks7d2cTh,turn_2nd_def_large,dry_high,BTN,BB,BTNvBB,Cash_100bb,Turn defense vs large,turn_2nd_def_large dry_high BTNvBB Cash_100bb
E0218,design_turn_2nd_def_large_Cash_100bb,Cash6mGeneral_6mNL25R25,100,,F-F-F-R2.5-F-C,X-R1.8-C,X-R7,,Qh8d3sTh,turn_2nd_def_large,dry_high,BTN,BB,BTNvBB,Cash_100bb,Turn defense vs large,turn_2nd_def_large dry_high BTNvBB Cash_100bb
E0219,design_turn_2nd_def_large_Cash_100bb,Cash6mGeneral_6mNL25R25,100,,F-F-F-R2.5-F-C,X-R1.8-C,X-R7,,Ts9d7c2c,turn_2nd_def_large,dynamic,BTN,BB,BTNvBB,Cash_100bb,Turn defense vs large,turn_2nd_def_large dynamic BTNvBB Cash_100bb
E0220,design_turn_2nd_def_large_Cash_100bb,Cash6mGeneral_6mNL25R25,100,,F-F-F-R2.5-F-C,X-R1.8-C,X-R7,,9h8d6c2c,turn_2nd_def_large,dynamic,BTN,BB,BTNvBB,Cash_100bb,Turn defense vs large,turn_2nd_def_large dynamic BTNvBB Cash_100bb
E0221,design_turn_2nd_def_large_Cash_100bb,Cash6mGeneral_6mNL25R25,100,,F-F-F-R2.5-F-C,X-R1.8-C,X-R7,,Ts9s8d2h,turn_2nd_def_large,dynamic_2tone,BTN,BB,BTNvBB,Cash_100bb,Turn defense vs large,turn_2nd_def_large dynamic_2tone BTNvBB Cash_100bb
E0222,design_turn_2nd_def_large_Cash_100bb,Cash6mGeneral_6mNL25R25,100,,F-F-F-R2.5-F-C,X-R1.8-C,X-R7,,9s8s6d2h,turn_2nd_def_large,dynamic_2tone,BTN,BB,BTNvBB,Cash_100bb,Turn defense vs large,turn_2nd_def_large dynamic_2tone BTNvBB Cash_100bb
E0223,design_turn_2nd_def_large_Cash_100bb,Cash6mGeneral_6mNL25R25,100,,F-F-F-R2.5-F-C,X-R1.8-C,X-R7,,8s5h2cTd,turn_2nd_def_large,low_dry,BTN,BB,BTNvBB,Cash_100bb,Turn defense vs large,turn_2nd_def_large low_dry BTNvBB Cash_100bb
E0224,design_turn_2nd_def_large_Cash_100bb,Cash6mGeneral_6mNL25R25,100,,F-F-F-R2.5-F-C,X-R1.8-C,X-R7,,9c6d4sTd,turn_2nd_def_large,low_dry,BTN,BB,BTNvBB,Cash_100bb,Turn defense vs large,turn_2nd_def_large low_dry BTNvBB Cash_100bb
E0225,design_turn_2nd_def_large_Cash_100bb,Cash6mGeneral_6mNL25R25,100,,F-F-F-R2.5-F-C,X-R1.8-C,X-R7,,KsQsJs2d,turn_2nd_def_large,monotone,BTN,BB,BTNvBB,Cash_100bb,Turn defense vs large,turn_2nd_def_large monotone BTNvBB Cash_100bb
E0226,design_turn_2nd_def_large_Cash_100bb,Cash6mGeneral_6mNL25R25,100,,F-F-F-R2.5-F-C,X-R1.8-C,X-R7,,Ts8s5s2d,turn_2nd_def_large,monotone,BTN,BB,BTNvBB,Cash_100bb,Turn defense vs large,turn_2nd_def_large monotone BTNvBB Cash_100bb
E0227,design_turn_2nd_def_large_Cash_100bb,Cash6mGeneral_6mNL25R25,100,,F-F-F-R2.5-F-C,X-R1.8-C,X-R7,,Ks7d7cTh,turn_2nd_def_large,paired,BTN,BB,BTNvBB,Cash_100bb,Turn defense vs large,turn_2nd_def_large paired BTNvBB Cash_100bb
E0228,design_turn_2nd_def_large_Cash_100bb,Cash6mGeneral_6mNL25R25,100,,F-F-F-R2.5-F-C,X-R1.8-C,X-R7,,9s9d4cTh,turn_2nd_def_large,paired,BTN,BB,BTNvBB,Cash_100bb,Turn defense vs large,turn_2nd_def_large paired BTNvBB Cash_100bb
E0229,design_turn_probe_def_Cash_100bb,Cash6mGeneral_6mNL25R25,100,,F-F-F-R2.5-F-C,X-X,X-R4.5,,Ks7d2cTh,turn_probe_def,dry_high,BTN,BB,BTNvBB,Cash_100bb,Turn defense vs probe,turn_probe_def dry_high BTNvBB Cash_100bb
E0230,design_turn_probe_def_Cash_100bb,Cash6mGeneral_6mNL25R25,100,,F-F-F-R2.5-F-C,X-X,X-R4.5,,Qh8d3sTh,turn_probe_def,dry_high,BTN,BB,BTNvBB,Cash_100bb,Turn defense vs probe,turn_probe_def dry_high BTNvBB Cash_100bb
E0231,design_turn_probe_def_Cash_100bb,Cash6mGeneral_6mNL25R25,100,,F-F-F-R2.5-F-C,X-X,X-R4.5,,Ts9d7c2c,turn_probe_def,dynamic,BTN,BB,BTNvBB,Cash_100bb,Turn defense vs probe,turn_probe_def dynamic BTNvBB Cash_100bb
E0232,design_turn_probe_def_Cash_100bb,Cash6mGeneral_6mNL25R25,100,,F-F-F-R2.5-F-C,X-X,X-R4.5,,9h8d6c2c,turn_probe_def,dynamic,BTN,BB,BTNvBB,Cash_100bb,Turn defense vs probe,turn_probe_def dynamic BTNvBB Cash_100bb
E0233,design_turn_probe_def_Cash_100bb,Cash6mGeneral_6mNL25R25,100,,F-F-F-R2.5-F-C,X-X,X-R4.5,,Ts9s8d2h,turn_probe_def,dynamic_2tone,BTN,BB,BTNvBB,Cash_100bb,Turn defense vs probe,turn_probe_def dynamic_2tone BTNvBB Cash_100bb
E0234,design_turn_probe_def_Cash_100bb,Cash6mGeneral_6mNL25R25,100,,F-F-F-R2.5-F-C,X-X,X-R4.5,,9s8s6d2h,turn_probe_def,dynamic_2tone,BTN,BB,BTNvBB,Cash_100bb,Turn defense vs probe,turn_probe_def dynamic_2tone BTNvBB Cash_100bb
E0235,design_turn_probe_def_Cash_100bb,Cash6mGeneral_6mNL25R25,100,,F-F-F-R2.5-F-C,X-X,X-R4.5,,8s5h2cTd,turn_probe_def,low_dry,BTN,BB,BTNvBB,Cash_100bb,Turn defense vs probe,turn_probe_def low_dry BTNvBB Cash_100bb
E0236,design_turn_probe_def_Cash_100bb,Cash6mGeneral_6mNL25R25,100,,F-F-F-R2.5-F-C,X-X,X-R4.5,,9c6d4sTd,turn_probe_def,low_dry,BTN,BB,BTNvBB,Cash_100bb,Turn defense vs probe,turn_probe_def low_dry BTNvBB Cash_100bb
E0237,design_turn_probe_def_Cash_100bb,Cash6mGeneral_6mNL25R25,100,,F-F-F-R2.5-F-C,X-X,X-R4.5,,KsQsJs2d,turn_probe_def,monotone,BTN,BB,BTNvBB,Cash_100bb,Turn defense vs probe,turn_probe_def monotone BTNvBB Cash_100bb
E0238,design_turn_probe_def_Cash_100bb,Cash6mGeneral_6mNL25R25,100,,F-F-F-R2.5-F-C,X-X,X-R4.5,,Ts8s5s2d,turn_probe_def,monotone,BTN,BB,BTNvBB,Cash_100bb,Turn defense vs probe,turn_probe_def monotone BTNvBB Cash_100bb
E0239,design_turn_probe_def_Cash_100bb,Cash6mGeneral_6mNL25R25,100,,F-F-F-R2.5-F-C,X-X,X-R4.5,,Ks7d7cTh,turn_probe_def,paired,BTN,BB,BTNvBB,Cash_100bb,Turn defense vs probe,turn_probe_def paired BTNvBB Cash_100bb
E0240,design_turn_probe_def_Cash_100bb,Cash6mGeneral_6mNL25R25,100,,F-F-F-R2.5-F-C,X-X,X-R4.5,,9s9d4cTh,turn_probe_def,paired,BTN,BB,BTNvBB,Cash_100bb,Turn defense vs probe,turn_probe_def paired BTNvBB Cash_100bb
E0241,design_flop_cbet_def_small_Cash_100bb,Cash6mGeneral_6mNL25R25,100,,F-F-R2.3-F-F-C,X-R1.8,,,Ks7d2c,flop_cbet_def_small,dry_high,CO,BB,COvBB,Cash_100bb,Face flop small cbet,flop_cbet_def_small dry_high COvBB Cash_100bb
E0242,design_flop_cbet_def_small_Cash_100bb,Cash6mGeneral_6mNL25R25,100,,F-F-R2.3-F-F-C,X-R1.8,,,Qh8d3s,flop_cbet_def_small,dry_high,CO,BB,COvBB,Cash_100bb,Face flop small cbet,flop_cbet_def_small dry_high COvBB Cash_100bb
E0243,design_flop_cbet_def_small_Cash_100bb,Cash6mGeneral_6mNL25R25,100,,F-F-R2.3-F-F-C,X-R1.8,,,Ts9d7c,flop_cbet_def_small,dynamic,CO,BB,COvBB,Cash_100bb,Face flop small cbet,flop_cbet_def_small dynamic COvBB Cash_100bb
E0244,design_flop_cbet_def_small_Cash_100bb,Cash6mGeneral_6mNL25R25,100,,F-F-R2.3-F-F-C,X-R1.8,,,9h8d6c,flop_cbet_def_small,dynamic,CO,BB,COvBB,Cash_100bb,Face flop small cbet,flop_cbet_def_small dynamic COvBB Cash_100bb
E0245,design_flop_cbet_def_small_Cash_100bb,Cash6mGeneral_6mNL25R25,100,,F-F-R2.3-F-F-C,X-R1.8,,,Ts9s8d,flop_cbet_def_small,dynamic_2tone,CO,BB,COvBB,Cash_100bb,Face flop small cbet,flop_cbet_def_small dynamic_2tone COvBB Cash_100bb
E0246,design_flop_cbet_def_small_Cash_100bb,Cash6mGeneral_6mNL25R25,100,,F-F-R2.3-F-F-C,X-R1.8,,,9s8s6d,flop_cbet_def_small,dynamic_2tone,CO,BB,COvBB,Cash_100bb,Face flop small cbet,flop_cbet_def_small dynamic_2tone COvBB Cash_100bb
E0247,design_flop_cbet_def_small_Cash_100bb,Cash6mGeneral_6mNL25R25,100,,F-F-R2.3-F-F-C,X-R1.8,,,8s5h2c,flop_cbet_def_small,low_dry,CO,BB,COvBB,Cash_100bb,Face flop small cbet,flop_cbet_def_small low_dry COvBB Cash_100bb
E0248,design_flop_cbet_def_small_Cash_100bb,Cash6mGeneral_6mNL25R25,100,,F-F-R2.3-F-F-C,X-R1.8,,,9c6d4s,flop_cbet_def_small,low_dry,CO,BB,COvBB,Cash_100bb,Face flop small cbet,flop_cbet_def_small low_dry COvBB Cash_100bb
E0249,design_flop_cbet_def_small_Cash_100bb,Cash6mGeneral_6mNL25R25,100,,F-F-R2.3-F-F-C,X-R1.8,,,KsQsJs,flop_cbet_def_small,monotone,CO,BB,COvBB,Cash_100bb,Face flop small cbet,flop_cbet_def_small monotone COvBB Cash_100bb
E0250,design_flop_cbet_def_small_Cash_100bb,Cash6mGeneral_6mNL25R25,100,,F-F-R2.3-F-F-C,X-R1.8,,,Ts8s5s,flop_cbet_def_small,monotone,CO,BB,COvBB,Cash_100bb,Face flop small cbet,flop_cbet_def_small monotone COvBB Cash_100bb
E0251,design_flop_cbet_def_small_Cash_100bb,Cash6mGeneral_6mNL25R25,100,,F-F-R2.3-F-F-C,X-R1.8,,,Ks7d7c,flop_cbet_def_small,paired,CO,BB,COvBB,Cash_100bb,Face flop small cbet,flop_cbet_def_small paired COvBB Cash_100bb
E0252,design_flop_cbet_def_small_Cash_100bb,Cash6mGeneral_6mNL25R25,100,,F-F-R2.3-F-F-C,X-R1.8,,,9s9d4c,flop_cbet_def_small,paired,CO,BB,COvBB,Cash_100bb,Face flop small cbet,flop_cbet_def_small paired COvBB Cash_100bb
E0253,design_flop_cbet_def_large_Cash_100bb,Cash6mGeneral_6mNL25R25,100,,F-F-R2.3-F-F-C,X-R5.5,,,Ks7d2c,flop_cbet_def_large,dry_high,CO,BB,COvBB,Cash_100bb,Face flop large cbet,flop_cbet_def_large dry_high COvBB Cash_100bb
E0254,design_flop_cbet_def_large_Cash_100bb,Cash6mGeneral_6mNL25R25,100,,F-F-R2.3-F-F-C,X-R5.5,,,Qh8d3s,flop_cbet_def_large,dry_high,CO,BB,COvBB,Cash_100bb,Face flop large cbet,flop_cbet_def_large dry_high COvBB Cash_100bb
E0255,design_flop_cbet_def_large_Cash_100bb,Cash6mGeneral_6mNL25R25,100,,F-F-R2.3-F-F-C,X-R5.5,,,Ts9d7c,flop_cbet_def_large,dynamic,CO,BB,COvBB,Cash_100bb,Face flop large cbet,flop_cbet_def_large dynamic COvBB Cash_100bb
E0256,design_flop_cbet_def_large_Cash_100bb,Cash6mGeneral_6mNL25R25,100,,F-F-R2.3-F-F-C,X-R5.5,,,9h8d6c,flop_cbet_def_large,dynamic,CO,BB,COvBB,Cash_100bb,Face flop large cbet,flop_cbet_def_large dynamic COvBB Cash_100bb
E0257,design_flop_cbet_def_large_Cash_100bb,Cash6mGeneral_6mNL25R25,100,,F-F-R2.3-F-F-C,X-R5.5,,,Ts9s8d,flop_cbet_def_large,dynamic_2tone,CO,BB,COvBB,Cash_100bb,Face flop large cbet,flop_cbet_def_large dynamic_2tone COvBB Cash_100bb
E0258,design_flop_cbet_def_large_Cash_100bb,Cash6mGeneral_6mNL25R25,100,,F-F-R2.3-F-F-C,X-R5.5,,,9s8s6d,flop_cbet_def_large,dynamic_2tone,CO,BB,COvBB,Cash_100bb,Face flop large cbet,flop_cbet_def_large dynamic_2tone COvBB Cash_100bb
E0259,design_flop_cbet_def_large_Cash_100bb,Cash6mGeneral_6mNL25R25,100,,F-F-R2.3-F-F-C,X-R5.5,,,8s5h2c,flop_cbet_def_large,low_dry,CO,BB,COvBB,Cash_100bb,Face flop large cbet,flop_cbet_def_large low_dry COvBB Cash_100bb
E0260,design_flop_cbet_def_large_Cash_100bb,Cash6mGeneral_6mNL25R25,100,,F-F-R2.3-F-F-C,X-R5.5,,,9c6d4s,flop_cbet_def_large,low_dry,CO,BB,COvBB,Cash_100bb,Face flop large cbet,flop_cbet_def_large low_dry COvBB Cash_100bb
E0261,design_flop_cbet_def_large_Cash_100bb,Cash6mGeneral_6mNL25R25,100,,F-F-R2.3-F-F-C,X-R5.5,,,KsQsJs,flop_cbet_def_large,monotone,CO,BB,COvBB,Cash_100bb,Face flop large cbet,flop_cbet_def_large monotone COvBB Cash_100bb
E0262,design_flop_cbet_def_large_Cash_100bb,Cash6mGeneral_6mNL25R25,100,,F-F-R2.3-F-F-C,X-R5.5,,,Ts8s5s,flop_cbet_def_large,monotone,CO,BB,COvBB,Cash_100bb,Face flop large cbet,flop_cbet_def_large monotone COvBB Cash_100bb
E0263,design_flop_cbet_def_large_Cash_100bb,Cash6mGeneral_6mNL25R25,100,,F-F-R2.3-F-F-C,X-R5.5,,,Ks7d7c,flop_cbet_def_large,paired,CO,BB,COvBB,Cash_100bb,Face flop large cbet,flop_cbet_def_large paired COvBB Cash_100bb
E0264,design_flop_cbet_def_large_Cash_100bb,Cash6mGeneral_6mNL25R25,100,,F-F-R2.3-F-F-C,X-R5.5,,,9s9d4c,flop_cbet_def_large,paired,CO,BB,COvBB,Cash_100bb,Face flop large cbet,flop_cbet_def_large paired COvBB Cash_100bb
E0265,design_turn_2nd_def_small_Cash_100bb,Cash6mGeneral_6mNL25R25,100,,F-F-R2.3-F-F-C,X-R1.8-C,X-R4.5,,Ks7d2cTh,turn_2nd_def_small,dry_high,CO,BB,COvBB,Cash_100bb,Turn defense vs 50%,turn_2nd_def_small dry_high COvBB Cash_100bb
E0266,design_turn_2nd_def_small_Cash_100bb,Cash6mGeneral_6mNL25R25,100,,F-F-R2.3-F-F-C,X-R1.8-C,X-R4.5,,Qh8d3sTh,turn_2nd_def_small,dry_high,CO,BB,COvBB,Cash_100bb,Turn defense vs 50%,turn_2nd_def_small dry_high COvBB Cash_100bb
E0267,design_turn_2nd_def_small_Cash_100bb,Cash6mGeneral_6mNL25R25,100,,F-F-R2.3-F-F-C,X-R1.8-C,X-R4.5,,Ts9d7c2c,turn_2nd_def_small,dynamic,CO,BB,COvBB,Cash_100bb,Turn defense vs 50%,turn_2nd_def_small dynamic COvBB Cash_100bb
E0268,design_turn_2nd_def_small_Cash_100bb,Cash6mGeneral_6mNL25R25,100,,F-F-R2.3-F-F-C,X-R1.8-C,X-R4.5,,9h8d6c2c,turn_2nd_def_small,dynamic,CO,BB,COvBB,Cash_100bb,Turn defense vs 50%,turn_2nd_def_small dynamic COvBB Cash_100bb
E0269,design_turn_2nd_def_small_Cash_100bb,Cash6mGeneral_6mNL25R25,100,,F-F-R2.3-F-F-C,X-R1.8-C,X-R4.5,,Ts9s8d2h,turn_2nd_def_small,dynamic_2tone,CO,BB,COvBB,Cash_100bb,Turn defense vs 50%,turn_2nd_def_small dynamic_2tone COvBB Cash_100bb
E0270,design_turn_2nd_def_small_Cash_100bb,Cash6mGeneral_6mNL25R25,100,,F-F-R2.3-F-F-C,X-R1.8-C,X-R4.5,,9s8s6d2h,turn_2nd_def_small,dynamic_2tone,CO,BB,COvBB,Cash_100bb,Turn defense vs 50%,turn_2nd_def_small dynamic_2tone COvBB Cash_100bb
E0271,design_turn_2nd_def_small_Cash_100bb,Cash6mGeneral_6mNL25R25,100,,F-F-R2.3-F-F-C,X-R1.8-C,X-R4.5,,8s5h2cTd,turn_2nd_def_small,low_dry,CO,BB,COvBB,Cash_100bb,Turn defense vs 50%,turn_2nd_def_small low_dry COvBB Cash_100bb
E0272,design_turn_2nd_def_small_Cash_100bb,Cash6mGeneral_6mNL25R25,100,,F-F-R2.3-F-F-C,X-R1.8-C,X-R4.5,,9c6d4sTd,turn_2nd_def_small,low_dry,CO,BB,COvBB,Cash_100bb,Turn defense vs 50%,turn_2nd_def_small low_dry COvBB Cash_100bb
E0273,design_turn_2nd_def_small_Cash_100bb,Cash6mGeneral_6mNL25R25,100,,F-F-R2.3-F-F-C,X-R1.8-C,X-R4.5,,KsQsJs2d,turn_2nd_def_small,monotone,CO,BB,COvBB,Cash_100bb,Turn defense vs 50%,turn_2nd_def_small monotone COvBB Cash_100bb
E0274,design_turn_2nd_def_small_Cash_100bb,Cash6mGeneral_6mNL25R25,100,,F-F-R2.3-F-F-C,X-R1.8-C,X-R4.5,,Ts8s5s2d,turn_2nd_def_small,monotone,CO,BB,COvBB,Cash_100bb,Turn defense vs 50%,turn_2nd_def_small monotone COvBB Cash_100bb
E0275,design_turn_2nd_def_small_Cash_100bb,Cash6mGeneral_6mNL25R25,100,,F-F-R2.3-F-F-C,X-R1.8-C,X-R4.5,,Ks7d7cTh,turn_2nd_def_small,paired,CO,BB,COvBB,Cash_100bb,Turn defense vs 50%,turn_2nd_def_small paired COvBB Cash_100bb
E0276,design_turn_2nd_def_small_Cash_100bb,Cash6mGeneral_6mNL25R25,100,,F-F-R2.3-F-F-C,X-R1.8-C,X-R4.5,,9s9d4cTh,turn_2nd_def_small,paired,CO,BB,COvBB,Cash_100bb,Turn defense vs 50%,turn_2nd_def_small paired COvBB Cash_100bb
E0277,design_turn_2nd_def_large_Cash_100bb,Cash6mGeneral_6mNL25R25,100,,F-F-R2.3-F-F-C,X-R1.8-C,X-R7,,Ks7d2cTh,turn_2nd_def_large,dry_high,CO,BB,COvBB,Cash_100bb,Turn defense vs large,turn_2nd_def_large dry_high COvBB Cash_100bb
E0278,design_turn_2nd_def_large_Cash_100bb,Cash6mGeneral_6mNL25R25,100,,F-F-R2.3-F-F-C,X-R1.8-C,X-R7,,Qh8d3sTh,turn_2nd_def_large,dry_high,CO,BB,COvBB,Cash_100bb,Turn defense vs large,turn_2nd_def_large dry_high COvBB Cash_100bb
E0279,design_turn_2nd_def_large_Cash_100bb,Cash6mGeneral_6mNL25R25,100,,F-F-R2.3-F-F-C,X-R1.8-C,X-R7,,Ts9d7c2c,turn_2nd_def_large,dynamic,CO,BB,COvBB,Cash_100bb,Turn defense vs large,turn_2nd_def_large dynamic COvBB Cash_100bb
E0280,design_turn_2nd_def_large_Cash_100bb,Cash6mGeneral_6mNL25R25,100,,F-F-R2.3-F-F-C,X-R1.8-C,X-R7,,9h8d6c2c,turn_2nd_def_large,dynamic,CO,BB,COvBB,Cash_100bb,Turn defense vs large,turn_2nd_def_large dynamic COvBB Cash_100bb
E0281,design_turn_2nd_def_large_Cash_100bb,Cash6mGeneral_6mNL25R25,100,,F-F-R2.3-F-F-C,X-R1.8-C,X-R7,,Ts9s8d2h,turn_2nd_def_large,dynamic_2tone,CO,BB,COvBB,Cash_100bb,Turn defense vs large,turn_2nd_def_large dynamic_2tone COvBB Cash_100bb
E0282,design_turn_2nd_def_large_Cash_100bb,Cash6mGeneral_6mNL25R25,100,,F-F-R2.3-F-F-C,X-R1.8-C,X-R7,,9s8s6d2h,turn_2nd_def_large,dynamic_2tone,CO,BB,COvBB,Cash_100bb,Turn defense vs large,turn_2nd_def_large dynamic_2tone COvBB Cash_100bb
E0283,design_turn_2nd_def_large_Cash_100bb,Cash6mGeneral_6mNL25R25,100,,F-F-R2.3-F-F-C,X-R1.8-C,X-R7,,8s5h2cTd,turn_2nd_def_large,low_dry,CO,BB,COvBB,Cash_100bb,Turn defense vs large,turn_2nd_def_large low_dry COvBB Cash_100bb
E0284,design_turn_2nd_def_large_Cash_100bb,Cash6mGeneral_6mNL25R25,100,,F-F-R2.3-F-F-C,X-R1.8-C,X-R7,,9c6d4sTd,turn_2nd_def_large,low_dry,CO,BB,COvBB,Cash_100bb,Turn defense vs large,turn_2nd_def_large low_dry COvBB Cash_100bb
E0285,design_turn_2nd_def_large_Cash_100bb,Cash6mGeneral_6mNL25R25,100,,F-F-R2.3-F-F-C,X-R1.8-C,X-R7,,KsQsJs2d,turn_2nd_def_large,monotone,CO,BB,COvBB,Cash_100bb,Turn defense vs large,turn_2nd_def_large monotone COvBB Cash_100bb
E0286,design_turn_2nd_def_large_Cash_100bb,Cash6mGeneral_6mNL25R25,100,,F-F-R2.3-F-F-C,X-R1.8-C,X-R7,,Ts8s5s2d,turn_2nd_def_large,monotone,CO,BB,COvBB,Cash_100bb,Turn defense vs large,turn_2nd_def_large monotone COvBB Cash_100bb
E0287,design_turn_2nd_def_large_Cash_100bb,Cash6mGeneral_6mNL25R25,100,,F-F-R2.3-F-F-C,X-R1.8-C,X-R7,,Ks7d7cTh,turn_2nd_def_large,paired,CO,BB,COvBB,Cash_100bb,Turn defense vs large,turn_2nd_def_large paired COvBB Cash_100bb
E0288,design_turn_2nd_def_large_Cash_100bb,Cash6mGeneral_6mNL25R25,100,,F-F-R2.3-F-F-C,X-R1.8-C,X-R7,,9s9d4cTh,turn_2nd_def_large,paired,CO,BB,COvBB,Cash_100bb,Turn defense vs large,turn_2nd_def_large paired COvBB Cash_100bb
E0289,design_turn_probe_def_Cash_100bb,Cash6mGeneral_6mNL25R25,100,,F-F-R2.3-F-F-C,X-X,X-R4.5,,Ks7d2cTh,turn_probe_def,dry_high,CO,BB,COvBB,Cash_100bb,Turn defense vs probe,turn_probe_def dry_high COvBB Cash_100bb
E0290,design_turn_probe_def_Cash_100bb,Cash6mGeneral_6mNL25R25,100,,F-F-R2.3-F-F-C,X-X,X-R4.5,,Qh8d3sTh,turn_probe_def,dry_high,CO,BB,COvBB,Cash_100bb,Turn defense vs probe,turn_probe_def dry_high COvBB Cash_100bb
E0291,design_turn_probe_def_Cash_100bb,Cash6mGeneral_6mNL25R25,100,,F-F-R2.3-F-F-C,X-X,X-R4.5,,Ts9d7c2c,turn_probe_def,dynamic,CO,BB,COvBB,Cash_100bb,Turn defense vs probe,turn_probe_def dynamic COvBB Cash_100bb
E0292,design_turn_probe_def_Cash_100bb,Cash6mGeneral_6mNL25R25,100,,F-F-R2.3-F-F-C,X-X,X-R4.5,,9h8d6c2c,turn_probe_def,dynamic,CO,BB,COvBB,Cash_100bb,Turn defense vs probe,turn_probe_def dynamic COvBB Cash_100bb
E0293,design_turn_probe_def_Cash_100bb,Cash6mGeneral_6mNL25R25,100,,F-F-R2.3-F-F-C,X-X,X-R4.5,,Ts9s8d2h,turn_probe_def,dynamic_2tone,CO,BB,COvBB,Cash_100bb,Turn defense vs probe,turn_probe_def dynamic_2tone COvBB Cash_100bb
E0294,design_turn_probe_def_Cash_100bb,Cash6mGeneral_6mNL25R25,100,,F-F-R2.3-F-F-C,X-X,X-R4.5,,9s8s6d2h,turn_probe_def,dynamic_2tone,CO,BB,COvBB,Cash_100bb,Turn defense vs probe,turn_probe_def dynamic_2tone COvBB Cash_100bb
E0295,design_turn_probe_def_Cash_100bb,Cash6mGeneral_6mNL25R25,100,,F-F-R2.3-F-F-C,X-X,X-R4.5,,8s5h2cTd,turn_probe_def,low_dry,CO,BB,COvBB,Cash_100bb,Turn defense vs probe,turn_probe_def low_dry COvBB Cash_100bb
E0296,design_turn_probe_def_Cash_100bb,Cash6mGeneral_6mNL25R25,100,,F-F-R2.3-F-F-C,X-X,X-R4.5,,9c6d4sTd,turn_probe_def,low_dry,CO,BB,COvBB,Cash_100bb,Turn defense vs probe,turn_probe_def low_dry COvBB Cash_100bb
E0297,design_turn_probe_def_Cash_100bb,Cash6mGeneral_6mNL25R25,100,,F-F-R2.3-F-F-C,X-X,X-R4.5,,KsQsJs2d,turn_probe_def,monotone,CO,BB,COvBB,Cash_100bb,Turn defense vs probe,turn_probe_def monotone COvBB Cash_100bb
E0298,design_turn_probe_def_Cash_100bb,Cash6mGeneral_6mNL25R25,100,,F-F-R2.3-F-F-C,X-X,X-R4.5,,Ts8s5s2d,turn_probe_def,monotone,CO,BB,COvBB,Cash_100bb,Turn defense vs probe,turn_probe_def monotone COvBB Cash_100bb
E0299,design_turn_probe_def_Cash_100bb,Cash6mGeneral_6mNL25R25,100,,F-F-R2.3-F-F-C,X-X,X-R4.5,,Ks7d7cTh,turn_probe_def,paired,CO,BB,COvBB,Cash_100bb,Turn defense vs probe,turn_probe_def paired COvBB Cash_100bb
E0300,design_turn_probe_def_Cash_100bb,Cash6mGeneral_6mNL25R25,100,,F-F-R2.3-F-F-C,X-X,X-R4.5,,9s9d4cTh,turn_probe_def,paired,CO,BB,COvBB,Cash_100bb,Turn defense vs probe,turn_probe_def paired COvBB Cash_100bb
E0301,design_flop_cbet_def_small_Cash_100bb,Cash6mGeneral_6mNL25R25,100,,F-R2.2-F-F-F-C,X-R1.8,,,Ks7d2c,flop_cbet_def_small,dry_high,HJ,BB,HJvBB,Cash_100bb,Face flop small cbet,flop_cbet_def_small dry_high HJvBB Cash_100bb
E0302,design_flop_cbet_def_small_Cash_100bb,Cash6mGeneral_6mNL25R25,100,,F-R2.2-F-F-F-C,X-R1.8,,,Qh8d3s,flop_cbet_def_small,dry_high,HJ,BB,HJvBB,Cash_100bb,Face flop small cbet,flop_cbet_def_small dry_high HJvBB Cash_100bb
E0303,design_flop_cbet_def_small_Cash_100bb,Cash6mGeneral_6mNL25R25,100,,F-R2.2-F-F-F-C,X-R1.8,,,Ts9d7c,flop_cbet_def_small,dynamic,HJ,BB,HJvBB,Cash_100bb,Face flop small cbet,flop_cbet_def_small dynamic HJvBB Cash_100bb
E0304,design_flop_cbet_def_small_Cash_100bb,Cash6mGeneral_6mNL25R25,100,,F-R2.2-F-F-F-C,X-R1.8,,,9h8d6c,flop_cbet_def_small,dynamic,HJ,BB,HJvBB,Cash_100bb,Face flop small cbet,flop_cbet_def_small dynamic HJvBB Cash_100bb
E0305,design_flop_cbet_def_small_Cash_100bb,Cash6mGeneral_6mNL25R25,100,,F-R2.2-F-F-F-C,X-R1.8,,,Ts9s8d,flop_cbet_def_small,dynamic_2tone,HJ,BB,HJvBB,Cash_100bb,Face flop small cbet,flop_cbet_def_small dynamic_2tone HJvBB Cash_100bb
E0306,design_flop_cbet_def_small_Cash_100bb,Cash6mGeneral_6mNL25R25,100,,F-R2.2-F-F-F-C,X-R1.8,,,9s8s6d,flop_cbet_def_small,dynamic_2tone,HJ,BB,HJvBB,Cash_100bb,Face flop small cbet,flop_cbet_def_small dynamic_2tone HJvBB Cash_100bb
E0307,design_flop_cbet_def_small_Cash_100bb,Cash6mGeneral_6mNL25R25,100,,F-R2.2-F-F-F-C,X-R1.8,,,8s5h2c,flop_cbet_def_small,low_dry,HJ,BB,HJvBB,Cash_100bb,Face flop small cbet,flop_cbet_def_small low_dry HJvBB Cash_100bb
E0308,design_flop_cbet_def_small_Cash_100bb,Cash6mGeneral_6mNL25R25,100,,F-R2.2-F-F-F-C,X-R1.8,,,9c6d4s,flop_cbet_def_small,low_dry,HJ,BB,HJvBB,Cash_100bb,Face flop small cbet,flop_cbet_def_small low_dry HJvBB Cash_100bb
E0309,design_flop_cbet_def_small_Cash_100bb,Cash6mGeneral_6mNL25R25,100,,F-R2.2-F-F-F-C,X-R1.8,,,KsQsJs,flop_cbet_def_small,monotone,HJ,BB,HJvBB,Cash_100bb,Face flop small cbet,flop_cbet_def_small monotone HJvBB Cash_100bb
E0310,design_flop_cbet_def_small_Cash_100bb,Cash6mGeneral_6mNL25R25,100,,F-R2.2-F-F-F-C,X-R1.8,,,Ts8s5s,flop_cbet_def_small,monotone,HJ,BB,HJvBB,Cash_100bb,Face flop small cbet,flop_cbet_def_small monotone HJvBB Cash_100bb
E0311,design_flop_cbet_def_small_Cash_100bb,Cash6mGeneral_6mNL25R25,100,,F-R2.2-F-F-F-C,X-R1.8,,,Ks7d7c,flop_cbet_def_small,paired,HJ,BB,HJvBB,Cash_100bb,Face flop small cbet,flop_cbet_def_small paired HJvBB Cash_100bb
E0312,design_flop_cbet_def_small_Cash_100bb,Cash6mGeneral_6mNL25R25,100,,F-R2.2-F-F-F-C,X-R1.8,,,9s9d4c,flop_cbet_def_small,paired,HJ,BB,HJvBB,Cash_100bb,Face flop small cbet,flop_cbet_def_small paired HJvBB Cash_100bb
E0313,design_flop_cbet_def_large_Cash_100bb,Cash6mGeneral_6mNL25R25,100,,F-R2.2-F-F-F-C,X-R5.5,,,Ks7d2c,flop_cbet_def_large,dry_high,HJ,BB,HJvBB,Cash_100bb,Face flop large cbet,flop_cbet_def_large dry_high HJvBB Cash_100bb
E0314,design_flop_cbet_def_large_Cash_100bb,Cash6mGeneral_6mNL25R25,100,,F-R2.2-F-F-F-C,X-R5.5,,,Qh8d3s,flop_cbet_def_large,dry_high,HJ,BB,HJvBB,Cash_100bb,Face flop large cbet,flop_cbet_def_large dry_high HJvBB Cash_100bb
E0315,design_flop_cbet_def_large_Cash_100bb,Cash6mGeneral_6mNL25R25,100,,F-R2.2-F-F-F-C,X-R5.5,,,Ts9d7c,flop_cbet_def_large,dynamic,HJ,BB,HJvBB,Cash_100bb,Face flop large cbet,flop_cbet_def_large dynamic HJvBB Cash_100bb
E0316,design_flop_cbet_def_large_Cash_100bb,Cash6mGeneral_6mNL25R25,100,,F-R2.2-F-F-F-C,X-R5.5,,,9h8d6c,flop_cbet_def_large,dynamic,HJ,BB,HJvBB,Cash_100bb,Face flop large cbet,flop_cbet_def_large dynamic HJvBB Cash_100bb
E0317,design_flop_cbet_def_large_Cash_100bb,Cash6mGeneral_6mNL25R25,100,,F-R2.2-F-F-F-C,X-R5.5,,,Ts9s8d,flop_cbet_def_large,dynamic_2tone,HJ,BB,HJvBB,Cash_100bb,Face flop large cbet,flop_cbet_def_large dynamic_2tone HJvBB Cash_100bb
E0318,design_flop_cbet_def_large_Cash_100bb,Cash6mGeneral_6mNL25R25,100,,F-R2.2-F-F-F-C,X-R5.5,,,9s8s6d,flop_cbet_def_large,dynamic_2tone,HJ,BB,HJvBB,Cash_100bb,Face flop large cbet,flop_cbet_def_large dynamic_2tone HJvBB Cash_100bb
E0319,design_flop_cbet_def_large_Cash_100bb,Cash6mGeneral_6mNL25R25,100,,F-R2.2-F-F-F-C,X-R5.5,,,8s5h2c,flop_cbet_def_large,low_dry,HJ,BB,HJvBB,Cash_100bb,Face flop large cbet,flop_cbet_def_large low_dry HJvBB Cash_100bb
E0320,design_flop_cbet_def_large_Cash_100bb,Cash6mGeneral_6mNL25R25,100,,F-R2.2-F-F-F-C,X-R5.5,,,9c6d4s,flop_cbet_def_large,low_dry,HJ,BB,HJvBB,Cash_100bb,Face flop large cbet,flop_cbet_def_large low_dry HJvBB Cash_100bb
E0321,design_flop_cbet_def_large_Cash_100bb,Cash6mGeneral_6mNL25R25,100,,F-R2.2-F-F-F-C,X-R5.5,,,KsQsJs,flop_cbet_def_large,monotone,HJ,BB,HJvBB,Cash_100bb,Face flop large cbet,flop_cbet_def_large monotone HJvBB Cash_100bb
E0322,design_flop_cbet_def_large_Cash_100bb,Cash6mGeneral_6mNL25R25,100,,F-R2.2-F-F-F-C,X-R5.5,,,Ts8s5s,flop_cbet_def_large,monotone,HJ,BB,HJvBB,Cash_100bb,Face flop large cbet,flop_cbet_def_large monotone HJvBB Cash_100bb
E0323,design_flop_cbet_def_large_Cash_100bb,Cash6mGeneral_6mNL25R25,100,,F-R2.2-F-F-F-C,X-R5.5,,,Ks7d7c,flop_cbet_def_large,paired,HJ,BB,HJvBB,Cash_100bb,Face flop large cbet,flop_cbet_def_large paired HJvBB Cash_100bb
E0324,design_flop_cbet_def_large_Cash_100bb,Cash6mGeneral_6mNL25R25,100,,F-R2.2-F-F-F-C,X-R5.5,,,9s9d4c,flop_cbet_def_large,paired,HJ,BB,HJvBB,Cash_100bb,Face flop large cbet,flop_cbet_def_large paired HJvBB Cash_100bb
E0325,design_turn_2nd_def_small_Cash_100bb,Cash6mGeneral_6mNL25R25,100,,F-R2.2-F-F-F-C,X-R1.8-C,X-R4.5,,Ks7d2cTh,turn_2nd_def_small,dry_high,HJ,BB,HJvBB,Cash_100bb,Turn defense vs 50%,turn_2nd_def_small dry_high HJvBB Cash_100bb
E0326,design_turn_2nd_def_small_Cash_100bb,Cash6mGeneral_6mNL25R25,100,,F-R2.2-F-F-F-C,X-R1.8-C,X-R4.5,,Qh8d3sTh,turn_2nd_def_small,dry_high,HJ,BB,HJvBB,Cash_100bb,Turn defense vs 50%,turn_2nd_def_small dry_high HJvBB Cash_100bb
E0327,design_turn_2nd_def_small_Cash_100bb,Cash6mGeneral_6mNL25R25,100,,F-R2.2-F-F-F-C,X-R1.8-C,X-R4.5,,Ts9d7c2c,turn_2nd_def_small,dynamic,HJ,BB,HJvBB,Cash_100bb,Turn defense vs 50%,turn_2nd_def_small dynamic HJvBB Cash_100bb
E0328,design_turn_2nd_def_small_Cash_100bb,Cash6mGeneral_6mNL25R25,100,,F-R2.2-F-F-F-C,X-R1.8-C,X-R4.5,,9h8d6c2c,turn_2nd_def_small,dynamic,HJ,BB,HJvBB,Cash_100bb,Turn defense vs 50%,turn_2nd_def_small dynamic HJvBB Cash_100bb
E0329,design_turn_2nd_def_small_Cash_100bb,Cash6mGeneral_6mNL25R25,100,,F-R2.2-F-F-F-C,X-R1.8-C,X-R4.5,,Ts9s8d2h,turn_2nd_def_small,dynamic_2tone,HJ,BB,HJvBB,Cash_100bb,Turn defense vs 50%,turn_2nd_def_small dynamic_2tone HJvBB Cash_100bb
E0330,design_turn_2nd_def_small_Cash_100bb,Cash6mGeneral_6mNL25R25,100,,F-R2.2-F-F-F-C,X-R1.8-C,X-R4.5,,9s8s6d2h,turn_2nd_def_small,dynamic_2tone,HJ,BB,HJvBB,Cash_100bb,Turn defense vs 50%,turn_2nd_def_small dynamic_2tone HJvBB Cash_100bb
E0331,design_turn_2nd_def_small_Cash_100bb,Cash6mGeneral_6mNL25R25,100,,F-R2.2-F-F-F-C,X-R1.8-C,X-R4.5,,8s5h2cTd,turn_2nd_def_small,low_dry,HJ,BB,HJvBB,Cash_100bb,Turn defense vs 50%,turn_2nd_def_small low_dry HJvBB Cash_100bb
E0332,design_turn_2nd_def_small_Cash_100bb,Cash6mGeneral_6mNL25R25,100,,F-R2.2-F-F-F-C,X-R1.8-C,X-R4.5,,9c6d4sTd,turn_2nd_def_small,low_dry,HJ,BB,HJvBB,Cash_100bb,Turn defense vs 50%,turn_2nd_def_small low_dry HJvBB Cash_100bb
E0333,design_turn_2nd_def_small_Cash_100bb,Cash6mGeneral_6mNL25R25,100,,F-R2.2-F-F-F-C,X-R1.8-C,X-R4.5,,KsQsJs2d,turn_2nd_def_small,monotone,HJ,BB,HJvBB,Cash_100bb,Turn defense vs 50%,turn_2nd_def_small monotone HJvBB Cash_100bb
E0334,design_turn_2nd_def_small_Cash_100bb,Cash6mGeneral_6mNL25R25,100,,F-R2.2-F-F-F-C,X-R1.8-C,X-R4.5,,Ts8s5s2d,turn_2nd_def_small,monotone,HJ,BB,HJvBB,Cash_100bb,Turn defense vs 50%,turn_2nd_def_small monotone HJvBB Cash_100bb
E0335,design_turn_2nd_def_small_Cash_100bb,Cash6mGeneral_6mNL25R25,100,,F-R2.2-F-F-F-C,X-R1.8-C,X-R4.5,,Ks7d7cTh,turn_2nd_def_small,paired,HJ,BB,HJvBB,Cash_100bb,Turn defense vs 50%,turn_2nd_def_small paired HJvBB Cash_100bb
E0336,design_turn_2nd_def_small_Cash_100bb,Cash6mGeneral_6mNL25R25,100,,F-R2.2-F-F-F-C,X-R1.8-C,X-R4.5,,9s9d4cTh,turn_2nd_def_small,paired,HJ,BB,HJvBB,Cash_100bb,Turn defense vs 50%,turn_2nd_def_small paired HJvBB Cash_100bb
E0337,design_turn_2nd_def_large_Cash_100bb,Cash6mGeneral_6mNL25R25,100,,F-R2.2-F-F-F-C,X-R1.8-C,X-R7,,Ks7d2cTh,turn_2nd_def_large,dry_high,HJ,BB,HJvBB,Cash_100bb,Turn defense vs large,turn_2nd_def_large dry_high HJvBB Cash_100bb
E0338,design_turn_2nd_def_large_Cash_100bb,Cash6mGeneral_6mNL25R25,100,,F-R2.2-F-F-F-C,X-R1.8-C,X-R7,,Qh8d3sTh,turn_2nd_def_large,dry_high,HJ,BB,HJvBB,Cash_100bb,Turn defense vs large,turn_2nd_def_large dry_high HJvBB Cash_100bb
E0339,design_turn_2nd_def_large_Cash_100bb,Cash6mGeneral_6mNL25R25,100,,F-R2.2-F-F-F-C,X-R1.8-C,X-R7,,Ts9d7c2c,turn_2nd_def_large,dynamic,HJ,BB,HJvBB,Cash_100bb,Turn defense vs large,turn_2nd_def_large dynamic HJvBB Cash_100bb
E0340,design_turn_2nd_def_large_Cash_100bb,Cash6mGeneral_6mNL25R25,100,,F-R2.2-F-F-F-C,X-R1.8-C,X-R7,,9h8d6c2c,turn_2nd_def_large,dynamic,HJ,BB,HJvBB,Cash_100bb,Turn defense vs large,turn_2nd_def_large dynamic HJvBB Cash_100bb
E0341,design_turn_2nd_def_large_Cash_100bb,Cash6mGeneral_6mNL25R25,100,,F-R2.2-F-F-F-C,X-R1.8-C,X-R7,,Ts9s8d2h,turn_2nd_def_large,dynamic_2tone,HJ,BB,HJvBB,Cash_100bb,Turn defense vs large,turn_2nd_def_large dynamic_2tone HJvBB Cash_100bb
E0342,design_turn_2nd_def_large_Cash_100bb,Cash6mGeneral_6mNL25R25,100,,F-R2.2-F-F-F-C,X-R1.8-C,X-R7,,9s8s6d2h,turn_2nd_def_large,dynamic_2tone,HJ,BB,HJvBB,Cash_100bb,Turn defense vs large,turn_2nd_def_large dynamic_2tone HJvBB Cash_100bb
E0343,design_turn_2nd_def_large_Cash_100bb,Cash6mGeneral_6mNL25R25,100,,F-R2.2-F-F-F-C,X-R1.8-C,X-R7,,8s5h2cTd,turn_2nd_def_large,low_dry,HJ,BB,HJvBB,Cash_100bb,Turn defense vs large,turn_2nd_def_large low_dry HJvBB Cash_100bb
E0344,design_turn_2nd_def_large_Cash_100bb,Cash6mGeneral_6mNL25R25,100,,F-R2.2-F-F-F-C,X-R1.8-C,X-R7,,9c6d4sTd,turn_2nd_def_large,low_dry,HJ,BB,HJvBB,Cash_100bb,Turn defense vs large,turn_2nd_def_large low_dry HJvBB Cash_100bb
E0345,design_turn_2nd_def_large_Cash_100bb,Cash6mGeneral_6mNL25R25,100,,F-R2.2-F-F-F-C,X-R1.8-C,X-R7,,KsQsJs2d,turn_2nd_def_large,monotone,HJ,BB,HJvBB,Cash_100bb,Turn defense vs large,turn_2nd_def_large monotone HJvBB Cash_100bb
E0346,design_turn_2nd_def_large_Cash_100bb,Cash6mGeneral_6mNL25R25,100,,F-R2.2-F-F-F-C,X-R1.8-C,X-R7,,Ts8s5s2d,turn_2nd_def_large,monotone,HJ,BB,HJvBB,Cash_100bb,Turn defense vs large,turn_2nd_def_large monotone HJvBB Cash_100bb
E0347,design_turn_2nd_def_large_Cash_100bb,Cash6mGeneral_6mNL25R25,100,,F-R2.2-F-F-F-C,X-R1.8-C,X-R7,,Ks7d7cTh,turn_2nd_def_large,paired,HJ,BB,HJvBB,Cash_100bb,Turn defense vs large,turn_2nd_def_large paired HJvBB Cash_100bb
E0348,design_turn_2nd_def_large_Cash_100bb,Cash6mGeneral_6mNL25R25,100,,F-R2.2-F-F-F-C,X-R1.8-C,X-R7,,9s9d4cTh,turn_2nd_def_large,paired,HJ,BB,HJvBB,Cash_100bb,Turn defense vs large,turn_2nd_def_large paired HJvBB Cash_100bb
E0349,design_turn_probe_def_Cash_100bb,Cash6mGeneral_6mNL25R25,100,,F-R2.2-F-F-F-C,X-X,X-R4.5,,Ks7d2cTh,turn_probe_def,dry_high,HJ,BB,HJvBB,Cash_100bb,Turn defense vs probe,turn_probe_def dry_high HJvBB Cash_100bb
E0350,design_turn_probe_def_Cash_100bb,Cash6mGeneral_6mNL25R25,100,,F-R2.2-F-F-F-C,X-X,X-R4.5,,Qh8d3sTh,turn_probe_def,dry_high,HJ,BB,HJvBB,Cash_100bb,Turn defense vs probe,turn_probe_def dry_high HJvBB Cash_100bb
E0351,design_turn_probe_def_Cash_100bb,Cash6mGeneral_6mNL25R25,100,,F-R2.2-F-F-F-C,X-X,X-R4.5,,Ts9d7c2c,turn_probe_def,dynamic,HJ,BB,HJvBB,Cash_100bb,Turn defense vs probe,turn_probe_def dynamic HJvBB Cash_100bb
E0352,design_turn_probe_def_Cash_100bb,Cash6mGeneral_6mNL25R25,100,,F-R2.2-F-F-F-C,X-X,X-R4.5,,9h8d6c2c,turn_probe_def,dynamic,HJ,BB,HJvBB,Cash_100bb,Turn defense vs probe,turn_probe_def dynamic HJvBB Cash_100bb
E0353,design_turn_probe_def_Cash_100bb,Cash6mGeneral_6mNL25R25,100,,F-R2.2-F-F-F-C,X-X,X-R4.5,,Ts9s8d2h,turn_probe_def,dynamic_2tone,HJ,BB,HJvBB,Cash_100bb,Turn defense vs probe,turn_probe_def dynamic_2tone HJvBB Cash_100bb
E0354,design_turn_probe_def_Cash_100bb,Cash6mGeneral_6mNL25R25,100,,F-R2.2-F-F-F-C,X-X,X-R4.5,,9s8s6d2h,turn_probe_def,dynamic_2tone,HJ,BB,HJvBB,Cash_100bb,Turn defense vs probe,turn_probe_def dynamic_2tone HJvBB Cash_100bb
E0355,design_turn_probe_def_Cash_100bb,Cash6mGeneral_6mNL25R25,100,,F-R2.2-F-F-F-C,X-X,X-R4.5,,8s5h2cTd,turn_probe_def,low_dry,HJ,BB,HJvBB,Cash_100bb,Turn defense vs probe,turn_probe_def low_dry HJvBB Cash_100bb
E0356,design_turn_probe_def_Cash_100bb,Cash6mGeneral_6mNL25R25,100,,F-R2.2-F-F-F-C,X-X,X-R4.5,,9c6d4sTd,turn_probe_def,low_dry,HJ,BB,HJvBB,Cash_100bb,Turn defense vs probe,turn_probe_def low_dry HJvBB Cash_100bb
E0357,design_turn_probe_def_Cash_100bb,Cash6mGeneral_6mNL25R25,100,,F-R2.2-F-F-F-C,X-X,X-R4.5,,KsQsJs2d,turn_probe_def,monotone,HJ,BB,HJvBB,Cash_100bb,Turn defense vs probe,turn_probe_def monotone HJvBB Cash_100bb
E0358,design_turn_probe_def_Cash_100bb,Cash6mGeneral_6mNL25R25,100,,F-R2.2-F-F-F-C,X-X,X-R4.5,,Ts8s5s2d,turn_probe_def,monotone,HJ,BB,HJvBB,Cash_100bb,Turn defense vs probe,turn_probe_def monotone HJvBB Cash_100bb
E0359,design_turn_probe_def_Cash_100bb,Cash6mGeneral_6mNL25R25,100,,F-R2.2-F-F-F-C,X-X,X-R4.5,,Ks7d7cTh,turn_probe_def,paired,HJ,BB,HJvBB,Cash_100bb,Turn defense vs probe,turn_probe_def paired HJvBB Cash_100bb
E0360,design_turn_probe_def_Cash_100bb,Cash6mGeneral_6mNL25R25,100,,F-R2.2-F-F-F-C,X-X,X-R4.5,,9s9d4cTh,turn_probe_def,paired,HJ,BB,HJvBB,Cash_100bb,Turn defense vs probe,turn_probe_def paired HJvBB Cash_100bb
