size_bucket,equity_bucket,mv_cat,board_family,dv_cat,fold_mean,call_mean,raise_mean,n,pred_modal
small (≤33%),best_hands,second_pair,dry_high,flush_draw,0.0,0.9080989795918368,0.09190102040816327,98,CALL
mid (50%),good_hands,ace_high,dry_high,nut_flush_draw,0.0,0.9602625,0.039724999999999996,32,CALL
small (≤33%),good_hands,ace_high,dry_high,onecard_bdfd,8.811881188118812e-05,0.9180564356435644,0.08185049504950495,101,CALL
small (≤33%),good_hands,ace_high,dry_high,twocards_bdfd,5.4166666666666664e-05,0.9753333333333334,0.024605555555555558,72,CALL
small (≤33%),good_hands,king_high,dry_high,nut_flush_draw,0.0,0.86329,0.13671000000000003,70,CALL
mid (50%),good_hands,second_pair,dry_high,no_draw,0.03781295546558704,0.9117008097165992,0.050488461538461545,494,CALL
mid (50%),good_hands,second_pair,dry_high,onecard_bdfd,0.00014068965517241377,0.9340717241379312,0.06578620689655172,145,CALL
mid (50%),good_hands,second_pair,dry_high,twocards_bdfd,8.974358974358975e-05,0.9950897435897437,0.004826923076923077,78,CALL
mid (50%),good_hands,third_pair,dry_high,onecard_bdfd,0.06426451612903226,0.9078623655913979,0.027860215053763442,93,CALL
mid (50%),good_hands,third_pair,dry_high,twocards_bdfd,0.0001201923076923077,0.9832173076923076,0.01666153846153846,104,CALL
mid (50%),good_hands,top_pair,dry_high,twocards_bdfd,7.5949367088607605e-06,0.933746835443038,0.06623544303797468,79,CALL
small (≤33%),good_hands,top_pair,dry_high,no_draw,4.614173228346456e-05,0.9442020472440945,0.055751023622047244,635,CALL
small (≤33%),good_hands,top_pair,dry_high,twocards_bdfd,0.0,0.9458613207547171,0.05413867924528302,106,CALL
mid (50%),good_hands,underpair,dry_high,onecard_bdfd,0.00020666666666666666,0.9986766666666667,0.0011099999999999999,30,CALL
small (≤33%),good_hands,underpair,dry_high,no_draw,1.4611872146118723e-05,0.9102312785388128,0.08975319634703197,438,CALL
small (≤33%),trash_hands,ace_high,dry_high,no_draw,0.9998802721088437,3.1292517006802724e-05,7.959183673469388e-05,147,FOLD
mid (50%),trash_hands,king_high,dry_high,no_draw,0.9999142857142858,5.3061224489795926e-05,3.26530612244898e-05,98,FOLD
small (≤33%),trash_hands,king_high,dry_high,no_draw,0.9994133047210301,0.000376824034334764,0.00019742489270386265,233,FOLD
mid (50%),trash_hands,no_made_hand,dry_high,no_draw,0.9999255863539446,1.5458422174840087e-05,5.5010660980810236e-05,938,FOLD
mid (50%),trash_hands,no_made_hand,dry_high,onecard_bdfd,0.9750088888888889,0.024448444444444443,0.0005422222222222223,225,FOLD
mid (50%),trash_hands,no_made_hand,dry_high,twocards_bdfd,0.971617748917749,0.027806060606060605,0.0005796536796536797,231,FOLD
small (≤33%),trash_hands,no_made_hand,dry_high,no_draw,0.8798273207078547,0.09418498913380938,0.025989382179447375,6442,FOLD
mid (50%),weak_hands,low_pair,dry_high,no_draw,0.9166055555555555,0.08335277777777778,3.3333333333333335e-05,36,FOLD
mid (50%),weak_hands,no_made_hand,dry_high,no_draw,0.8277416083916085,0.12918566433566434,0.043045454545454546,286,FOLD
small (≤33%),weak_hands,third_pair,dry_high,onecard_bdfd,0.00016410256410256412,0.8812435897435896,0.11858333333333333,78,CALL
mid (50%),good_hands,ace_high,dynamic,no_draw,0.9995894736842106,0.0002078947368421053,0.0002,38,FOLD
small (≤33%),good_hands,ace_high,dynamic,gutshot,0.0003134453781512605,0.9702168067226891,0.02946470588235294,119,CALL
mid (50%),good_hands,overpair,dynamic,gutshot,0.0,0.00011388888888888888,0.999886111111111,36,RAISE
mid (50%),good_hands,second_pair,dynamic,twocards_bdfd,0.012663414634146341,0.9533451219512196,0.033997560975609756,82,CALL
small (≤33%),good_hands,second_pair,dynamic,gutshot,0.0002791208791208791,0.9755164835164836,0.02421868131868132,91,CALL
small (≤33%),good_hands,second_pair,dynamic,oesd,0.0,0.9539416666666667,0.04605833333333334,36,CALL
small (≤33%),good_hands,second_pair,dynamic,twocards_bdfd,0.00022307692307692306,0.9993134615384616,0.00045576923076923073,52,CALL
mid (50%),good_hands,third_pair,dynamic,twocards_bdfd,0.000808,0.9813,0.01789,50,CALL
small (≤33%),good_hands,third_pair,dynamic,gutshot,0.11633255813953489,0.8803406976744186,0.0033174418604651162,86,CALL
small (≤33%),good_hands,third_pair,dynamic,oesd,2.0833333333333333e-05,0.9835354166666667,0.016445833333333333,48,CALL
mid (50%),good_hands,top_pair,dynamic,twocards_bdfd,7.790697674418604e-05,0.9065313953488371,0.09338953488372093,86,CALL
small (≤33%),good_hands,top_pair,dynamic,twocards_bdfd,7.142857142857143e-05,0.9849482142857143,0.014996428571428572,56,CALL
mid (50%),trash_hands,ace_high,dynamic,no_draw,0.9999645569620254,0.0,3.5443037974683544e-05,79,FOLD
mid (50%),trash_hands,king_high,dynamic,no_draw,0.999952,0.0,3.933333333333333e-05,150,FOLD
small (≤33%),trash_hands,low_pair,dynamic,no_draw,0.9996955555555556,0.00010888888888888889,0.0001933333333333333,45,FOLD
mid (50%),trash_hands,no_made_hand,dynamic,gutshot,0.9032227571115974,0.07899803063457331,0.01777352297592998,457,FOLD
mid (50%),trash_hands,no_made_hand,dynamic,no_draw,0.9999506112469438,6.601466992665037e-06,3.9853300733496326e-05,409,FOLD
mid (50%),trash_hands,no_made_hand,dynamic,oesd,0.8620939393939394,0.1194121212121212,0.018465151515151514,66,FOLD
mid (50%),trash_hands,no_made_hand,dynamic,twocards_bdfd,0.9999296296296296,1.759259259259259e-05,5e-05,108,FOLD
small (≤33%),trash_hands,no_made_hand,dynamic,gutshot,0.9998496350364964,7.226277372262775e-05,7.81021897810219e-05,137,FOLD
small (≤33%),trash_hands,no_made_hand,dynamic,no_draw,0.9977151468315302,0.002069706336939722,0.0002163833075734158,647,FOLD
mid (50%),weak_hands,ace_high,dynamic,no_draw,0.9574423333333334,0.04246433333333333,5.633333333333334e-05,300,FOLD
mid (50%),weak_hands,king_high,dynamic,no_draw,0.997299512195122,0.0026165853658536584,8.24390243902439e-05,205,FOLD
mid (50%),weak_hands,king_high,dynamic,twocards_bdfd,0.8311753623188406,0.16871594202898552,9.710144927536232e-05,69,FOLD
mid (50%),weak_hands,low_pair,dynamic,no_draw,0.9996950000000001,0.0002425,5.25e-05,120,FOLD
mid (50%),weak_hands,no_made_hand,dynamic,no_draw,0.9998741935483871,4.1935483870967746e-05,0.00012580645161290322,31,FOLD
small (≤33%),weak_hands,third_pair,dynamic,no_draw,0.9189648648648648,0.08093513513513514,1.0810810810810812e-05,37,FOLD
small (≤33%),good_hands,ace_high,dynamic_2tone,gutshot,0.002292682926829268,0.9813560975609755,0.016346341463414633,82,CALL
mid (50%),good_hands,overpair,dynamic_2tone,gutshot,0.0,0.057588888888888884,0.9424111111111111,36,RAISE
mid (50%),good_hands,second_pair,dynamic_2tone,flush_draw,0.0,0.9701885714285715,0.029811428571428576,35,CALL
mid (50%),good_hands,second_pair,dynamic_2tone,gutshot,0.016246923076923075,0.8989846153846154,0.08477461538461538,130,CALL
mid (50%),good_hands,second_pair,dynamic_2tone,onecard_bdfd,0.13591338582677165,0.8376377952755906,0.026443307086614173,127,CALL
small (≤33%),good_hands,second_pair,dynamic_2tone,gutshot,0.037072839506172836,0.9122395061728396,0.05068024691358025,81,CALL
small (≤33%),good_hands,second_pair,dynamic_2tone,oesd,0.0,0.9646717948717949,0.035317948717948716,39,CALL
small (≤33%),good_hands,second_pair,dynamic_2tone,onecard_bdfd,0.09840444444444445,0.8984677777777778,0.0031344444444444445,90,CALL
mid (50%),good_hands,third_pair,dynamic_2tone,oesd,8.843537414965987e-05,0.874504081632653,0.12540884353741497,147,CALL
small (≤33%),good_hands,third_pair,dynamic_2tone,gutshot,0.10882261904761904,0.8666666666666666,0.0245047619047619,84,CALL
small (≤33%),good_hands,third_pair,dynamic_2tone,oesd,1.6666666666666667e-05,0.9528854166666667,0.0470875,48,CALL
small (≤33%),good_hands,third_pair,dynamic_2tone,onecard_bdfd,0.0008904761904761906,0.9988785714285714,0.00023571428571428574,42,CALL
mid (50%),good_hands,top_pair,dynamic_2tone,onecard_bdfd,8.484848484848485e-05,0.8960353535353535,0.10388383838383838,99,CALL
mid (50%),good_hands,top_pair,dynamic_2tone,twocards_bdfd,0.00010232558139534885,0.9144558139534884,0.08545116279069767,43,CALL
small (≤33%),good_hands,top_pair,dynamic_2tone,onecard_bdfd,0.00014126984126984127,0.9935698412698413,0.006293650793650794,63,CALL
mid (50%),trash_hands,ace_high,dynamic_2tone,no_draw,0.9999071428571428,0.0,9.285714285714287e-05,56,FOLD
mid (50%),trash_hands,ace_high,dynamic_2tone,onecard_bdfd,0.9982583333333334,0.000825,0.0009138888888888889,36,FOLD
small (≤33%),trash_hands,ace_high,dynamic_2tone,gutshot,0.8865928571428571,0.07998333333333334,0.033414285714285716,42,FOLD
mid (50%),trash_hands,king_high,dynamic_2tone,no_draw,0.9999123076923077,0.0,6.307692307692308e-05,130,FOLD
mid (50%),trash_hands,king_high,dynamic_2tone,onecard_bdfd,0.9996555555555555,0.0,0.00034166666666666666,36,FOLD
mid (50%),trash_hands,no_made_hand,dynamic_2tone,gutshot,0.8267956916099773,0.12628367346938776,0.04690884353741497,441,FOLD
mid (50%),trash_hands,no_made_hand,dynamic_2tone,no_draw,0.9999265734265734,1.4685314685314688e-05,5.314685314685315e-05,286,FOLD
mid (50%),trash_hands,no_made_hand,dynamic_2tone,onecard_bdfd,0.9431114457831326,0.04767409638554217,0.009215060240963855,166,FOLD
mid (50%),trash_hands,no_made_hand,dynamic_2tone,twocards_bdfd,0.9647666666666667,0.03488974358974359,0.0003435897435897436,39,FOLD
small (≤33%),trash_hands,no_made_hand,dynamic_2tone,no_draw,0.9997455813953489,0.00017488372093023256,7.953488372093023e-05,430,FOLD
small (≤33%),trash_hands,no_made_hand,dynamic_2tone,onecard_bdfd,0.9125312500000001,0.08738541666666666,8.333333333333333e-05,288,FOLD
mid (50%),weak_hands,ace_high,dynamic_2tone,no_draw,0.968260396039604,0.031497029702970296,0.00024059405940594057,202,FOLD
mid (50%),weak_hands,king_high,dynamic_2tone,no_draw,0.9997702127659576,0.00011276595744680852,0.00011914893617021277,94,FOLD
mid (50%),weak_hands,low_pair,dynamic_2tone,no_draw,0.999704255319149,0.00019574468085106382,9.361702127659576e-05,47,FOLD
mid (50%),weak_hands,low_pair,dynamic_2tone,onecard_bdfd,0.84653,0.15264666666666665,0.0008066666666666668,60,FOLD
mid (50%),weak_hands,no_made_hand,dynamic_2tone,flush_draw,1.5625e-05,0.89780625,0.102175,32,CALL
mid (50%),weak_hands,no_made_hand,dynamic_2tone,onecard_bdfd,0.848603125,0.147259375,0.0041218750000000005,32,FOLD
mid (50%),weak_hands,second_pair,dynamic_2tone,onecard_bdfd,0.05233421052631579,0.8843157894736842,0.06334999999999999,38,CALL
mid (50%),weak_hands,third_pair,dynamic_2tone,twocards_bdfd,0.03129375,0.937984375,0.030728125,32,CALL
small (≤33%),weak_hands,third_pair,dynamic_2tone,no_draw,0.847505,0.149525,0.0029400000000000003,40,FOLD
mid (50%),best_hands,top_pair,low_dry,no_draw,0.0,0.0395275,0.9604699999999999,40,RAISE
mid (50%),good_hands,ace_high,low_dry,nut_flush_draw,0.0,0.9360148148148149,0.06398518518518519,54,CALL
mid (50%),good_hands,second_pair,low_dry,flush_draw,0.0,0.8704454545454545,0.12955454545454545,66,CALL
mid (50%),good_hands,second_pair,low_dry,onecard_bdfd,8.714285714285714e-05,0.9000817857142857,0.0998375,280,CALL
mid (50%),good_hands,second_pair,low_dry,twocards_bdfd,2.2666666666666668e-05,0.9612153333333333,0.03875933333333333,150,CALL
mid (50%),good_hands,third_pair,low_dry,onecard_bdfd,0.08895481481481482,0.8816696296296297,0.029374074074074073,135,CALL
mid (50%),good_hands,third_pair,low_dry,twocards_bdfd,0.00010050761421319798,0.9730263959390864,0.026880710659898475,197,CALL
mid (50%),good_hands,underpair,low_dry,onecard_bdfd,0.00089375,0.9036104166666666,0.09549999999999999,48,CALL
mid (50%),trash_hands,king_high,low_dry,no_draw,0.9998954022988505,5.632183908045977e-05,4.8275862068965517e-05,87,FOLD
mid (50%),trash_hands,no_made_hand,low_dry,no_draw,0.9841329469188529,0.012358023184868823,0.003508541793776693,1639,FOLD
mid (50%),trash_hands,no_made_hand,low_dry,onecard_bdfd,0.8778568783068783,0.05315820105820105,0.06898492063492064,378,FOLD
mid (50%),trash_hands,no_made_hand,low_dry,twocards_bdfd,0.9030029411764706,0.03417264705882353,0.06282176470588235,340,FOLD
mid (50%),weak_hands,king_high,low_dry,no_draw,0.8311496786042241,0.15005381083562902,0.018793296602387512,1089,FOLD
mid (50%),weak_hands,low_pair,low_dry,no_draw,0.9998333333333334,4.5833333333333334e-05,0.0001,72,FOLD
mid (50%),weak_hands,no_made_hand,low_dry,no_draw,0.8971822894168466,0.07670637149028078,0.02610313174946004,926,FOLD
mid (50%),weak_hands,third_pair,low_dry,onecard_bdfd,0.16103958333333332,0.8259375000000001,0.013033333333333333,48,CALL
small (≤33%),trash_hands,no_made_hand,paired,no_draw,0.8868836440168371,0.060649007817197835,0.05245520144317499,1663,FOLD
