equity_bucket,mv_simple,board_family,dv_cat,median,count,q25,q75,iqr,pred_3,confidence
best_hands,2P_plus,dry_high,flush_draw,0.2903,43,0.0014,0.98915,0.98775,MIX,LOW
best_hands,2P_plus,dry_high,no_draw,0.4809,6462,0.007,0.95125,0.94425,MIX,LOW
best_hands,2P_plus,dry_high,twocards_bdfd,0.8982,126,0.5326500000000001,0.9992,0.4665499999999999,HIGH,LOW
best_hands,2P_plus,dynamic,flush_draw,0.4233,98,0.002125,0.9537749999999999,0.9516499999999999,MIX,LOW
best_hands,2P_plus,dynamic,gutshot,0.8474,161,0.0016,0.9048,0.9032,HIGH,LOW
best_hands,2P_plus,dynamic,no_draw,0.57035,5820,0.0121,0.9264,0.9143,MIX,LOW
best_hands,2P_plus,dynamic,oesd,0.4345,112,0.0003,0.71635,0.7160500000000001,MIX,LOW
best_hands,2P_plus,dynamic,twocards_bdfd,0.87035,278,0.597925,0.9921,0.39417499999999994,HIGH,LOW
best_hands,2P_plus,dynamic_2tone,no_draw,0.6874,95,0.6002,0.7603,0.16010000000000002,MIX,MED
best_hands,2P_plus,dynamic_2tone,onecard_bdfd,0.86545,40,0.7272,0.912,0.18480000000000008,HIGH,MED
best_hands,2P_plus,low_dry,no_draw,0.5529,104,0.32130000000000003,0.978625,0.6573249999999999,MIX,LOW
best_hands,2P_plus,monotone,no_draw,0.2006,1277,0.0008,0.6038,0.603,LOW,LOW
best_hands,2P_plus,paired,no_draw,0.8549,1063,0.0082,0.9758,0.9676,HIGH,LOW
best_hands,2P_plus,paired,twocards_bdfd,0.8847,197,0.6359,0.9809,0.345,HIGH,LOW
best_hands,ace_high,dry_high,nut_flush_draw,0.6242,53,0.5126,0.7538,0.24120000000000008,MIX,MED
best_hands,no_made,dry_high,oesd,0.6883,101,0.593,0.9041,0.31110000000000004,MIX,LOW
best_hands,overpair,dry_high,no_draw,0.9644,561,0.7512,0.9996,0.24840000000000007,HIGH,MED
best_hands,overpair,dry_high,onecard_bdfd,0.6365,39,0.32375,0.7558,0.43205000000000005,MIX,LOW
best_hands,overpair,dynamic,gutshot,0.93955,52,0.487325,0.9964,0.5090749999999999,HIGH,LOW
best_hands,overpair,dynamic,no_draw,0.642,301,0.387,0.9169,0.5299,MIX,LOW
best_hands,overpair,dynamic,oesd,0.9818,59,0.9221999999999999,0.9989,0.0767000000000001,HIGH,HIGH
best_hands,overpair,low_dry,no_draw,0.7956,162,0.644525,0.9999,0.355375,HIGH,LOW
best_hands,overpair,monotone,nut_flush_draw,0.6433500000000001,30,0.5878,0.7144,0.12660000000000005,MIX,MED
best_hands,overpair,paired,no_draw,0.6689,246,0.466,0.8601,0.39409999999999995,MIX,LOW
best_hands,second_pair,dry_high,no_draw,0.1159,33,0.0423,0.2768,0.2345,LOW,MED
best_hands,second_pair,dynamic,no_draw,0.9992,140,0.996,0.9993,0.0032999999999999696,HIGH,HIGH
best_hands,second_pair,monotone,nut_flush_draw,0.3764,38,0.3218,0.4559,0.13410000000000005,MIX,MED
best_hands,top_pair,dry_high,flush_draw,0.0398,101,0.0049,0.4162,0.4113,LOW,LOW
best_hands,top_pair,dry_high,gutshot,0.4368,169,0.012,0.6943,0.6823,MIX,LOW
best_hands,top_pair,dry_high,no_draw,0.548,5589,0.1589,0.8137,0.6547999999999999,MIX,LOW
best_hands,top_pair,dry_high,onecard_bdfd,0.4434,74,0.289725,0.67345,0.383725,MIX,LOW
best_hands,top_pair,dry_high,twocards_bdfd,0.8343499999999999,910,0.46125,0.96725,0.506,HIGH,LOW
best_hands,top_pair,dynamic,gutshot,0.9246,157,0.767,0.9974,0.23039999999999994,HIGH,MED
best_hands,top_pair,dynamic,no_draw,0.90325,354,0.38437499999999997,0.9992,0.614825,HIGH,LOW
best_hands,top_pair,dynamic,oesd,0.6106,89,0.0932,0.9178,0.8246,MIX,LOW
best_hands,top_pair,low_dry,no_draw,0.6008,156,0.331125,0.774575,0.44345,MIX,LOW
best_hands,top_pair,low_dry,twocards_bdfd,0.7036,58,0.46065,0.8699749999999999,0.40932499999999994,MIX,LOW
best_hands,top_pair,monotone,flush_draw,0.2891,71,0.047,0.3929,0.34590000000000004,MIX,LOW
best_hands,top_pair,monotone,no_draw,0.28259999999999996,32,0.0515,0.36164999999999997,0.31015,MIX,LOW
best_hands,top_pair,monotone,nut_flush_draw,0.858,47,0.7055,0.9119999999999999,0.2064999999999999,HIGH,MED
best_hands,weak_pair,paired,no_draw,0.9361,89,0.8621,0.9992,0.1371,HIGH,MED
good_hands,2P_plus,dry_high,no_draw,0.127,569,0.0008,0.8709,0.8701,LOW,LOW
good_hands,2P_plus,dynamic,no_draw,0.14865,2584,0.0004,0.7089,0.7085,LOW,LOW
good_hands,2P_plus,dynamic,twocards_bdfd,0.49795,70,0.106725,0.8817999999999999,0.775075,MIX,LOW
good_hands,2P_plus,dynamic_2tone,no_draw,0.4745,82,0.376475,0.5957,0.219225,MIX,MED
good_hands,2P_plus,monotone,no_draw,0.0003,559,0.0002,0.006,0.0058000000000000005,LOW,HIGH
good_hands,2P_plus,paired,no_draw,0.0005,299,0.0003,0.0017,0.0014,LOW,HIGH
good_hands,ace_high,dry_high,combo_draw,0.00645,64,0.001625,0.8438749999999999,0.8422499999999999,LOW,LOW
good_hands,ace_high,dry_high,gutshot,0.68955,388,0.529625,0.835575,0.30594999999999994,MIX,LOW
good_hands,ace_high,dry_high,no_draw,0.882,66,0.8313999999999999,0.89485,0.06345000000000012,HIGH,HIGH
good_hands,ace_high,dry_high,nut_flush_draw,0.53945,32,0.00085,0.99825,0.9974,MIX,LOW
good_hands,ace_high,dry_high,onecard_bdfd,0.3777,30,0.2541,0.4857,0.23160000000000003,MIX,MED
good_hands,ace_high,dry_high,twocards_bdfd,0.7217,49,0.5071,0.9159,0.40880000000000005,MIX,LOW
good_hands,ace_high,dynamic,gutshot,0.53285,370,0.312375,0.7574749999999999,0.4450999999999999,MIX,LOW
good_hands,ace_high,dynamic,no_draw,0.6831,76,0.51695,0.739825,0.22287499999999993,MIX,MED
good_hands,ace_high,dynamic,oesd,0.3956,265,0.247,0.6888,0.44179999999999997,MIX,LOW
good_hands,ace_high,dynamic,twocards_bdfd,0.2745,63,0.03695,0.66195,0.625,MIX,LOW
good_hands,ace_high,dynamic_2tone,oesd,0.7427,55,0.506,0.7752,0.2692,MIX,MED
good_hands,ace_high,low_dry,gutshot,0.5717,71,0.4839,0.7555499999999999,0.27164999999999995,MIX,MED
good_hands,ace_high,low_dry,twocards_bdfd,0.0725,48,0.0056,0.4761,0.47050000000000003,LOW,LOW
good_hands,ace_high,monotone,combo_draw,0.3767,157,0.0018,0.5713,0.5695,MIX,LOW
good_hands,ace_high,monotone,flush_draw,0.2741,79,0.0015,0.4407,0.4392,MIX,LOW
good_hands,ace_high,monotone,nut_flush_draw,0.4143,268,0.0024,0.7354,0.7330000000000001,MIX,LOW
good_hands,ace_high,paired,gutshot,0.7848,64,0.59965,0.8328,0.23314999999999997,HIGH,MED
good_hands,ace_high,paired,no_draw,0.5983,539,0.40335,0.7911,0.38775000000000004,MIX,LOW
good_hands,ace_high,paired,twocards_bdfd,0.6187,216,0.3528,0.874875,0.522075,MIX,LOW
good_hands,king_high,dry_high,combo_draw,0.0262,35,0.00385,0.8171999999999999,0.8133499999999999,LOW,LOW
good_hands,king_high,dry_high,gutshot,0.7201500000000001,60,0.5845750000000001,0.805775,0.22119999999999995,MIX,MED
good_hands,king_high,dry_high,oesd,0.70635,30,0.67055,0.817425,0.14687499999999998,MIX,MED
good_hands,king_high,dynamic,combo_draw,0.866,31,0.0144,0.9742500000000001,0.9598500000000001,HIGH,LOW
good_hands,king_high,dynamic,gutshot,0.92245,66,0.744775,0.95245,0.20767500000000005,HIGH,MED
good_hands,king_high,dynamic,oesd,0.725,177,0.4551,0.8979,0.4428,MIX,LOW
good_hands,king_high,dynamic_2tone,combo_draw,0.68545,30,0.5182,0.7761,0.2579,MIX,MED
good_hands,king_high,dynamic_2tone,oesd,0.7875,30,0.67015,0.8420749999999999,0.17192499999999988,HIGH,MED
good_hands,king_high,monotone,combo_draw,0.3194,81,0.0018,0.6867,0.6849,MIX,LOW
good_hands,king_high,monotone,flush_draw,0.6255,90,0.1169,0.8448,0.7279,MIX,LOW
good_hands,no_made,dry_high,combo_draw,0.048,55,0.0089,0.4652,0.4563,LOW,LOW
good_hands,no_made,dry_high,flush_draw,0.6715,77,0.4988,0.8405,0.3417,MIX,LOW
good_hands,no_made,dry_high,gutshot,0.83075,316,0.6215,0.9471,0.3256,HIGH,LOW
good_hands,no_made,dry_high,oesd,0.6298,481,0.4039,0.8018,0.3979,MIX,LOW
good_hands,no_made,dynamic,combo_draw,0.6635,65,0.0348,0.9774,0.9426000000000001,MIX,LOW
good_hands,no_made,dynamic,gutshot,0.6956,159,0.5662,0.86155,0.29535,MIX,MED
good_hands,no_made,dynamic,oesd,0.6524,410,0.460625,0.85385,0.393225,MIX,LOW
good_hands,no_made,dynamic_2tone,combo_draw,0.67535,38,0.37875000000000003,0.807475,0.428725,MIX,LOW
good_hands,no_made,low_dry,gutshot,0.67815,64,0.48672499999999996,0.7978,0.311075,MIX,LOW
good_hands,no_made,low_dry,oesd,0.3617,31,0.2858,0.42484999999999995,0.13904999999999995,MIX,MED
good_hands,no_made,monotone,combo_draw,0.4165,162,0.0025,0.7025,0.7000000000000001,MIX,LOW
good_hands,no_made,monotone,flush_draw,0.6603,63,0.4661,0.8131,0.34700000000000003,MIX,LOW
good_hands,no_made,paired,gutshot,0.8915,86,0.8266,0.970275,0.143675,HIGH,MED
good_hands,no_made,paired,oesd,0.6304,36,0.257925,0.9191,0.6611750000000001,MIX,LOW
good_hands,overpair,dry_high,no_draw,0.5611,87,0.36075,0.6723,0.31155,MIX,LOW
good_hands,overpair,dynamic,gutshot,0.9586,200,0.617075,0.996275,0.3792,HIGH,LOW
good_hands,overpair,dynamic,no_draw,0.57405,730,0.29779999999999995,0.772725,0.47492500000000004,MIX,LOW
good_hands,overpair,dynamic,oesd,0.41564999999999996,194,0.004425,0.9043749999999999,0.8999499999999999,MIX,LOW
good_hands,overpair,dynamic_2tone,gutshot,0.7211,30,0.6386,0.785,0.14640000000000009,MIX,MED
good_hands,overpair,dynamic_2tone,oesd,0.69845,30,0.5331,0.8424,0.3093,MIX,LOW
good_hands,overpair,low_dry,no_draw,0.348,108,0.22460000000000002,0.45395,0.22935,MIX,MED
good_hands,overpair,monotone,flush_draw,0.2529,49,0.0001,0.654,0.6539,MIX,LOW
good_hands,overpair,monotone,no_draw,0.3326,96,0.004775,0.571725,0.5669500000000001,MIX,LOW
good_hands,overpair,paired,no_draw,0.5812,174,0.3656,0.74785,0.38225000000000003,MIX,LOW
good_hands,second_pair,dry_high,flush_draw,0.0013,65,0.0002,0.0021,0.0018999999999999998,LOW,HIGH
good_hands,second_pair,dry_high,gutshot,0.0002,264,0.0001,0.056675,0.056575,LOW,HIGH
good_hands,second_pair,dry_high,no_draw,0.0063,3837,0.0002,0.4152,0.41500000000000004,LOW,LOW
good_hands,second_pair,dry_high,oesd,0.0002,89,0.0001,0.0043,0.0042,LOW,HIGH
good_hands,second_pair,dry_high,onecard_bdfd,0.50925,38,0.2666,0.7742249999999999,0.507625,MIX,LOW
good_hands,second_pair,dry_high,twocards_bdfd,0.757,636,0.1844,0.9494,0.765,HIGH,LOW
good_hands,second_pair,dynamic,flush_draw,0.0015,32,0.000575,0.00525,0.004675,LOW,HIGH
good_hands,second_pair,dynamic,gutshot,0.3091,803,0.0003,0.67535,0.67505,MIX,LOW
good_hands,second_pair,dynamic,no_draw,0.0482,1215,0.0001,0.9583999999999999,0.9582999999999999,LOW,LOW
good_hands,second_pair,dynamic,oesd,0.0008,491,0.0001,0.5565,0.5564,LOW,LOW
good_hands,second_pair,dynamic,twocards_bdfd,0.40095000000000003,216,0.09809999999999999,0.780975,0.682875,MIX,LOW
good_hands,second_pair,dynamic_2tone,gutshot,0.5836,45,0.4508,0.6116,0.16080000000000005,MIX,MED
good_hands,second_pair,dynamic_2tone,oesd,0.3669,93,0.238,0.571,0.33299999999999996,MIX,LOW
good_hands,second_pair,low_dry,no_draw,0.3594,101,0.0375,0.7442,0.7067,MIX,LOW
good_hands,second_pair,low_dry,twocards_bdfd,0.36925,84,0.051775,0.843675,0.7918999999999999,MIX,LOW
good_hands,second_pair,monotone,flush_draw,0.00065,216,0.0001,0.188375,0.188275,LOW,MED
good_hands,second_pair,monotone,no_draw,0.1515,214,0.0002,0.2281,0.2279,LOW,MED
good_hands,second_pair,paired,no_draw,0.32655,564,0.0001,0.8801,0.88,MIX,LOW
good_hands,second_pair,paired,twocards_bdfd,0.4851,248,0.1273,0.898075,0.770775,MIX,LOW
good_hands,third_pair,dry_high,flush_draw,0.0010999999999999998,38,0.000525,0.00485,0.004325,LOW,HIGH
good_hands,third_pair,dry_high,gutshot,0.0002,106,2.5e-05,0.334075,0.33405,LOW,LOW
good_hands,third_pair,dry_high,no_draw,0.48815,436,0.0003,0.718475,0.718175,MIX,LOW
good_hands,third_pair,dry_high,oesd,0.0001,60,0.0001,0.0002,0.0001,LOW,HIGH
good_hands,third_pair,dry_high,onecard_bdfd,0.7012,49,0.5231,0.7535,0.23039999999999994,MIX,MED
good_hands,third_pair,dry_high,twocards_bdfd,0.758,280,0.2303,0.9907,0.7604,HIGH,LOW
good_hands,third_pair,dynamic,gutshot,0.0201,546,0.0001,0.6117,0.6116,LOW,LOW
good_hands,third_pair,dynamic,no_draw,0.0011,296,0.0002,0.610125,0.609925,LOW,LOW
good_hands,third_pair,dynamic,oesd,0.0003,468,0.0001,0.447275,0.447175,LOW,LOW
good_hands,third_pair,dynamic,twocards_bdfd,0.357,98,0.060775,0.80525,0.744475,MIX,LOW
good_hands,third_pair,dynamic_2tone,oesd,0.17635,32,0.0534,0.376825,0.323425,LOW,LOW
good_hands,third_pair,low_dry,no_draw,0.3392,75,0.26795,0.7028,0.43484999999999996,MIX,LOW
good_hands,third_pair,low_dry,twocards_bdfd,0.7401,32,0.38139999999999996,0.94025,0.5588500000000001,MIX,LOW
good_hands,third_pair,monotone,flush_draw,0.0429,206,0.0002,0.2135,0.2133,LOW,MED
good_hands,third_pair,monotone,nut_flush_draw,0.0013,38,0.0007,0.207,0.20629999999999998,LOW,MED
good_hands,third_pair,paired,no_draw,0.677,181,0.5077,0.9214,0.41369999999999996,MIX,LOW
good_hands,top_pair,dry_high,flush_draw,0.0001,52,0.0001,0.0002,0.0001,LOW,HIGH
good_hands,top_pair,dry_high,gutshot,0.0007,229,0.0001,0.1373,0.13720000000000002,LOW,MED
good_hands,top_pair,dry_high,no_draw,0.0243,4980,0.0002,0.5188999999999999,0.5186999999999999,LOW,LOW
good_hands,top_pair,dry_high,oesd,0.0004,95,5e-05,0.0027,0.00265,LOW,HIGH
good_hands,top_pair,dry_high,onecard_bdfd,0.20205,40,0.031425,0.3971,0.36567500000000003,LOW,LOW
good_hands,top_pair,dry_high,twocards_bdfd,0.3386,350,0.08107500000000001,0.600725,0.51965,MIX,LOW
good_hands,top_pair,dynamic,gutshot,0.36555,850,0.0005,0.71075,0.71025,MIX,LOW
good_hands,top_pair,dynamic,no_draw,0.4597,2407,0.0005,0.8585499999999999,0.85805,MIX,LOW
good_hands,top_pair,dynamic,oesd,0.1471,517,0.0001,0.7052,0.7051000000000001,LOW,LOW
good_hands,top_pair,dynamic,twocards_bdfd,0.7677499999999999,334,0.50935,0.937875,0.42852500000000004,HIGH,LOW
good_hands,top_pair,dynamic_2tone,gutshot,0.5331,69,0.4458,0.6259,0.18010000000000004,MIX,MED
good_hands,top_pair,dynamic_2tone,no_draw,0.3395,74,0.2856,0.4652,0.17959999999999998,MIX,MED
good_hands,top_pair,dynamic_2tone,oesd,0.4371,69,0.3088,0.6499,0.3411,MIX,LOW
good_hands,top_pair,low_dry,no_draw,0.3577,154,0.154475,0.55,0.395525,MIX,LOW
good_hands,top_pair,low_dry,twocards_bdfd,0.6813,49,0.365,0.8627,0.49770000000000003,MIX,LOW
good_hands,top_pair,monotone,flush_draw,0.0028,262,0.0001,0.26295,0.26285000000000003,LOW,MED
good_hands,top_pair,monotone,no_draw,0.2567,1067,0.0006,0.4281,0.4275,MIX,LOW
good_hands,weak_pair,dry_high,flush_draw,0.0003,41,0.0001,0.0025,0.0024000000000000002,LOW,HIGH
good_hands,weak_pair,dry_high,no_draw,0.1958,1653,0.0003,0.5664,0.5661,LOW,LOW
good_hands,weak_pair,dry_high,onecard_bdfd,0.5663,75,0.06855,0.8001499999999999,0.7315999999999999,MIX,LOW
good_hands,weak_pair,dynamic,gutshot,0.0069,279,0.0003,0.61275,0.61245,LOW,LOW
good_hands,weak_pair,dynamic,no_draw,0.2642,30,0.128025,0.3578,0.229775,MIX,MED
good_hands,weak_pair,dynamic,oesd,0.0009,239,0.00015000000000000001,0.23275,0.2326,LOW,MED
good_hands,weak_pair,low_dry,no_draw,0.14200000000000002,94,0.0305,0.436175,0.405675,LOW,LOW
good_hands,weak_pair,monotone,flush_draw,0.234,119,0.0513,0.3842,0.3329,LOW,LOW
good_hands,weak_pair,paired,no_draw,0.8316,375,0.5315,0.9898499999999999,0.4583499999999999,HIGH,LOW
trash_hands,2P_plus,dry_high,no_draw,0.82665,48,0.1385,0.913325,0.7748250000000001,HIGH,LOW
trash_hands,2P_plus,dynamic,no_draw,0.0001,52,0.0001,0.0001,0.0,LOW,HIGH
trash_hands,ace_high,dry_high,gutshot,0.0016,1322,0.0004,0.6008249999999999,0.600425,LOW,LOW
trash_hands,ace_high,dry_high,no_draw,0.0464,9372,0.0006,0.5661,0.5655,LOW,LOW
trash_hands,ace_high,dry_high,oesd,0.0009,94,0.0007,0.001375,0.0006749999999999999,LOW,HIGH
trash_hands,ace_high,dry_high,onecard_bdfd,0.557,45,0.3813,0.9557,0.5744,MIX,LOW
trash_hands,ace_high,dry_high,twocards_bdfd,0.2272,716,0.03115,0.507275,0.476125,LOW,LOW
trash_hands,ace_high,dynamic,gutshot,0.07765,1924,0.0004,0.5923499999999999,0.59195,LOW,LOW
trash_hands,ace_high,dynamic,no_draw,0.001,5447,0.0002,0.22725,0.22705,LOW,MED
trash_hands,ace_high,dynamic,oesd,0.1056,641,0.0001,0.7712,0.7711,LOW,LOW
trash_hands,ace_high,dynamic,twocards_bdfd,0.19724999999999998,436,0.016050000000000002,0.5258499999999999,0.5097999999999999,LOW,LOW
trash_hands,ace_high,dynamic_2tone,gutshot,0.4372,81,0.1337,0.5936,0.4599,MIX,LOW
trash_hands,ace_high,dynamic_2tone,no_draw,0.2028,198,0.06787499999999999,0.506725,0.43884999999999996,LOW,LOW
trash_hands,ace_high,dynamic_2tone,onecard_bdfd,0.7403,120,0.531425,0.85225,0.3208249999999999,MIX,LOW
trash_hands,ace_high,low_dry,no_draw,0.0984,565,0.0289,0.2963,0.2674,LOW,MED
trash_hands,ace_high,low_dry,twocards_bdfd,0.0912,153,0.0341,0.3135,0.2794,LOW,MED
trash_hands,ace_high,monotone,flush_draw,0.0007,108,0.0001,0.218825,0.218725,LOW,MED
trash_hands,ace_high,monotone,gutshot,0.1875,237,0.0002,0.484,0.4838,LOW,LOW
trash_hands,ace_high,monotone,no_draw,0.0012,1180,0.0002,0.3558,0.3556,LOW,LOW
trash_hands,ace_high,paired,gutshot,0.0,62,0.0,0.0003,0.0003,LOW,HIGH
trash_hands,ace_high,paired,no_draw,0.0025,1074,0.0001,0.97765,0.97755,LOW,LOW
trash_hands,ace_high,paired,twocards_bdfd,0.99485,96,0.0974,0.9994,0.9019999999999999,HIGH,LOW
trash_hands,king_high,dry_high,gutshot,0.0063,398,0.0007,0.185375,0.184675,LOW,MED
trash_hands,king_high,dry_high,no_draw,0.0761,3550,0.0013,0.5054000000000001,0.5041000000000001,LOW,LOW
trash_hands,king_high,dry_high,oesd,0.002,216,0.0017,0.0023,0.0006000000000000001,LOW,HIGH
trash_hands,king_high,dry_high,twocards_bdfd,0.1703,646,0.003225,0.4981,0.494875,LOW,LOW
trash_hands,king_high,dynamic,gutshot,0.0144,1967,0.0004,0.70795,0.70755,LOW,LOW
trash_hands,king_high,dynamic,no_draw,0.02,4119,0.0004,0.55385,0.55345,LOW,LOW
trash_hands,king_high,dynamic,oesd,0.1251,933,0.0008,0.8379,0.8371,LOW,LOW
trash_hands,king_high,dynamic,twocards_bdfd,0.215,394,0.002025,0.492925,0.4909,LOW,LOW
trash_hands,king_high,dynamic_2tone,gutshot,0.5167999999999999,54,0.280875,0.6138750000000001,0.3330000000000001,MIX,LOW
trash_hands,king_high,dynamic_2tone,no_draw,0.2243,30,0.025575,0.414975,0.38939999999999997,LOW,LOW
trash_hands,king_high,low_dry,no_draw,0.0799,478,0.01565,0.42747500000000005,0.41182500000000005,LOW,LOW
trash_hands,king_high,low_dry,twocards_bdfd,0.07035,164,0.003375,0.43772500000000003,0.43435,LOW,LOW
trash_hands,king_high,monotone,flush_draw,0.0006,126,0.0002,0.0023,0.0021,LOW,HIGH
trash_hands,king_high,monotone,gutshot,0.0029,165,0.0002,0.4306,0.4304,LOW,LOW
trash_hands,king_high,monotone,no_draw,0.00045,486,0.0002,0.3678,0.36760000000000004,LOW,LOW
trash_hands,king_high,paired,no_draw,0.0918,907,0.0004,0.56185,0.56145,LOW,LOW
trash_hands,king_high,paired,twocards_bdfd,0.4366,87,0.258,0.6261,0.3681,MIX,LOW
trash_hands,no_made,dry_high,combo_draw,0.00065,60,0.0001,0.11225,0.11215,LOW,MED
trash_hands,no_made,dry_high,flush_draw,0.0073,364,0.0001,0.403975,0.403875,LOW,LOW
trash_hands,no_made,dry_high,gutshot,0.008150000000000001,3804,0.0007,0.485425,0.484725,LOW,LOW
trash_hands,no_made,dry_high,no_draw,0.0114,21290,0.0004,0.559125,0.558725,LOW,LOW
trash_hands,no_made,dry_high,oesd,0.017750000000000002,742,0.0004,0.427025,0.426625,LOW,LOW
trash_hands,no_made,dry_high,twocards_bdfd,0.3941,1620,0.026725,0.7224,0.695675,MIX,LOW
trash_hands,no_made,dynamic,flush_draw,0.0031,59,0.0002,0.95505,0.95485,LOW,LOW
trash_hands,no_made,dynamic,gutshot,0.0125,2915,0.0004,0.55615,0.5557500000000001,LOW,LOW
trash_hands,no_made,dynamic,no_draw,0.02785,4790,0.0004,0.7411749999999999,0.740775,LOW,LOW
trash_hands,no_made,dynamic,oesd,0.0209,2013,0.0009,0.6076,0.6067,LOW,LOW
trash_hands,no_made,dynamic,twocards_bdfd,0.5738000000000001,470,0.080825,0.85075,0.769925,MIX,LOW
trash_hands,no_made,dynamic_2tone,gutshot,0.5798,37,0.3437,0.7119,0.36819999999999997,MIX,LOW
trash_hands,no_made,low_dry,gutshot,0.1997,137,0.1502,0.2881,0.13790000000000002,LOW,MED
trash_hands,no_made,low_dry,no_draw,0.18080000000000002,302,0.080125,0.539125,0.45899999999999996,LOW,LOW
trash_hands,no_made,low_dry,twocards_bdfd,0.08065,116,0.0065,0.498625,0.492125,LOW,LOW
trash_hands,no_made,monotone,combo_draw,0.0002,165,0.0002,0.0019,0.0017,LOW,HIGH
trash_hands,no_made,monotone,flush_draw,0.001,279,0.0003,0.0034,0.0031,LOW,HIGH
trash_hands,no_made,monotone,gutshot,0.0006,532,0.0002,0.388,0.38780000000000003,LOW,LOW
trash_hands,no_made,monotone,no_draw,0.0002,1536,0.0001,0.10455,0.10445,LOW,MED
trash_hands,no_made,monotone,oesd,0.0002,156,0.0,0.1882,0.1882,LOW,MED
trash_hands,no_made,paired,flush_draw,0.0006,92,0.0001,0.001425,0.001325,LOW,HIGH
trash_hands,no_made,paired,gutshot,0.0006,172,0.0001,0.0007,0.0006,LOW,HIGH
trash_hands,no_made,paired,no_draw,0.0006,2987,0.0002,0.28475,0.28455,LOW,MED
trash_hands,no_made,paired,oesd,0.0011,47,0.0005,0.0056,0.0051,LOW,HIGH
trash_hands,no_made,paired,twocards_bdfd,0.0025,583,0.0002,0.7141,0.7139,LOW,LOW
trash_hands,overpair,dynamic,no_draw,0.11445,96,0.000575,0.885625,0.88505,LOW,LOW
trash_hands,second_pair,dry_high,no_draw,0.0024,1705,0.0001,0.4869,0.4868,LOW,LOW
trash_hands,second_pair,dry_high,twocards_bdfd,0.21765,236,0.096875,0.382575,0.2857,LOW,MED
trash_hands,second_pair,dynamic,gutshot,0.0009,98,0.0001,0.52795,0.52785,LOW,LOW
trash_hands,second_pair,dynamic,no_draw,0.0764,867,0.0001,0.97475,0.97465,LOW,LOW
trash_hands,second_pair,dynamic,oesd,0.0041,37,0.0001,0.9503,0.9502,LOW,LOW
trash_hands,second_pair,dynamic,twocards_bdfd,0.1211,89,0.0286,0.5015,0.47289999999999993,LOW,LOW
trash_hands,second_pair,low_dry,no_draw,0.2514,41,0.1317,0.4147,0.28300000000000003,MIX,MED
trash_hands,second_pair,low_dry,twocards_bdfd,0.1912,73,0.166,0.3201,0.1541,LOW,MED
trash_hands,second_pair,monotone,no_draw,0.0004,322,0.0001,0.0006,0.0004999999999999999,LOW,HIGH
trash_hands,second_pair,paired,no_draw,0.00030000000000000003,232,0.0001,0.0004,0.00030000000000000003,LOW,HIGH
trash_hands,third_pair,dry_high,gutshot,0.10845,182,0.0001,0.82755,0.82745,LOW,LOW
trash_hands,third_pair,dry_high,no_draw,0.0003,5150,0.0001,0.016849999999999997,0.016749999999999998,LOW,HIGH
trash_hands,third_pair,dry_high,twocards_bdfd,0.266,158,0.1163,0.393475,0.277175,MIX,MED
trash_hands,third_pair,dynamic,gutshot,0.00555,170,0.0001,0.168875,0.168775,LOW,MED
trash_hands,third_pair,dynamic,no_draw,0.0006,1485,0.0,0.0345,0.0345,LOW,HIGH
trash_hands,third_pair,dynamic,oesd,0.6052,77,0.008,0.7977,0.7897,MIX,LOW
trash_hands,third_pair,dynamic,twocards_bdfd,0.06085,92,0.023375,0.40302499999999997,0.37965,LOW,LOW
trash_hands,third_pair,low_dry,no_draw,0.037,131,0.01165,0.1287,0.11705000000000002,LOW,MED
trash_hands,third_pair,low_dry,twocards_bdfd,0.20725,34,0.11370000000000001,0.28115,0.16745,LOW,MED
trash_hands,third_pair,monotone,gutshot,0.0007,30,0.0007,0.2205,0.2198,LOW,MED
trash_hands,third_pair,monotone,no_draw,0.0003,962,0.0001,0.0016,0.0015,LOW,HIGH
trash_hands,third_pair,paired,no_draw,0.0001,443,0.0,0.0003,0.0003,LOW,HIGH
trash_hands,top_pair,dry_high,no_draw,0.05605,438,0.001025,0.7357750000000001,0.73475,LOW,LOW
trash_hands,top_pair,dynamic,gutshot,0.0576,38,0.0001,0.795625,0.795525,LOW,LOW
trash_hands,top_pair,dynamic,no_draw,0.3749,437,0.0001,0.9879,0.9878,MIX,LOW
trash_hands,top_pair,dynamic,twocards_bdfd,0.04395,36,0.01135,0.214175,0.202825,LOW,MED
trash_hands,top_pair,monotone,no_draw,0.0002,103,0.0001,0.0003,0.00019999999999999998,LOW,HIGH
trash_hands,top_pair,paired,no_draw,0.0001,46,0.0001,0.0001,0.0,LOW,HIGH
trash_hands,weak_pair,dry_high,gutshot,0.0007,212,0.0001,0.38215,0.38205,LOW,LOW
trash_hands,weak_pair,dry_high,no_draw,0.0005,5430,0.0001,0.0346,0.034499999999999996,LOW,HIGH
trash_hands,weak_pair,dry_high,oesd,0.001,32,0.00027499999999999996,0.0012499999999999998,0.0009749999999999998,LOW,HIGH
trash_hands,weak_pair,dynamic,gutshot,0.0002,472,0.0,0.025925,0.025925,LOW,HIGH
trash_hands,weak_pair,dynamic,no_draw,0.0003,4260,0.0,0.03215,0.03215,LOW,HIGH
trash_hands,weak_pair,dynamic,oesd,0.049,167,0.0002,0.48524999999999996,0.48505,LOW,LOW
trash_hands,weak_pair,dynamic_2tone,no_draw,0.008,75,0.001,0.1029,0.1019,LOW,MED
trash_hands,weak_pair,dynamic_2tone,onecard_bdfd,0.3188,69,0.0061,0.6643,0.6582,MIX,LOW
trash_hands,weak_pair,low_dry,no_draw,0.24085,66,0.00445,0.4727,0.46825,LOW,LOW
trash_hands,weak_pair,monotone,flush_draw,0.0009,57,0.0,0.0704,0.0704,LOW,HIGH
trash_hands,weak_pair,monotone,no_draw,0.0006,483,0.0001,0.0992,0.0991,LOW,HIGH
trash_hands,weak_pair,paired,no_draw,0.0001,126,0.0,0.0001,0.0001,LOW,HIGH
weak_hands,2P_plus,dynamic,no_draw,0.0001,498,0.0001,0.01035,0.01025,LOW,HIGH
weak_hands,2P_plus,monotone,no_draw,0.0001,197,0.0001,0.0002,0.0001,LOW,HIGH
weak_hands,2P_plus,paired,no_draw,0.0014,50,0.0004,0.0015,0.0011,LOW,HIGH
weak_hands,ace_high,dry_high,gutshot,0.0057,304,0.0002,0.443825,0.44362500000000005,LOW,LOW
weak_hands,ace_high,dry_high,no_draw,0.3972,1468,0.0281,0.6819999999999999,0.6538999999999999,MIX,LOW
weak_hands,ace_high,dry_high,nut_flush_draw,0.0111,85,0.0004,0.9759,0.9755,LOW,LOW
weak_hands,ace_high,dry_high,onecard_bdfd,0.534,219,0.2523,0.8351,0.5828,MIX,LOW
weak_hands,ace_high,dry_high,twocards_bdfd,0.26975,748,0.064975,0.6147750000000001,0.5498000000000001,MIX,LOW
weak_hands,ace_high,dynamic,gutshot,0.44455,1012,0.21747499999999997,0.9002,0.682725,MIX,LOW
weak_hands,ace_high,dynamic,no_draw,0.1667,549,0.0036,0.4285,0.4249,LOW,LOW
weak_hands,ace_high,dynamic,oesd,0.3963,368,0.161025,0.69815,0.5371250000000001,MIX,LOW
weak_hands,ace_high,dynamic,twocards_bdfd,0.0129,131,0.0010500000000000002,0.14429999999999998,0.14325,LOW,MED
weak_hands,ace_high,dynamic_2tone,gutshot,0.5106,70,0.3381,0.703,0.36489999999999995,MIX,LOW
weak_hands,ace_high,dynamic_2tone,oesd,0.5007,87,0.2487,0.7277,0.479,MIX,LOW
weak_hands,ace_high,low_dry,no_draw,0.1619,307,0.0276,0.46595,0.43834999999999996,LOW,LOW
weak_hands,ace_high,low_dry,twocards_bdfd,0.2095,81,0.0656,0.6859,0.6203,LOW,LOW
weak_hands,ace_high,monotone,flush_draw,0.0642,146,0.0008,0.4272,0.4264,LOW,LOW
weak_hands,ace_high,monotone,gutshot,0.1346,63,0.0379,0.2212,0.18330000000000002,LOW,MED
weak_hands,ace_high,monotone,nut_flush_draw,0.6277,65,0.0069,0.9387,0.9318,MIX,LOW
weak_hands,ace_high,paired,no_draw,0.5347,872,0.2308,0.8242,0.5934,MIX,LOW
weak_hands,ace_high,paired,twocards_bdfd,0.4111,249,0.1464,0.8456,0.6992,MIX,LOW
weak_hands,king_high,dry_high,gutshot,0.6556500000000001,164,0.390725,0.9251750000000001,0.5344500000000001,MIX,LOW
weak_hands,king_high,dry_high,no_draw,0.55245,452,0.26677500000000004,0.7357,0.468925,MIX,LOW
weak_hands,king_high,dry_high,oesd,0.0024,143,0.001,0.5013000000000001,0.5003000000000001,LOW,LOW
weak_hands,king_high,dry_high,onecard_bdfd,0.8564,60,0.7013,0.914825,0.21352499999999996,HIGH,MED
weak_hands,king_high,dry_high,twocards_bdfd,0.5988,540,0.3572,0.77325,0.41605,MIX,LOW
weak_hands,king_high,dynamic,gutshot,0.6456500000000001,496,0.4197,0.8191499999999999,0.3994499999999999,MIX,LOW
weak_hands,king_high,dynamic,no_draw,0.139,189,0.0441,0.7301,0.6859999999999999,LOW,LOW
weak_hands,king_high,dynamic,oesd,0.6038,233,0.2054,0.8563,0.6508999999999999,MIX,LOW
weak_hands,king_high,dynamic,twocards_bdfd,0.2106,173,0.0382,0.5287,0.49049999999999994,LOW,LOW
weak_hands,king_high,dynamic_2tone,gutshot,0.4987,37,0.3869,0.5555,0.16859999999999997,MIX,MED
weak_hands,king_high,dynamic_2tone,oesd,0.5269999999999999,86,0.2742,0.7721,0.4979,MIX,LOW
weak_hands,king_high,low_dry,no_draw,0.599,121,0.4638,0.7032,0.23940000000000006,MIX,MED
weak_hands,king_high,low_dry,twocards_bdfd,0.6035,113,0.4042,0.8481,0.44389999999999996,MIX,LOW
weak_hands,king_high,monotone,combo_draw,0.0186,33,0.0001,0.1316,0.1315,LOW,MED
weak_hands,king_high,monotone,flush_draw,0.2269,39,0.0015,0.5197,0.5182000000000001,LOW,LOW
weak_hands,king_high,paired,no_draw,0.6747,281,0.4241,0.8031,0.37900000000000006,MIX,LOW
weak_hands,king_high,paired,twocards_bdfd,0.6014,237,0.3635,0.7991,0.43560000000000004,MIX,LOW
weak_hands,no_made,dry_high,combo_draw,0.0112,109,0.0002,0.4938,0.49360000000000004,LOW,LOW
weak_hands,no_made,dry_high,flush_draw,0.6613,205,0.1024,0.9253,0.8229,MIX,LOW
weak_hands,no_made,dry_high,gutshot,0.5954,765,0.422,0.8044,0.3824,MIX,LOW
weak_hands,no_made,dry_high,no_draw,0.7365,169,0.6071,0.8265,0.21940000000000004,MIX,MED
weak_hands,no_made,dry_high,oesd,0.1799,370,0.02475,0.5951249999999999,0.5703749999999999,LOW,LOW
weak_hands,no_made,dry_high,onecard_bdfd,0.7139,109,0.6282,0.7929,0.16470000000000007,MIX,MED
weak_hands,no_made,dry_high,twocards_bdfd,0.6606,1207,0.4497,0.83905,0.38935,MIX,LOW
weak_hands,no_made,dynamic,combo_draw,0.047299999999999995,64,0.001975,0.8815,0.879525,LOW,LOW
weak_hands,no_made,dynamic,gutshot,0.5266,531,0.2489,0.79655,0.54765,MIX,LOW
weak_hands,no_made,dynamic,no_draw,0.583,55,0.52385,0.7261,0.20224999999999993,MIX,MED
weak_hands,no_made,dynamic,oesd,0.5366500000000001,228,0.151925,0.90185,0.7499250000000001,MIX,LOW
weak_hands,no_made,dynamic,twocards_bdfd,0.5052,229,0.3307,0.6028,0.2721,MIX,MED
weak_hands,no_made,dynamic_2tone,oesd,0.5125,71,0.4177,0.6172,0.19949999999999996,MIX,MED
weak_hands,no_made,low_dry,no_draw,0.6217,125,0.4815,0.7021,0.22059999999999996,MIX,MED
weak_hands,no_made,low_dry,twocards_bdfd,0.6910000000000001,190,0.50925,0.82725,0.31800000000000006,MIX,LOW
weak_hands,no_made,monotone,combo_draw,0.21450000000000002,96,0.0015249999999999999,0.71845,0.716925,LOW,LOW
weak_hands,no_made,monotone,flush_draw,0.0001,105,0.0001,0.0993,0.0992,LOW,HIGH
weak_hands,no_made,monotone,gutshot,0.336,38,0.2591,0.4283,0.16920000000000002,MIX,MED
weak_hands,no_made,monotone,oesd,0.2356,132,0.00195,0.4141,0.41215,LOW,LOW
weak_hands,no_made,paired,gutshot,0.305,142,0.2284,0.9564,0.728,MIX,LOW
weak_hands,no_made,paired,no_draw,0.8831,337,0.5658,0.9994,0.4336,HIGH,LOW
weak_hands,no_made,paired,twocards_bdfd,0.7675,716,0.546625,0.913775,0.36715,HIGH,LOW
weak_hands,overpair,dynamic,gutshot,0.1585,95,0.0037500000000000003,0.3822,0.37845,LOW,LOW
weak_hands,overpair,dynamic,no_draw,0.145,313,0.038,0.7461,0.7081,LOW,LOW
weak_hands,overpair,low_dry,no_draw,0.45765,36,0.32532500000000003,0.5206500000000001,0.19532500000000003,MIX,MED
weak_hands,overpair,paired,no_draw,0.0002,30,0.0002,0.000575,0.000375,LOW,HIGH
weak_hands,second_pair,dry_high,gutshot,0.0002,77,0.0001,0.0081,0.008,LOW,HIGH
weak_hands,second_pair,dry_high,no_draw,0.0002,2301,0.0001,0.0457,0.045599999999999995,LOW,HIGH
weak_hands,second_pair,dry_high,twocards_bdfd,0.44055,120,0.24925,0.733675,0.484425,MIX,LOW
weak_hands,second_pair,dynamic,gutshot,0.0008,260,0.0001,0.156025,0.155925,LOW,MED
weak_hands,second_pair,dynamic,no_draw,0.0191,1069,0.0002,0.7925,0.7923,LOW,LOW
weak_hands,second_pair,dynamic,oesd,0.06714999999999999,104,0.0015,0.70265,0.70115,LOW,LOW
weak_hands,second_pair,dynamic,twocards_bdfd,0.7398,31,0.5419499999999999,0.84785,0.30590000000000006,MIX,LOW
weak_hands,second_pair,dynamic_2tone,no_draw,0.1881,50,0.0507,0.266,0.21530000000000002,LOW,MED
weak_hands,second_pair,monotone,no_draw,0.0011,733,0.0001,0.155,0.1549,LOW,MED
weak_hands,second_pair,paired,no_draw,0.0001,110,0.0001,0.0003,0.00019999999999999998,LOW,HIGH
weak_hands,third_pair,dry_high,flush_draw,0.0,39,0.0,0.0017,0.0017,LOW,HIGH
weak_hands,third_pair,dry_high,gutshot,0.0002,184,0.0001,0.0025,0.0024000000000000002,LOW,HIGH
weak_hands,third_pair,dry_high,no_draw,0.0005,2665,0.0001,0.1263,0.1262,LOW,MED
weak_hands,third_pair,dry_high,oesd,0.011,53,0.0004,0.0195,0.0191,LOW,HIGH
weak_hands,third_pair,dry_high,onecard_bdfd,0.526,38,0.02685,0.8203,0.79345,MIX,LOW
weak_hands,third_pair,dry_high,twocards_bdfd,0.40985,122,0.048850000000000005,0.8855999999999999,0.8367499999999999,MIX,LOW
weak_hands,third_pair,dynamic,gutshot,0.0002,429,0.0,0.0022,0.0022,LOW,HIGH
weak_hands,third_pair,dynamic,no_draw,0.0008,1210,0.0,0.248,0.248,LOW,MED
weak_hands,third_pair,dynamic,oesd,0.0,102,0.0,0.06455,0.06455,LOW,HIGH
weak_hands,third_pair,dynamic,twocards_bdfd,0.16049999999999998,126,0.003525,0.460125,0.4566,LOW,LOW
weak_hands,third_pair,dynamic_2tone,no_draw,0.0499,38,0.0401,0.0594,0.019300000000000005,LOW,HIGH
weak_hands,third_pair,dynamic_2tone,onecard_bdfd,0.1033,35,0.015200000000000002,0.28495000000000004,0.26975000000000005,LOW,MED
weak_hands,third_pair,low_dry,no_draw,0.0004,65,0.0003,0.0009,0.0006000000000000001,LOW,HIGH
weak_hands,third_pair,monotone,flush_draw,0.0003,142,2.5e-05,0.0012749999999999999,0.0012499999999999998,LOW,HIGH
weak_hands,third_pair,monotone,no_draw,0.1222,286,0.0008,0.38915,0.38835,LOW,LOW
weak_hands,third_pair,paired,no_draw,0.8323,233,0.3122,0.9938,0.6816,HIGH,LOW
weak_hands,top_pair,dry_high,no_draw,0.19645,1062,0.002525,0.45840000000000003,0.45587500000000003,LOW,LOW
weak_hands,top_pair,dry_high,twocards_bdfd,0.15089999999999998,130,0.019475,0.4237,0.404225,LOW,LOW
weak_hands,top_pair,dynamic,gutshot,0.0033,169,0.0001,0.1837,0.1836,LOW,MED
weak_hands,top_pair,dynamic,no_draw,0.2453,611,0.0001,0.9763,0.9762,LOW,LOW
weak_hands,top_pair,dynamic,oesd,0.4556,63,0.1469,0.96765,0.82075,MIX,LOW
weak_hands,top_pair,dynamic,twocards_bdfd,0.439,58,0.205125,0.6849500000000001,0.47982500000000006,MIX,LOW
weak_hands,top_pair,low_dry,no_draw,0.2471,81,0.1717,0.3407,0.169,LOW,MED
weak_hands,top_pair,low_dry,twocards_bdfd,0.3054,63,0.2059,0.45704999999999996,0.25115,MIX,MED
weak_hands,top_pair,monotone,no_draw,0.0007,325,0.0,0.0036,0.0036,LOW,HIGH
weak_hands,top_pair,paired,no_draw,0.0001,49,0.0001,0.0001,0.0,LOW,HIGH
weak_hands,weak_pair,dry_high,flush_draw,0.0001,42,0.0,0.001325,0.001325,LOW,HIGH
weak_hands,weak_pair,dry_high,gutshot,0.0,35,0.0,0.0002,0.0002,LOW,HIGH
weak_hands,weak_pair,dry_high,no_draw,0.0299,1220,0.0003,0.4289,0.4286,LOW,LOW
weak_hands,weak_pair,dynamic,gutshot,0.0013,319,0.0002,0.30405,0.30385,LOW,LOW
weak_hands,weak_pair,dynamic,no_draw,0.0003,436,0.0001,0.001,0.0009,LOW,HIGH
weak_hands,weak_pair,dynamic,oesd,0.0001,184,0.0,0.003225,0.003225,LOW,HIGH
weak_hands,weak_pair,monotone,flush_draw,0.0011,103,0.0002,0.2973,0.29710000000000003,LOW,MED
